filename,tile,domain,year,I0,J0,I1,J1,lat_sw,lon_sw,lat_se,lon_se,lat_nw,lon_nw,lat_ne,lon_ne,url
wrfout_d02_0026_2019.nc,26,d02,2019,2,262,11,271,56.22669983,-137.70820620,56.29556656,-137.09553530,56.59675026,-137.78620150,56.63852501,-137.25397875,https://nrs.objectstore.gov.bc.ca/wrfdel/aermod/d02/0026/wrfout_d02_0026_2019.nc
wrfout_d02_0027_2019.nc,27,d02,2019,2,272,11,281,56.59675026,-137.78620150,56.63852501,-137.25397875,56.94600105,-137.94355010,56.98817539,-137.40739823,https://nrs.objectstore.gov.bc.ca/wrfdel/aermod/d02/0027/wrfout_d02_0027_2019.nc
wrfout_d02_0028_2019.nc,28,d02,2019,2,282,11,291,56.94600105,-137.94355010,56.98817539,-137.40739823,57.29509926,-138.10375210,57.33764935,-137.56364823,https://nrs.objectstore.gov.bc.ca/wrfdel/aermod/d02/0028/wrfout_d02_0028_2019.nc
wrfout_d02_0029_2019.nc,29,d02,2019,2,292,11,301,57.29509926,-138.10375210,57.33764935,-137.56364823,57.64384842,-138.26695250,57.68679905,-137.72285082,https://nrs.objectstore.gov.bc.ca/wrfdel/aermod/d02/0029/wrfout_d02_0029_2019.nc
wrfout_d02_0030_2019.nc,30,d02,2019,2,302,11,311,57.64384842,-138.26695250,57.68679905,-137.72285082,57.99230003,-138.43320465,58.03565025,-137.88505175,https://nrs.objectstore.gov.bc.ca/wrfdel/aermod/d02/0030/wrfout_d02_0030_2019.nc
wrfout_d02_0031_2019.nc,31,d02,2019,2,312,11,321,57.99230003,-138.43320465,58.03565025,-137.88505175,58.34049987,-138.60255430,58.38420009,-138.05032733,https://nrs.objectstore.gov.bc.ca/wrfdel/aermod/d02/0031/wrfout_d02_0031_2019.nc
wrfout_d02_0032_2019.nc,32,d02,2019,2,322,11,331,58.34049987,-138.60255430,58.38420009,-138.05032733,58.68829918,-138.77515410,58.73242474,-138.21879960,https://nrs.objectstore.gov.bc.ca/wrfdel/aermod/d02/0032/wrfout_d02_0032_2019.nc
wrfout_d02_0033_2019.nc,33,d02,2019,2,332,11,341,58.68829918,-138.77515410,58.73242474,-138.21879960,59.03569984,-138.95110320,59.08025074,-138.39052198,https://nrs.objectstore.gov.bc.ca/wrfdel/aermod/d02/0033/wrfout_d02_0033_2019.nc
wrfout_d02_0034_2019.nc,34,d02,2019,2,342,11,351,59.03569984,-138.95110320,59.08025074,-138.39052198,59.38279914,-139.13044735,59.42774963,-138.56559752,https://nrs.objectstore.gov.bc.ca/wrfdel/aermod/d02/0034/wrfout_d02_0034_2019.nc
wrfout_d02_0035_2019.nc,35,d02,2019,2,352,11,361,59.38279914,-139.13044735,59.42774963,-138.56559752,59.72945023,-139.31329345,59.77482510,-138.74417498,https://nrs.objectstore.gov.bc.ca/wrfdel/aermod/d02/0035/wrfout_d02_0035_2019.nc
wrfout_d02_0036_2019.nc,36,d02,2019,2,362,11,371,59.72945023,-139.31329345,59.77482510,-138.74417498,60.10703278,-139.53113303,60.15259933,-138.90728253,https://nrs.objectstore.gov.bc.ca/wrfdel/aermod/d02/0036/wrfout_d02_0036_2019.nc
wrfout_d02_0037_2019.nc,37,d02,2019,2,372,11,373,60.10703278,-139.53113303,60.15259933,-138.90728253,60.10703278,-139.53113303,60.15259933,-138.90728253,https://nrs.objectstore.gov.bc.ca/wrfdel/aermod/d02/0037/wrfout_d02_0037_2019.nc
wrfout_d02_0123_2019.nc,123,d02,2019,12,232,21,241,55.25979996,-136.64289860,55.32356644,-136.04329937,55.62880134,-136.71420290,55.66792583,-136.18864822,https://nrs.objectstore.gov.bc.ca/wrfdel/aermod/d02/0123/wrfout_d02_0123_2019.nc
wrfout_d02_0124_2019.nc,124,d02,2019,12,242,21,251,55.62880134,-136.71420290,55.66792583,-136.18864822,55.97949981,-136.85810090,56.01897430,-136.32867430,https://nrs.objectstore.gov.bc.ca/wrfdel/aermod/d02/0124/wrfout_d02_0124_2019.nc
wrfout_d02_0125_2019.nc,125,d02,2019,12,252,21,261,55.97949981,-136.85810090,56.01897430,-136.32867430,56.29556656,-137.09553530,56.36982536,-136.47125245,https://nrs.objectstore.gov.bc.ca/wrfdel/aermod/d02/0125/wrfout_d02_0125_2019.nc
wrfout_d02_0126_2019.nc,126,d02,2019,12,262,21,271,56.29556656,-137.09553530,56.36982536,-136.47125245,56.63852501,-137.25397875,56.72049999,-136.61645130,https://nrs.objectstore.gov.bc.ca/wrfdel/aermod/d02/0126/wrfout_d02_0126_2019.nc
wrfout_d02_0127_2019.nc,127,d02,2019,12,272,21,281,56.63852501,-137.25397875,56.72049999,-136.61645130,56.98817539,-137.40739823,57.07089996,-136.76432420,https://nrs.objectstore.gov.bc.ca/wrfdel/aermod/d02/0127/wrfout_d02_0127_2019.nc
wrfout_d02_0128_2019.nc,128,d02,2019,12,282,21,291,56.98817539,-137.40739823,57.07089996,-136.76432420,57.33764935,-137.56364823,57.42109966,-136.91492842,https://nrs.objectstore.gov.bc.ca/wrfdel/aermod/d02/0128/wrfout_d02_0128_2019.nc
wrfout_d02_0129_2019.nc,129,d02,2019,12,292,21,301,57.33764935,-137.56364823,57.42109966,-136.91492842,57.68679905,-137.72285082,57.77102470,-137.06840513,https://nrs.objectstore.gov.bc.ca/wrfdel/aermod/d02/0129/wrfout_d02_0129_2019.nc
wrfout_d02_0130_2019.nc,130,d02,2019,12,302,21,311,57.68679905,-137.72285082,57.77102470,-137.06840513,58.03565025,-137.88505175,58.12067509,-137.22480393,https://nrs.objectstore.gov.bc.ca/wrfdel/aermod/d02/0130/wrfout_d02_0130_2019.nc
wrfout_d02_0131_2019.nc,131,d02,2019,12,312,21,321,58.03565025,-137.88505175,58.12067509,-137.22480393,58.38420009,-138.05032733,58.46997547,-137.38415148,https://nrs.objectstore.gov.bc.ca/wrfdel/aermod/d02/0131/wrfout_d02_0131_2019.nc
wrfout_d02_0132_2019.nc,132,d02,2019,12,322,21,331,58.38420009,-138.05032733,58.46997547,-137.38415148,58.73242474,-138.21879960,58.81897545,-137.54657363,https://nrs.objectstore.gov.bc.ca/wrfdel/aermod/d02/0132/wrfout_d02_0132_2019.nc
wrfout_d02_0133_2019.nc,133,d02,2019,12,332,21,341,58.73242474,-138.21879960,58.81897545,-137.54657363,59.08025074,-138.39052198,59.16762638,-137.71214675,https://nrs.objectstore.gov.bc.ca/wrfdel/aermod/d02/0133/wrfout_d02_0133_2019.nc
wrfout_d02_0134_2019.nc,134,d02,2019,12,342,21,351,59.08025074,-138.39052198,59.16762638,-137.71214675,59.42774963,-138.56559752,59.51595020,-137.88104627,https://nrs.objectstore.gov.bc.ca/wrfdel/aermod/d02/0134/wrfout_d02_0134_2019.nc
wrfout_d02_0135_2019.nc,135,d02,2019,12,352,21,361,59.42774963,-138.56559752,59.51595020,-137.88104627,59.77482510,-138.74417498,59.86384964,-138.05329892,https://nrs.objectstore.gov.bc.ca/wrfdel/aermod/d02/0135/wrfout_d02_0135_2019.nc
wrfout_d02_0136_2019.nc,136,d02,2019,12,362,21,371,59.77482510,-138.74417498,59.86384964,-138.05329892,60.15259933,-138.90728253,60.24196625,-138.21058402,https://nrs.objectstore.gov.bc.ca/wrfdel/aermod/d02/0136/wrfout_d02_0136_2019.nc
wrfout_d02_0137_2019.nc,137,d02,2019,12,372,21,373,60.15259933,-138.90728253,60.24196625,-138.21058402,60.15259933,-138.90728253,60.24196625,-138.21058402,https://nrs.objectstore.gov.bc.ca/wrfdel/aermod/d02/0137/wrfout_d02_0137_2019.nc
wrfout_d02_0216_2019.nc,216,d02,2019,22,162,31,171,52.87649918,-135.12869260,52.93289947,-134.56077067,53.24335098,-135.18959805,53.27867508,-134.68557740,https://nrs.objectstore.gov.bc.ca/wrfdel/aermod/d02/0216/wrfout_d02_0216_2019.nc
wrfout_d02_0217_2019.nc,217,d02,2019,22,172,31,181,53.24335098,-135.18959805,53.27867508,-134.68557740,53.59565163,-135.31240080,53.63125038,-134.80477522,https://nrs.objectstore.gov.bc.ca/wrfdel/aermod/d02/0217/wrfout_d02_0217_2019.nc
wrfout_d02_0218_2019.nc,218,d02,2019,22,182,31,191,53.59565163,-135.31240080,53.63125038,-134.80477522,53.94779968,-135.43724825,53.98372460,-134.92602157,https://nrs.objectstore.gov.bc.ca/wrfdel/aermod/d02/0218/wrfout_d02_0218_2019.nc
wrfout_d02_0219_2019.nc,219,d02,2019,22,192,31,201,53.94779968,-135.43724825,53.98372460,-134.92602157,54.29990006,-135.56430055,54.33615017,-135.04932405,https://nrs.objectstore.gov.bc.ca/wrfdel/aermod/d02/0219/wrfout_d02_0219_2019.nc
wrfout_d02_0220_2019.nc,220,d02,2019,22,202,31,211,54.29990006,-135.56430055,54.33615017,-135.04932405,54.65184975,-135.69355010,54.68842507,-135.17480088,https://nrs.objectstore.gov.bc.ca/wrfdel/aermod/d02/0220/wrfout_d02_0220_2019.nc
wrfout_d02_0221_2019.nc,221,d02,2019,22,212,31,221,54.65184975,-135.69355010,54.68842507,-135.17480088,55.00374985,-135.82505035,55.04062462,-135.30250168,https://nrs.objectstore.gov.bc.ca/wrfdel/aermod/d02/0221/wrfout_d02_0221_2019.nc
wrfout_d02_0222_2019.nc,222,d02,2019,22,222,31,231,55.00374985,-135.82505035,55.04062462,-135.30250168,55.32356644,-136.04329937,55.39267445,-135.43247602,https://nrs.objectstore.gov.bc.ca/wrfdel/aermod/d02/0222/wrfout_d02_0222_2019.nc
wrfout_d02_0223_2019.nc,223,d02,2019,22,232,31,241,55.32356644,-136.04329937,55.39267445,-135.43247602,55.66792583,-136.18864822,55.74460029,-135.56477355,https://nrs.objectstore.gov.bc.ca/wrfdel/aermod/d02/0223/wrfout_d02_0223_2019.nc
wrfout_d02_0224_2019.nc,224,d02,2019,22,242,31,251,55.66792583,-136.18864822,55.74460029,-135.56477355,56.01897430,-136.32867430,56.09634972,-135.69944765,https://nrs.objectstore.gov.bc.ca/wrfdel/aermod/d02/0224/wrfout_d02_0224_2019.nc
wrfout_d02_0225_2019.nc,225,d02,2019,22,252,31,261,56.01897430,-136.32867430,56.09634972,-135.69944765,56.36982536,-136.47125245,56.44787598,-135.83659745,https://nrs.objectstore.gov.bc.ca/wrfdel/aermod/d02/0225/wrfout_d02_0225_2019.nc
wrfout_d02_0226_2019.nc,226,d02,2019,22,262,31,271,56.36982536,-136.47125245,56.44787598,-135.83659745,56.72049999,-136.61645130,56.79927540,-135.97624970,https://nrs.objectstore.gov.bc.ca/wrfdel/aermod/d02/0226/wrfout_d02_0226_2019.nc
wrfout_d02_0227_2019.nc,227,d02,2019,22,272,31,281,56.72049999,-136.61645130,56.79927540,-135.97624970,57.07089996,-136.76432420,57.15040016,-136.11849977,https://nrs.objectstore.gov.bc.ca/wrfdel/aermod/d02/0227/wrfout_d02_0227_2019.nc
wrfout_d02_0228_2019.nc,228,d02,2019,22,282,31,291,57.07089996,-136.76432420,57.15040016,-136.11849977,57.42109966,-136.91492842,57.50129986,-136.26342775,https://nrs.objectstore.gov.bc.ca/wrfdel/aermod/d02/0228/wrfout_d02_0228_2019.nc
wrfout_d02_0229_2019.nc,229,d02,2019,22,292,31,301,57.42109966,-136.91492842,57.50129986,-136.26342775,57.77102470,-137.06840513,57.85194969,-136.41107560,https://nrs.objectstore.gov.bc.ca/wrfdel/aermod/d02/0229/wrfout_d02_0229_2019.nc
wrfout_d02_0230_2019.nc,230,d02,2019,22,302,31,311,57.77102470,-137.06840513,57.85194969,-136.41107560,58.12067509,-137.22480393,58.20235062,-136.56152342,https://nrs.objectstore.gov.bc.ca/wrfdel/aermod/d02/0230/wrfout_d02_0230_2019.nc
wrfout_d02_0231_2019.nc,231,d02,2019,22,312,31,321,58.12067509,-137.22480393,58.20235062,-136.56152342,58.46997547,-137.38415148,58.55242538,-136.71485137,https://nrs.objectstore.gov.bc.ca/wrfdel/aermod/d02/0231/wrfout_d02_0231_2019.nc
wrfout_d02_0232_2019.nc,232,d02,2019,22,322,31,331,58.46997547,-137.38415148,58.55242538,-136.71485137,58.81897545,-137.54657363,58.90217495,-136.87117768,https://nrs.objectstore.gov.bc.ca/wrfdel/aermod/d02/0232/wrfout_d02_0232_2019.nc
wrfout_d02_0233_2019.nc,233,d02,2019,22,332,31,341,58.81897545,-137.54657363,58.90217495,-136.87117768,59.16762638,-137.71214675,59.25160026,-137.03057863,https://nrs.objectstore.gov.bc.ca/wrfdel/aermod/d02/0233/wrfout_d02_0233_2019.nc
wrfout_d02_0234_2019.nc,234,d02,2019,22,342,31,351,59.16762638,-137.71214675,59.25160026,-137.03057863,59.51595020,-137.88104627,59.60072517,-137.19312670,https://nrs.objectstore.gov.bc.ca/wrfdel/aermod/d02/0234/wrfout_d02_0234_2019.nc
wrfout_d02_0235_2019.nc,235,d02,2019,22,352,31,361,59.51595020,-137.88104627,59.60072517,-137.19312670,59.86384964,-138.05329892,59.94939995,-137.35892487,https://nrs.objectstore.gov.bc.ca/wrfdel/aermod/d02/0235/wrfout_d02_0235_2019.nc
wrfout_d02_0236_2019.nc,236,d02,2019,22,362,31,371,59.86384964,-138.05329892,59.94939995,-137.35892487,60.24196625,-138.21058402,60.32785034,-137.51038358,https://nrs.objectstore.gov.bc.ca/wrfdel/aermod/d02/0236/wrfout_d02_0236_2019.nc
wrfout_d02_0237_2019.nc,237,d02,2019,22,372,31,373,60.24196625,-138.21058402,60.32785034,-137.51038358,60.24196625,-138.21058402,60.32785034,-137.51038358,https://nrs.objectstore.gov.bc.ca/wrfdel/aermod/d02/0237/wrfout_d02_0237_2019.nc
wrfout_d02_0314_2019.nc,314,d02,2019,32,142,41,151,52.24250031,-134.31610110,52.29493332,-133.75553387,52.60815048,-134.37270355,52.64142513,-133.87192537,https://nrs.objectstore.gov.bc.ca/wrfdel/aermod/d02/0314/wrfout_d02_0314_2019.nc
wrfout_d02_0315_2019.nc,315,d02,2019,32,152,41,161,52.60815048,-134.37270355,52.64142513,-133.87192537,52.93289947,-134.56077067,52.99464989,-133.98247530,https://nrs.objectstore.gov.bc.ca/wrfdel/aermod/d02/0315/wrfout_d02_0315_2019.nc
wrfout_d02_0316_2019.nc,316,d02,2019,32,162,41,171,52.93289947,-134.56077067,52.99464989,-133.98247530,53.27867508,-134.68557740,53.34784889,-134.09487535,https://nrs.objectstore.gov.bc.ca/wrfdel/aermod/d02/0316/wrfout_d02_0316_2019.nc
wrfout_d02_0317_2019.nc,317,d02,2019,32,172,41,181,53.27867508,-134.68557740,53.34784889,-134.09487535,53.63125038,-134.80477522,53.70100021,-134.20922470,https://nrs.objectstore.gov.bc.ca/wrfdel/aermod/d02/0317/wrfout_d02_0317_2019.nc
wrfout_d02_0318_2019.nc,318,d02,2019,32,182,41,191,53.63125038,-134.80477522,53.70100021,-134.20922470,53.98372460,-134.92602157,54.05410004,-134.32555008,https://nrs.objectstore.gov.bc.ca/wrfdel/aermod/d02/0318/wrfout_d02_0318_2019.nc
wrfout_d02_0319_2019.nc,319,d02,2019,32,192,41,201,53.98372460,-134.92602157,54.05410004,-134.32555008,54.33615017,-135.04932405,54.40715027,-134.44387435,https://nrs.objectstore.gov.bc.ca/wrfdel/aermod/d02/0319/wrfout_d02_0319_2019.nc
wrfout_d02_0320_2019.nc,320,d02,2019,32,202,41,211,54.33615017,-135.04932405,54.40715027,-134.44387435,54.68842507,-135.17480088,54.76004982,-134.56427382,https://nrs.objectstore.gov.bc.ca/wrfdel/aermod/d02/0320/wrfout_d02_0320_2019.nc
wrfout_d02_0321_2019.nc,321,d02,2019,32,212,41,221,54.68842507,-135.17480088,54.76004982,-134.56427382,55.04062462,-135.30250168,55.11287499,-134.68679810,https://nrs.objectstore.gov.bc.ca/wrfdel/aermod/d02/0321/wrfout_d02_0321_2019.nc
wrfout_d02_0322_2019.nc,322,d02,2019,32,222,41,231,55.04062462,-135.30250168,55.11287499,-134.68679810,55.39267445,-135.43247602,55.46557427,-134.81152345,https://nrs.objectstore.gov.bc.ca/wrfdel/aermod/d02/0322/wrfout_d02_0322_2019.nc
wrfout_d02_0323_2019.nc,323,d02,2019,32,232,41,241,55.39267445,-135.43247602,55.46557427,-134.81152345,55.74460029,-135.56477355,55.81814956,-134.93849945,https://nrs.objectstore.gov.bc.ca/wrfdel/aermod/d02/0323/wrfout_d02_0323_2019.nc
wrfout_d02_0324_2019.nc,324,d02,2019,32,242,41,251,55.74460029,-135.56477355,55.81814956,-134.93849945,56.09634972,-135.69944765,56.17055035,-135.06777570,https://nrs.objectstore.gov.bc.ca/wrfdel/aermod/d02/0324/wrfout_d02_0324_2019.nc
wrfout_d02_0325_2019.nc,325,d02,2019,32,252,41,261,56.09634972,-135.69944765,56.17055035,-135.06777570,56.44787598,-135.83659745,56.52275085,-135.19940185,https://nrs.objectstore.gov.bc.ca/wrfdel/aermod/d02/0325/wrfout_d02_0325_2019.nc
wrfout_d02_0326_2019.nc,326,d02,2019,32,262,41,271,56.44787598,-135.83659745,56.52275085,-135.19940185,56.79927540,-135.97624970,56.87482548,-135.33345035,https://nrs.objectstore.gov.bc.ca/wrfdel/aermod/d02/0326/wrfout_d02_0326_2019.nc
wrfout_d02_0327_2019.nc,327,d02,2019,32,272,41,281,56.79927540,-135.97624970,56.87482548,-135.33345035,57.15040016,-136.11849977,57.22665024,-135.47002413,https://nrs.objectstore.gov.bc.ca/wrfdel/aermod/d02/0327/wrfout_d02_0327_2019.nc
wrfout_d02_0328_2019.nc,328,d02,2019,32,282,41,291,57.15040016,-136.11849977,57.22665024,-135.47002413,57.50129986,-136.26342775,57.57822514,-135.60912323,https://nrs.objectstore.gov.bc.ca/wrfdel/aermod/d02/0328/wrfout_d02_0328_2019.nc
wrfout_d02_0329_2019.nc,329,d02,2019,32,292,41,301,57.50129986,-136.26342775,57.57822514,-135.60912323,57.85194969,-136.41107560,57.92957401,-135.75087358,https://nrs.objectstore.gov.bc.ca/wrfdel/aermod/d02/0329/wrfout_d02_0329_2019.nc
wrfout_d02_0330_2019.nc,330,d02,2019,32,302,41,311,57.85194969,-136.41107560,57.92957401,-135.75087358,58.20235062,-136.56152342,58.28067589,-135.89537433,https://nrs.objectstore.gov.bc.ca/wrfdel/aermod/d02/0330/wrfout_d02_0330_2019.nc
wrfout_d02_0331_2019.nc,331,d02,2019,32,312,41,321,58.20235062,-136.56152342,58.28067589,-135.89537433,58.55242538,-136.71485137,58.63150024,-136.04264832,https://nrs.objectstore.gov.bc.ca/wrfdel/aermod/d02/0331/wrfout_d02_0331_2019.nc
wrfout_d02_0332_2019.nc,332,d02,2019,32,322,41,331,58.55242538,-136.71485137,58.63150024,-136.04264832,58.90217495,-136.87117768,58.98199940,-136.19277190,https://nrs.objectstore.gov.bc.ca/wrfdel/aermod/d02/0332/wrfout_d02_0332_2019.nc
wrfout_d02_0333_2019.nc,333,d02,2019,32,332,41,341,58.90217495,-136.87117768,58.98199940,-136.19277190,59.25160026,-137.03057863,59.33217525,-136.34584810,https://nrs.objectstore.gov.bc.ca/wrfdel/aermod/d02/0333/wrfout_d02_0333_2019.nc
wrfout_d02_0334_2019.nc,334,d02,2019,32,342,41,351,59.25160026,-137.03057863,59.33217525,-136.34584810,59.60072517,-137.19312670,59.68202496,-136.50199893,https://nrs.objectstore.gov.bc.ca/wrfdel/aermod/d02/0334/wrfout_d02_0334_2019.nc
wrfout_d02_0335_2019.nc,335,d02,2019,32,352,41,361,59.60072517,-137.19312670,59.68202496,-136.50199893,59.94939995,-137.35892487,60.03147507,-136.66125107,https://nrs.objectstore.gov.bc.ca/wrfdel/aermod/d02/0335/wrfout_d02_0335_2019.nc
wrfout_d02_0336_2019.nc,336,d02,2019,32,362,41,371,59.94939995,-137.35892487,60.03147507,-136.66125107,60.32785034,-137.51038358,60.41023381,-136.80671692,https://nrs.objectstore.gov.bc.ca/wrfdel/aermod/d02/0336/wrfout_d02_0336_2019.nc
wrfout_d02_0337_2019.nc,337,d02,2019,32,372,41,373,60.32785034,-137.51038358,60.41023381,-136.80671692,60.32785034,-137.51038358,60.41023381,-136.80671692,https://nrs.objectstore.gov.bc.ca/wrfdel/aermod/d02/0337/wrfout_d02_0337_2019.nc
wrfout_d02_0412_2019.nc,412,d02,2019,42,122,51,131,51.60329819,-133.52740480,51.65183258,-132.97416177,51.96764946,-133.57990265,51.99890041,-133.08249665,https://nrs.objectstore.gov.bc.ca/wrfdel/aermod/d02/0412/wrfout_d02_0412_2019.nc
wrfout_d02_0413_2019.nc,413,d02,2019,42,132,51,141,51.96764946,-133.57990265,51.99890041,-133.08249665,52.29493332,-133.75553387,52.35267448,-133.18482590,https://nrs.objectstore.gov.bc.ca/wrfdel/aermod/d02/0413/wrfout_d02_0413_2019.nc
wrfout_d02_0414_2019.nc,414,d02,2019,42,142,51,151,52.29493332,-133.75553387,52.35267448,-133.18482590,52.64142513,-133.87192537,52.70647526,-133.28885268,https://nrs.objectstore.gov.bc.ca/wrfdel/aermod/d02/0414/wrfout_d02_0414_2019.nc
wrfout_d02_0415_2019.nc,415,d02,2019,42,152,51,161,52.64142513,-133.87192537,52.70647526,-133.28885268,52.99464989,-133.98247530,53.06024933,-133.39464950,https://nrs.objectstore.gov.bc.ca/wrfdel/aermod/d02/0415/wrfout_d02_0415_2019.nc
wrfout_d02_0416_2019.nc,416,d02,2019,42,162,51,171,52.99464989,-133.98247530,53.06024933,-133.39464950,53.34784889,-134.09487535,53.41402435,-133.50227358,https://nrs.objectstore.gov.bc.ca/wrfdel/aermod/d02/0416/wrfout_d02_0416_2019.nc
wrfout_d02_0417_2019.nc,417,d02,2019,42,172,51,181,53.34784889,-134.09487535,53.41402435,-133.50227358,53.70100021,-134.20922470,53.76774979,-133.61172487,https://nrs.objectstore.gov.bc.ca/wrfdel/aermod/d02/0417/wrfout_d02_0417_2019.nc
wrfout_d02_0418_2019.nc,418,d02,2019,42,182,51,191,53.70100021,-134.20922470,53.76774979,-133.61172487,54.05410004,-134.32555008,54.12145042,-133.72305300,https://nrs.objectstore.gov.bc.ca/wrfdel/aermod/d02/0418/wrfout_d02_0418_2019.nc
wrfout_d02_0419_2019.nc,419,d02,2019,42,192,51,201,54.05410004,-134.32555008,54.12145042,-133.72305300,54.40715027,-134.44387435,54.47507477,-133.83633042,https://nrs.objectstore.gov.bc.ca/wrfdel/aermod/d02/0419/wrfout_d02_0419_2019.nc
wrfout_d02_0420_2019.nc,420,d02,2019,42,202,51,211,54.40715027,-134.44387435,54.47507477,-133.83633042,54.76004982,-134.56427382,54.82857418,-133.95162580,https://nrs.objectstore.gov.bc.ca/wrfdel/aermod/d02/0420/wrfout_d02_0420_2019.nc
wrfout_d02_0421_2019.nc,421,d02,2019,42,212,51,221,54.76004982,-134.56427382,54.82857418,-133.95162580,55.11287499,-134.68679810,55.18202496,-134.06895063,https://nrs.objectstore.gov.bc.ca/wrfdel/aermod/d02/0421/wrfout_d02_0421_2019.nc
wrfout_d02_0422_2019.nc,422,d02,2019,42,222,51,231,55.11287499,-134.68679810,55.18202496,-134.06895063,55.46557427,-134.81152345,55.53532410,-134.18832778,https://nrs.objectstore.gov.bc.ca/wrfdel/aermod/d02/0422/wrfout_d02_0422_2019.nc
wrfout_d02_0423_2019.nc,423,d02,2019,42,232,51,241,55.46557427,-134.81152345,55.53532410,-134.18832778,55.81814956,-134.93849945,55.88852501,-134.30990217,https://nrs.objectstore.gov.bc.ca/wrfdel/aermod/d02/0423/wrfout_d02_0423_2019.nc
wrfout_d02_0424_2019.nc,424,d02,2019,42,242,51,251,55.81814956,-134.93849945,55.88852501,-134.30990217,56.17055035,-135.06777570,56.24155045,-134.43372345,https://nrs.objectstore.gov.bc.ca/wrfdel/aermod/d02/0424/wrfout_d02_0424_2019.nc
wrfout_d02_0425_2019.nc,425,d02,2019,42,252,51,261,56.17055035,-135.06777570,56.24155045,-134.43372345,56.52275085,-135.19940185,56.59442520,-134.55977250,https://nrs.objectstore.gov.bc.ca/wrfdel/aermod/d02/0425/wrfout_d02_0425_2019.nc
wrfout_d02_0426_2019.nc,426,d02,2019,42,262,51,271,56.52275085,-135.19940185,56.59442520,-134.55977250,56.87482548,-135.33345035,56.94712544,-134.68815230,https://nrs.objectstore.gov.bc.ca/wrfdel/aermod/d02/0426/wrfout_d02_0426_2019.nc
wrfout_d02_0427_2019.nc,427,d02,2019,42,272,51,281,56.87482548,-135.33345035,56.94712544,-134.68815230,57.22665024,-135.47002413,57.29959965,-134.81895445,https://nrs.objectstore.gov.bc.ca/wrfdel/aermod/d02/0427/wrfout_d02_0427_2019.nc
wrfout_d02_0428_2019.nc,428,d02,2019,42,282,51,291,57.22665024,-135.47002413,57.29959965,-134.81895445,57.57822514,-135.60912323,57.65182590,-134.95220185,https://nrs.objectstore.gov.bc.ca/wrfdel/aermod/d02/0428/wrfout_d02_0428_2019.nc
wrfout_d02_0429_2019.nc,429,d02,2019,42,292,51,301,57.57822514,-135.60912323,57.65182590,-134.95220185,57.92957401,-135.75087358,58.00387478,-135.08799745,https://nrs.objectstore.gov.bc.ca/wrfdel/aermod/d02/0429/wrfout_d02_0429_2019.nc
wrfout_d02_0430_2019.nc,430,d02,2019,42,302,51,311,57.92957401,-135.75087358,58.00387478,-135.08799745,58.28067589,-135.89537433,58.35564995,-135.22639848,https://nrs.objectstore.gov.bc.ca/wrfdel/aermod/d02/0430/wrfout_d02_0430_2019.nc
wrfout_d02_0431_2019.nc,431,d02,2019,42,312,51,321,58.28067589,-135.89537433,58.35564995,-135.22639848,58.63150024,-136.04264832,58.70717525,-135.36747360,https://nrs.objectstore.gov.bc.ca/wrfdel/aermod/d02/0431/wrfout_d02_0431_2019.nc
wrfout_d02_0432_2019.nc,432,d02,2019,42,322,51,331,58.63150024,-136.04264832,58.70717525,-135.36747360,58.98199940,-136.19277190,59.05840016,-135.51134873,https://nrs.objectstore.gov.bc.ca/wrfdel/aermod/d02/0432/wrfout_d02_0432_2019.nc
wrfout_d02_0433_2019.nc,433,d02,2019,42,332,51,341,58.98199940,-136.19277190,59.05840016,-135.51134873,59.33217525,-136.34584810,59.40930080,-135.65807722,https://nrs.objectstore.gov.bc.ca/wrfdel/aermod/d02/0433/wrfout_d02_0433_2019.nc
wrfout_d02_0434_2019.nc,434,d02,2019,42,342,51,351,59.33217525,-136.34584810,59.40930080,-135.65807722,59.68202496,-136.50199893,59.75985050,-135.80770110,https://nrs.objectstore.gov.bc.ca/wrfdel/aermod/d02/0434/wrfout_d02_0434_2019.nc
wrfout_d02_0435_2019.nc,435,d02,2019,42,352,51,361,59.68202496,-136.50199893,59.75985050,-135.80770110,60.03147507,-136.66125107,60.11004925,-135.96032715,https://nrs.objectstore.gov.bc.ca/wrfdel/aermod/d02/0435/wrfout_d02_0435_2019.nc
wrfout_d02_0436_2019.nc,436,d02,2019,42,362,51,371,60.03147507,-136.66125107,60.11004925,-135.96032715,60.41023381,-136.80671692,60.48906708,-136.09976957,https://nrs.objectstore.gov.bc.ca/wrfdel/aermod/d02/0436/wrfout_d02_0436_2019.nc
wrfout_d02_0437_2019.nc,437,d02,2019,42,372,51,373,60.41023381,-136.80671692,60.48906708,-136.09976957,60.41023381,-136.80671692,60.48906708,-136.09976957,https://nrs.objectstore.gov.bc.ca/wrfdel/aermod/d02/0437/wrfout_d02_0437_2019.nc
wrfout_d02_0509_2019.nc,509,d02,2019,52,92,61,101,50.60549927,-132.66589360,50.63494873,-132.17729950,50.96819878,-132.71379855,50.99722481,-132.22340013,https://nrs.objectstore.gov.bc.ca/wrfdel/aermod/d02/0509/wrfout_d02_0509_2019.nc
wrfout_d02_0510_2019.nc,510,d02,2019,52,102,61,111,50.96819878,-132.71379855,50.99722481,-132.22340013,51.32210159,-132.81034850,51.35140038,-132.31639865,https://nrs.objectstore.gov.bc.ca/wrfdel/aermod/d02/0510/wrfout_d02_0510_2019.nc
wrfout_d02_0511_2019.nc,511,d02,2019,52,112,61,121,51.32210159,-132.81034850,51.35140038,-132.31639865,51.65183258,-132.97416177,51.70565033,-132.41094972,https://nrs.objectstore.gov.bc.ca/wrfdel/aermod/d02/0511/wrfout_d02_0511_2019.nc
wrfout_d02_0512_2019.nc,512,d02,2019,52,122,61,131,51.65183258,-132.97416177,51.70565033,-132.41094972,51.99890041,-133.08249665,52.05992508,-132.50705337,https://nrs.objectstore.gov.bc.ca/wrfdel/aermod/d02/0512/wrfout_d02_0512_2019.nc
wrfout_d02_0513_2019.nc,513,d02,2019,52,132,61,141,51.99890041,-133.08249665,52.05992508,-132.50705337,52.35267448,-133.18482590,52.41422462,-132.60472490,https://nrs.objectstore.gov.bc.ca/wrfdel/aermod/d02/0513/wrfout_d02_0513_2019.nc
wrfout_d02_0514_2019.nc,514,d02,2019,52,142,61,151,52.35267448,-133.18482590,52.41422462,-132.60472490,52.70647526,-133.28885268,52.76855087,-132.70404817,https://nrs.objectstore.gov.bc.ca/wrfdel/aermod/d02/0514/wrfout_d02_0514_2019.nc
wrfout_d02_0515_2019.nc,515,d02,2019,52,152,61,161,52.70647526,-133.28885268,52.76855087,-132.70404817,53.06024933,-133.39464950,53.12284851,-132.80507660,https://nrs.objectstore.gov.bc.ca/wrfdel/aermod/d02/0515/wrfout_d02_0515_2019.nc
wrfout_d02_0516_2019.nc,516,d02,2019,52,162,61,171,53.06024933,-133.39464950,53.12284851,-132.80507660,53.41402435,-133.50227358,53.47719955,-132.90780258,https://nrs.objectstore.gov.bc.ca/wrfdel/aermod/d02/0516/wrfout_d02_0516_2019.nc
wrfout_d02_0517_2019.nc,517,d02,2019,52,172,61,181,53.41402435,-133.50227358,53.47719955,-132.90780258,53.76774979,-133.61172487,53.83144951,-133.01230240,https://nrs.objectstore.gov.bc.ca/wrfdel/aermod/d02/0517/wrfout_d02_0517_2019.nc
wrfout_d02_0518_2019.nc,518,d02,2019,52,182,61,191,53.76774979,-133.61172487,53.83144951,-133.01230240,54.12145042,-133.72305300,54.18572426,-133.11862565,https://nrs.objectstore.gov.bc.ca/wrfdel/aermod/d02/0518/wrfout_d02_0518_2019.nc
wrfout_d02_0519_2019.nc,519,d02,2019,52,192,61,201,54.12145042,-133.72305300,54.18572426,-133.11862565,54.47507477,-133.83633042,54.53989983,-133.22682572,https://nrs.objectstore.gov.bc.ca/wrfdel/aermod/d02/0519/wrfout_d02_0519_2019.nc
wrfout_d02_0520_2019.nc,520,d02,2019,52,202,61,211,54.47507477,-133.83633042,54.53989983,-133.22682572,54.82857418,-133.95162580,54.89397431,-133.33692552,https://nrs.objectstore.gov.bc.ca/wrfdel/aermod/d02/0520/wrfout_d02_0520_2019.nc
wrfout_d02_0521_2019.nc,521,d02,2019,52,212,61,221,54.82857418,-133.95162580,54.89397431,-133.33692552,55.18202496,-134.06895063,55.24802399,-133.44897463,https://nrs.objectstore.gov.bc.ca/wrfdel/aermod/d02/0521/wrfout_d02_0521_2019.nc
wrfout_d02_0522_2019.nc,522,d02,2019,52,222,61,231,55.18202496,-134.06895063,55.24802399,-133.44897463,55.53532410,-134.18832778,55.60189915,-133.56299972,https://nrs.objectstore.gov.bc.ca/wrfdel/aermod/d02/0522/wrfout_d02_0522_2019.nc
wrfout_d02_0523_2019.nc,523,d02,2019,52,232,61,241,55.53532410,-134.18832778,55.60189915,-133.56299972,55.88852501,-134.30990217,55.95570088,-133.67910002,https://nrs.objectstore.gov.bc.ca/wrfdel/aermod/d02/0523/wrfout_d02_0523_2019.nc
wrfout_d02_0524_2019.nc,524,d02,2019,52,242,61,251,55.88852501,-134.30990217,55.95570088,-133.67910002,56.24155045,-134.43372345,56.30935097,-133.79735183,https://nrs.objectstore.gov.bc.ca/wrfdel/aermod/d02/0524/wrfout_d02_0524_2019.nc
wrfout_d02_0525_2019.nc,525,d02,2019,52,252,61,261,56.24155045,-134.43372345,56.30935097,-133.79735183,56.59442520,-134.55977250,56.66282559,-133.91777420,https://nrs.objectstore.gov.bc.ca/wrfdel/aermod/d02/0525/wrfout_d02_0525_2019.nc
wrfout_d02_0526_2019.nc,526,d02,2019,52,262,61,271,56.59442520,-134.55977250,56.66282559,-133.91777420,56.94712544,-134.68815230,57.01612472,-134.04047012,https://nrs.objectstore.gov.bc.ca/wrfdel/aermod/d02/0526/wrfout_d02_0526_2019.nc
wrfout_d02_0527_2019.nc,527,d02,2019,52,272,61,281,56.94712544,-134.68815230,57.01612472,-134.04047012,57.29959965,-134.81895445,57.36925030,-134.16544725,https://nrs.objectstore.gov.bc.ca/wrfdel/aermod/d02/0527/wrfout_d02_0527_2019.nc
wrfout_d02_0528_2019.nc,528,d02,2019,52,282,61,291,57.29959965,-134.81895445,57.36925030,-134.16544725,57.65182590,-134.95220185,57.72212600,-134.29277420,https://nrs.objectstore.gov.bc.ca/wrfdel/aermod/d02/0528/wrfout_d02_0528_2019.nc
wrfout_d02_0529_2019.nc,529,d02,2019,52,292,61,301,57.65182590,-134.95220185,57.72212600,-134.29277420,58.00387478,-135.08799745,58.07482529,-134.42252350,https://nrs.objectstore.gov.bc.ca/wrfdel/aermod/d02/0529/wrfout_d02_0529_2019.nc
wrfout_d02_0530_2019.nc,530,d02,2019,52,302,61,311,58.00387478,-135.08799745,58.07482529,-134.42252350,58.35564995,-135.22639848,58.42727471,-134.55477525,https://nrs.objectstore.gov.bc.ca/wrfdel/aermod/d02/0530/wrfout_d02_0530_2019.nc
wrfout_d02_0531_2019.nc,531,d02,2019,52,312,61,321,58.35564995,-135.22639848,58.42727471,-134.55477525,58.70717525,-135.36747360,58.77944946,-134.68962477,https://nrs.objectstore.gov.bc.ca/wrfdel/aermod/d02/0531/wrfout_d02_0531_2019.nc
wrfout_d02_0532_2019.nc,532,d02,2019,52,322,61,331,58.70717525,-135.36747360,58.77944946,-134.68962477,59.05840016,-135.51134873,59.13135052,-134.82712172,https://nrs.objectstore.gov.bc.ca/wrfdel/aermod/d02/0532/wrfout_d02_0532_2019.nc
wrfout_d02_0533_2019.nc,533,d02,2019,52,332,61,341,59.05840016,-135.51134873,59.13135052,-134.82712172,59.40930080,-135.65807722,59.48292542,-134.96734620,https://nrs.objectstore.gov.bc.ca/wrfdel/aermod/d02/0533/wrfout_d02_0533_2019.nc
wrfout_d02_0534_2019.nc,534,d02,2019,52,342,61,351,59.40930080,-135.65807722,59.48292542,-134.96734620,59.75985050,-135.80770110,59.83420086,-135.11037447,https://nrs.objectstore.gov.bc.ca/wrfdel/aermod/d02/0534/wrfout_d02_0534_2019.nc
wrfout_d02_0535_2019.nc,535,d02,2019,52,352,61,361,59.75985050,-135.80770110,59.83420086,-135.11037447,60.11004925,-135.96032715,60.18509960,-135.25630190,https://nrs.objectstore.gov.bc.ca/wrfdel/aermod/d02/0535/wrfout_d02_0535_2019.nc
wrfout_d02_0536_2019.nc,536,d02,2019,52,362,61,371,60.11004925,-135.96032715,60.18509960,-135.25630190,60.48906708,-136.09976957,60.56431707,-135.38960265,https://nrs.objectstore.gov.bc.ca/wrfdel/aermod/d02/0536/wrfout_d02_0536_2019.nc
wrfout_d02_0537_2019.nc,537,d02,2019,52,372,61,373,60.48906708,-136.09976957,60.56431707,-135.38960265,60.48906708,-136.09976957,60.56431707,-135.38960265,https://nrs.objectstore.gov.bc.ca/wrfdel/aermod/d02/0537/wrfout_d02_0537_2019.nc
wrfout_d02_0609_2019.nc,609,d02,2019,62,92,71,101,50.63494873,-132.17729950,50.69239998,-131.61600495,50.99722481,-132.22340013,51.05385017,-131.65992737,https://nrs.objectstore.gov.bc.ca/wrfdel/aermod/d02/0609/wrfout_d02_0609_2019.nc
wrfout_d02_0610_2019.nc,610,d02,2019,62,102,71,111,50.99722481,-132.22340013,51.05385017,-131.65992737,51.35140038,-132.31639865,51.40852451,-131.74850083,https://nrs.objectstore.gov.bc.ca/wrfdel/aermod/d02/0610/wrfout_d02_0610_2019.nc
wrfout_d02_0611_2019.nc,611,d02,2019,62,112,71,121,51.35140038,-132.31639865,51.40852451,-131.74850083,51.70565033,-132.41094972,51.76325035,-131.83850097,https://nrs.objectstore.gov.bc.ca/wrfdel/aermod/d02/0611/wrfout_d02_0611_2019.nc
wrfout_d02_0612_2019.nc,612,d02,2019,62,122,71,131,51.70565033,-132.41094972,51.76325035,-131.83850097,52.05992508,-132.50705337,52.11802482,-131.92997360,https://nrs.objectstore.gov.bc.ca/wrfdel/aermod/d02/0612/wrfout_d02_0612_2019.nc
wrfout_d02_0613_2019.nc,613,d02,2019,62,132,71,141,52.05992508,-132.50705337,52.11802482,-131.92997360,52.41422462,-132.60472490,52.47282505,-132.02299500,https://nrs.objectstore.gov.bc.ca/wrfdel/aermod/d02/0613/wrfout_d02_0613_2019.nc
wrfout_d02_0614_2019.nc,614,d02,2019,62,142,71,151,52.41422462,-132.60472490,52.47282505,-132.02299500,52.76855087,-132.70404817,52.82767486,-132.11757280,https://nrs.objectstore.gov.bc.ca/wrfdel/aermod/d02/0614/wrfout_d02_0614_2019.nc
wrfout_d02_0615_2019.nc,615,d02,2019,62,152,71,161,52.76855087,-132.70404817,52.82767486,-132.11757280,53.12284851,-132.80507660,53.18247414,-132.21375275,https://nrs.objectstore.gov.bc.ca/wrfdel/aermod/d02/0615/wrfout_d02_0615_2019.nc
wrfout_d02_0616_2019.nc,616,d02,2019,62,162,71,171,53.12284851,-132.80507660,53.18247414,-132.21375275,53.47719955,-132.90780258,53.53734970,-132.31159973,https://nrs.objectstore.gov.bc.ca/wrfdel/aermod/d02/0616/wrfout_d02_0616_2019.nc
wrfout_d02_0617_2019.nc,617,d02,2019,62,172,71,181,53.47719955,-132.90780258,53.53734970,-132.31159973,53.83144951,-133.01230240,53.89212608,-132.41112135,https://nrs.objectstore.gov.bc.ca/wrfdel/aermod/d02/0617/wrfout_d02_0617_2019.nc
wrfout_d02_0618_2019.nc,618,d02,2019,62,182,71,191,53.83144951,-133.01230240,53.89212608,-132.41112135,54.18572426,-133.11862565,54.24692345,-132.51237488,https://nrs.objectstore.gov.bc.ca/wrfdel/aermod/d02/0618/wrfout_d02_0618_2019.nc
wrfout_d02_0619_2019.nc,619,d02,2019,62,192,71,201,54.18572426,-133.11862565,54.24692345,-132.51237488,54.53989983,-133.22682572,54.60165024,-132.61540222,https://nrs.objectstore.gov.bc.ca/wrfdel/aermod/d02/0619/wrfout_d02_0619_2019.nc
wrfout_d02_0620_2019.nc,620,d02,2019,62,202,71,211,54.53989983,-133.22682572,54.60165024,-132.61540222,54.89397431,-133.33692552,54.95627403,-132.72025300,https://nrs.objectstore.gov.bc.ca/wrfdel/aermod/d02/0620/wrfout_d02_0620_2019.nc
wrfout_d02_0621_2019.nc,621,d02,2019,62,212,71,221,54.89397431,-133.33692552,54.95627403,-132.72025300,55.24802399,-133.44897463,55.31087494,-132.82697677,https://nrs.objectstore.gov.bc.ca/wrfdel/aermod/d02/0621/wrfout_d02_0621_2019.nc
wrfout_d02_0622_2019.nc,622,d02,2019,62,222,71,231,55.24802399,-133.44897463,55.31087494,-132.82697677,55.60189915,-133.56299972,55.66532516,-132.93562315,https://nrs.objectstore.gov.bc.ca/wrfdel/aermod/d02/0622/wrfout_d02_0622_2019.nc
wrfout_d02_0623_2019.nc,623,d02,2019,62,232,71,241,55.60189915,-133.56299972,55.66532516,-132.93562315,55.95570088,-133.67910002,56.01970101,-133.04624938,https://nrs.objectstore.gov.bc.ca/wrfdel/aermod/d02/0623/wrfout_d02_0623_2019.nc
wrfout_d02_0624_2019.nc,624,d02,2019,62,242,71,251,55.95570088,-133.67910002,56.01970101,-133.04624938,56.30935097,-133.79735183,56.37390041,-133.15887450,https://nrs.objectstore.gov.bc.ca/wrfdel/aermod/d02/0624/wrfout_d02_0624_2019.nc
wrfout_d02_0625_2019.nc,625,d02,2019,62,252,71,261,56.30935097,-133.79735183,56.37390041,-133.15887450,56.66282559,-133.91777420,56.72797585,-133.27360153,https://nrs.objectstore.gov.bc.ca/wrfdel/aermod/d02/0625/wrfout_d02_0625_2019.nc
wrfout_d02_0626_2019.nc,626,d02,2019,62,262,71,271,56.66282559,-133.91777420,56.72797585,-133.27360153,57.01612472,-134.04047012,57.08184910,-133.39048005,https://nrs.objectstore.gov.bc.ca/wrfdel/aermod/d02/0626/wrfout_d02_0626_2019.nc
wrfout_d02_0627_2019.nc,627,d02,2019,62,272,71,281,57.01612472,-134.04047012,57.08184910,-133.39048005,57.36925030,-134.16544725,57.43560028,-133.50952530,https://nrs.objectstore.gov.bc.ca/wrfdel/aermod/d02/0627/wrfout_d02_0627_2019.nc
wrfout_d02_0628_2019.nc,628,d02,2019,62,282,71,291,57.36925030,-134.16544725,57.43560028,-133.50952530,57.72212600,-134.29277420,57.78909969,-133.63087080,https://nrs.objectstore.gov.bc.ca/wrfdel/aermod/d02/0628/wrfout_d02_0628_2019.nc
wrfout_d02_0629_2019.nc,629,d02,2019,62,292,71,301,57.72212600,-134.29277420,57.78909969,-133.63087080,58.07482529,-134.42252350,58.14239979,-133.75454712,https://nrs.objectstore.gov.bc.ca/wrfdel/aermod/d02/0629/wrfout_d02_0629_2019.nc
wrfout_d02_0630_2019.nc,630,d02,2019,62,302,71,311,58.07482529,-134.42252350,58.14239979,-133.75454712,58.42727471,-134.55477525,58.49547482,-133.88059617,https://nrs.objectstore.gov.bc.ca/wrfdel/aermod/d02/0630/wrfout_d02_0630_2019.nc
wrfout_d02_0631_2019.nc,631,d02,2019,62,312,71,321,58.42727471,-134.55477525,58.49547482,-133.88059617,58.77944946,-134.68962477,58.84829903,-134.00912475,https://nrs.objectstore.gov.bc.ca/wrfdel/aermod/d02/0631/wrfout_d02_0631_2019.nc
wrfout_d02_0632_2019.nc,632,d02,2019,62,322,71,331,58.77944946,-134.68962477,58.84829903,-134.00912475,59.13135052,-134.82712172,59.20082474,-134.14017868,https://nrs.objectstore.gov.bc.ca/wrfdel/aermod/d02/0632/wrfout_d02_0632_2019.nc
wrfout_d02_0633_2019.nc,633,d02,2019,62,332,71,341,59.13135052,-134.82712172,59.20082474,-134.14017868,59.48292542,-134.96734620,59.55305100,-134.27385330,https://nrs.objectstore.gov.bc.ca/wrfdel/aermod/d02/0633/wrfout_d02_0633_2019.nc
wrfout_d02_0634_2019.nc,634,d02,2019,62,342,71,351,59.48292542,-134.96734620,59.55305100,-134.27385330,59.83420086,-135.11037447,59.90502548,-134.41020202,https://nrs.objectstore.gov.bc.ca/wrfdel/aermod/d02/0634/wrfout_d02_0634_2019.nc
wrfout_d02_0635_2019.nc,635,d02,2019,62,352,71,361,59.83420086,-135.11037447,59.90502548,-134.41020202,60.18509960,-135.25630190,60.25660038,-134.54929732,https://nrs.objectstore.gov.bc.ca/wrfdel/aermod/d02/0635/wrfout_d02_0635_2019.nc
wrfout_d02_0636_2019.nc,636,d02,2019,62,362,71,371,60.18509960,-135.25630190,60.25660038,-134.54929732,60.56431707,-135.38960265,60.63598315,-134.67641448,https://nrs.objectstore.gov.bc.ca/wrfdel/aermod/d02/0636/wrfout_d02_0636_2019.nc
wrfout_d02_0637_2019.nc,637,d02,2019,62,372,71,373,60.56431707,-135.38960265,60.63598315,-134.67641448,60.56431707,-135.38960265,60.63598315,-134.67641448,https://nrs.objectstore.gov.bc.ca/wrfdel/aermod/d02/0637/wrfout_d02_0637_2019.nc
wrfout_d02_0709_2019.nc,709,d02,2019,72,92,81,101,50.69239998,-131.61600495,50.75916799,-131.00453693,51.05385017,-131.65992737,51.10762501,-131.09505080,https://nrs.objectstore.gov.bc.ca/wrfdel/aermod/d02/0709/wrfout_d02_0709_2019.nc
wrfout_d02_0710_2019.nc,710,d02,2019,72,102,81,111,51.05385017,-131.65992737,51.10762501,-131.09505080,51.40852451,-131.74850083,51.46274948,-131.17907332,https://nrs.objectstore.gov.bc.ca/wrfdel/aermod/d02/0710/wrfout_d02_0710_2019.nc
wrfout_d02_0711_2019.nc,711,d02,2019,72,112,81,121,51.40852451,-131.74850083,51.46274948,-131.17907332,51.76325035,-131.83850097,51.81792545,-131.26452635,https://nrs.objectstore.gov.bc.ca/wrfdel/aermod/d02/0711/wrfout_d02_0711_2019.nc
wrfout_d02_0712_2019.nc,712,d02,2019,72,122,81,131,51.76325035,-131.83850097,51.81792545,-131.26452635,52.11802482,-131.92997360,52.17317581,-131.35137555,https://nrs.objectstore.gov.bc.ca/wrfdel/aermod/d02/0712/wrfout_d02_0712_2019.nc
wrfout_d02_0713_2019.nc,713,d02,2019,72,132,81,141,52.11802482,-131.92997360,52.17317581,-131.35137555,52.47282505,-132.02299500,52.52847481,-131.43967435,https://nrs.objectstore.gov.bc.ca/wrfdel/aermod/d02/0713/wrfout_d02_0713_2019.nc
wrfout_d02_0714_2019.nc,714,d02,2019,72,142,81,151,52.47282505,-132.02299500,52.52847481,-131.43967435,52.82767486,-132.11757280,52.88379860,-131.52947615,https://nrs.objectstore.gov.bc.ca/wrfdel/aermod/d02/0714/wrfout_d02_0714_2019.nc
wrfout_d02_0715_2019.nc,715,d02,2019,72,152,81,161,52.82767486,-132.11757280,52.88379860,-131.52947615,53.18247414,-132.21375275,53.23909950,-131.62077712,https://nrs.objectstore.gov.bc.ca/wrfdel/aermod/d02/0715/wrfout_d02_0715_2019.nc
wrfout_d02_0716_2019.nc,716,d02,2019,72,162,81,171,53.18247414,-132.21375275,53.23909950,-131.62077712,53.53734970,-132.31159973,53.59445000,-131.71364975,https://nrs.objectstore.gov.bc.ca/wrfdel/aermod/d02/0716/wrfout_d02_0716_2019.nc
wrfout_d02_0717_2019.nc,717,d02,2019,72,172,81,181,53.53734970,-132.31159973,53.59445000,-131.71364975,53.89212608,-132.41112135,53.94975090,-131.80814743,https://nrs.objectstore.gov.bc.ca/wrfdel/aermod/d02/0717/wrfout_d02_0717_2019.nc
wrfout_d02_0718_2019.nc,718,d02,2019,72,182,81,191,53.89212608,-132.41112135,53.94975090,-131.80814743,54.24692345,-132.51237488,54.30502510,-131.90430068,https://nrs.objectstore.gov.bc.ca/wrfdel/aermod/d02/0718/wrfout_d02_0718_2019.nc
wrfout_d02_0719_2019.nc,719,d02,2019,72,192,81,201,54.24692345,-132.51237488,54.30502510,-131.90430068,54.60165024,-132.61540222,54.66027450,-132.00212860,https://nrs.objectstore.gov.bc.ca/wrfdel/aermod/d02/0719/wrfout_d02_0719_2019.nc
wrfout_d02_0720_2019.nc,720,d02,2019,72,202,81,211,54.60165024,-132.61540222,54.66027450,-132.00212860,54.95627403,-132.72025300,55.01544952,-132.10167695,https://nrs.objectstore.gov.bc.ca/wrfdel/aermod/d02/0720/wrfout_d02_0720_2019.nc
wrfout_d02_0721_2019.nc,721,d02,2019,72,212,81,221,54.95627403,-132.72025300,55.01544952,-132.10167695,55.31087494,-132.82697677,55.37055016,-132.20305253,https://nrs.objectstore.gov.bc.ca/wrfdel/aermod/d02/0721/wrfout_d02_0721_2019.nc
wrfout_d02_0722_2019.nc,722,d02,2019,72,222,81,231,55.31087494,-132.82697677,55.37055016,-132.20305253,55.66532516,-132.93562315,55.72557545,-132.30625152,https://nrs.objectstore.gov.bc.ca/wrfdel/aermod/d02/0722/wrfout_d02_0722_2019.nc
wrfout_d02_0723_2019.nc,723,d02,2019,72,232,81,241,55.66532516,-132.93562315,55.72557545,-132.30625152,56.01970101,-133.04624938,56.08047485,-132.41130065,https://nrs.objectstore.gov.bc.ca/wrfdel/aermod/d02/0723/wrfout_d02_0723_2019.nc
wrfout_d02_0724_2019.nc,724,d02,2019,72,242,81,251,56.01970101,-133.04624938,56.08047485,-132.41130065,56.37390041,-133.15887450,56.43519974,-132.51827620,https://nrs.objectstore.gov.bc.ca/wrfdel/aermod/d02/0724/wrfout_d02_0724_2019.nc
wrfout_d02_0725_2019.nc,725,d02,2019,72,252,81,261,56.37390041,-133.15887450,56.43519974,-132.51827620,56.72797585,-133.27360153,56.78985024,-132.62724685,https://nrs.objectstore.gov.bc.ca/wrfdel/aermod/d02/0725/wrfout_d02_0725_2019.nc
wrfout_d02_0726_2019.nc,726,d02,2019,72,262,81,271,56.72797585,-133.27360153,56.78985024,-132.62724685,57.08184910,-133.39048005,57.14429951,-132.73827363,https://nrs.objectstore.gov.bc.ca/wrfdel/aermod/d02/0726/wrfout_d02_0726_2019.nc
wrfout_d02_0727_2019.nc,727,d02,2019,72,272,81,281,57.08184910,-133.39048005,57.14429951,-132.73827363,57.43560028,-133.50952530,57.49859905,-132.85140230,https://nrs.objectstore.gov.bc.ca/wrfdel/aermod/d02/0727/wrfout_d02_0727_2019.nc
wrfout_d02_0728_2019.nc,728,d02,2019,72,282,81,291,57.43560028,-133.50952530,57.49859905,-132.85140230,57.78909969,-133.63087080,57.85269928,-132.96670152,https://nrs.objectstore.gov.bc.ca/wrfdel/aermod/d02/0728/wrfout_d02_0728_2019.nc
wrfout_d02_0729_2019.nc,729,d02,2019,72,292,81,301,57.78909969,-133.63087080,57.85269928,-132.96670152,58.14239979,-133.75454712,58.20660019,-133.08417513,https://nrs.objectstore.gov.bc.ca/wrfdel/aermod/d02/0729/wrfout_d02_0729_2019.nc
wrfout_d02_0730_2019.nc,730,d02,2019,72,302,81,311,58.14239979,-133.75454712,58.20660019,-133.08417513,58.49547482,-133.88059617,58.56025028,-133.20392230,https://nrs.objectstore.gov.bc.ca/wrfdel/aermod/d02/0730/wrfout_d02_0730_2019.nc
wrfout_d02_0731_2019.nc,731,d02,2019,72,312,81,321,58.49547482,-133.88059617,58.56025028,-133.20392230,58.84829903,-134.00912475,58.91367435,-133.32604980,https://nrs.objectstore.gov.bc.ca/wrfdel/aermod/d02/0731/wrfout_d02_0731_2019.nc
wrfout_d02_0732_2019.nc,732,d02,2019,72,322,81,331,58.84829903,-134.00912475,58.91367435,-133.32604980,59.20082474,-134.14017868,59.26682472,-133.45059965,https://nrs.objectstore.gov.bc.ca/wrfdel/aermod/d02/0732/wrfout_d02_0732_2019.nc
wrfout_d02_0733_2019.nc,733,d02,2019,72,332,81,341,59.20082474,-134.14017868,59.26682472,-133.45059965,59.55305100,-134.27385330,59.61970043,-133.57762528,https://nrs.objectstore.gov.bc.ca/wrfdel/aermod/d02/0733/wrfout_d02_0733_2019.nc
wrfout_d02_0734_2019.nc,734,d02,2019,72,342,81,351,59.55305100,-134.27385330,59.61970043,-133.57762528,59.90502548,-134.41020202,59.97227478,-133.70722580,https://nrs.objectstore.gov.bc.ca/wrfdel/aermod/d02/0734/wrfout_d02_0734_2019.nc
wrfout_d02_0735_2019.nc,735,d02,2019,72,352,81,361,59.90502548,-134.41020202,59.97227478,-133.70722580,60.25660038,-134.54929732,60.32452488,-133.83947373,https://nrs.objectstore.gov.bc.ca/wrfdel/aermod/d02/0735/wrfout_d02_0735_2019.nc
wrfout_d02_0736_2019.nc,736,d02,2019,72,362,81,371,60.25660038,-134.54929732,60.32452488,-133.83947373,60.63598315,-134.67641448,60.70405006,-133.96028647,https://nrs.objectstore.gov.bc.ca/wrfdel/aermod/d02/0736/wrfout_d02_0736_2019.nc
wrfout_d02_0737_2019.nc,737,d02,2019,72,372,81,373,60.63598315,-134.67641448,60.70405006,-133.96028647,60.63598315,-134.67641448,60.70405006,-133.96028647,https://nrs.objectstore.gov.bc.ca/wrfdel/aermod/d02/0737/wrfout_d02_0737_2019.nc
wrfout_d02_0808_2019.nc,808,d02,2019,82,82,91,91,50.41859818,-130.90679930,50.45423254,-130.36576843,50.75916799,-131.00453693,50.80305004,-130.45062257,https://nrs.objectstore.gov.bc.ca/wrfdel/aermod/d02/0808/wrfout_d02_0808_2019.nc
wrfout_d02_0809_2019.nc,809,d02,2019,82,92,91,101,50.75916799,-131.00453693,50.80305004,-130.45062257,51.10762501,-131.09505080,51.15852547,-130.52882385,https://nrs.objectstore.gov.bc.ca/wrfdel/aermod/d02/0809/wrfout_d02_0809_2019.nc
wrfout_d02_0810_2019.nc,810,d02,2019,82,102,91,111,51.10762501,-131.09505080,51.15852547,-130.52882385,51.46274948,-131.17907332,51.51407433,-130.60835265,https://nrs.objectstore.gov.bc.ca/wrfdel/aermod/d02/0810/wrfout_d02_0810_2019.nc
wrfout_d02_0811_2019.nc,811,d02,2019,82,112,91,121,51.46274948,-131.17907332,51.51407433,-130.60835265,51.81792545,-131.26452635,51.86970043,-130.68917848,https://nrs.objectstore.gov.bc.ca/wrfdel/aermod/d02/0811/wrfout_d02_0811_2019.nc
wrfout_d02_0812_2019.nc,812,d02,2019,82,122,91,131,51.81792545,-131.26452635,51.86970043,-130.68917848,52.17317581,-131.35137555,52.22537518,-130.77132798,https://nrs.objectstore.gov.bc.ca/wrfdel/aermod/d02/0812/wrfout_d02_0812_2019.nc
wrfout_d02_0813_2019.nc,813,d02,2019,82,132,91,141,52.17317581,-131.35137555,52.22537518,-130.77132798,52.52847481,-131.43967435,52.58115005,-130.85487745,https://nrs.objectstore.gov.bc.ca/wrfdel/aermod/d02/0813/wrfout_d02_0813_2019.nc
wrfout_d02_0814_2019.nc,814,d02,2019,82,142,91,151,52.52847481,-131.43967435,52.58115005,-130.85487745,52.88379860,-131.52947615,52.93692398,-130.93984983,https://nrs.objectstore.gov.bc.ca/wrfdel/aermod/d02/0814/wrfout_d02_0814_2019.nc
wrfout_d02_0815_2019.nc,815,d02,2019,82,152,91,161,52.88379860,-131.52947615,52.93692398,-130.93984983,53.23909950,-131.62077712,53.29269981,-131.02624890,https://nrs.objectstore.gov.bc.ca/wrfdel/aermod/d02/0815/wrfout_d02_0815_2019.nc
wrfout_d02_0816_2019.nc,816,d02,2019,82,162,91,171,53.23909950,-131.62077712,53.29269981,-131.02624890,53.59445000,-131.71364975,53.64850044,-131.11412807,https://nrs.objectstore.gov.bc.ca/wrfdel/aermod/d02/0816/wrfout_d02_0816_2019.nc
wrfout_d02_0817_2019.nc,817,d02,2019,82,172,91,181,53.59445000,-131.71364975,53.64850044,-131.11412807,53.94975090,-131.80814743,54.00430012,-131.20355602,https://nrs.objectstore.gov.bc.ca/wrfdel/aermod/d02/0817/wrfout_d02_0817_2019.nc
wrfout_d02_0818_2019.nc,818,d02,2019,82,182,91,191,53.94975090,-131.80814743,54.00430012,-131.20355602,54.30502510,-131.90430068,54.36005020,-131.29455182,https://nrs.objectstore.gov.bc.ca/wrfdel/aermod/d02/0818/wrfout_d02_0818_2019.nc
wrfout_d02_0819_2019.nc,819,d02,2019,82,192,91,201,54.30502510,-131.90430068,54.36005020,-131.29455182,54.66027450,-132.00212860,54.71577454,-131.38714980,https://nrs.objectstore.gov.bc.ca/wrfdel/aermod/d02/0819/wrfout_d02_0819_2019.nc
wrfout_d02_0820_2019.nc,820,d02,2019,82,202,91,211,54.66027450,-132.00212860,54.71577454,-131.38714980,55.01544952,-132.10167695,55.07145023,-131.48140335,https://nrs.objectstore.gov.bc.ca/wrfdel/aermod/d02/0820/wrfout_d02_0820_2019.nc
wrfout_d02_0821_2019.nc,821,d02,2019,82,212,91,221,55.01544952,-132.10167695,55.07145023,-131.48140335,55.37055016,-132.20305253,55.42704964,-131.57732393,https://nrs.objectstore.gov.bc.ca/wrfdel/aermod/d02/0821/wrfout_d02_0821_2019.nc
wrfout_d02_0822_2019.nc,822,d02,2019,82,222,91,231,55.37055016,-132.20305253,55.42704964,-131.57732393,55.72557545,-132.30625152,55.78257466,-131.67497255,https://nrs.objectstore.gov.bc.ca/wrfdel/aermod/d02/0822/wrfout_d02_0822_2019.nc
wrfout_d02_0823_2019.nc,823,d02,2019,82,232,91,241,55.72557545,-132.30625152,55.78257466,-131.67497255,56.08047485,-132.41130065,56.13799953,-131.77442550,https://nrs.objectstore.gov.bc.ca/wrfdel/aermod/d02/0823/wrfout_d02_0823_2019.nc
wrfout_d02_0824_2019.nc,824,d02,2019,82,242,91,251,56.08047485,-132.41130065,56.13799953,-131.77442550,56.43519974,-132.51827620,56.49327469,-131.87572480,https://nrs.objectstore.gov.bc.ca/wrfdel/aermod/d02/0824/wrfout_d02_0824_2019.nc
wrfout_d02_0825_2019.nc,825,d02,2019,82,252,91,261,56.43519974,-132.51827620,56.49327469,-131.87572480,56.78985024,-132.62724685,56.84842491,-131.97887422,https://nrs.objectstore.gov.bc.ca/wrfdel/aermod/d02/0825/wrfout_d02_0825_2019.nc
wrfout_d02_0826_2019.nc,826,d02,2019,82,262,91,271,56.78985024,-132.62724685,56.84842491,-131.97887422,57.14429951,-132.73827363,57.20342445,-132.08394623,https://nrs.objectstore.gov.bc.ca/wrfdel/aermod/d02/0826/wrfout_d02_0826_2019.nc
wrfout_d02_0827_2019.nc,827,d02,2019,82,272,91,281,57.14429951,-132.73827363,57.20342445,-132.08394623,57.49859905,-132.85140230,57.55824947,-132.19107055,https://nrs.objectstore.gov.bc.ca/wrfdel/aermod/d02/0827/wrfout_d02_0827_2019.nc
wrfout_d02_0828_2019.nc,828,d02,2019,82,282,91,291,57.49859905,-132.85140230,57.55824947,-132.19107055,57.85269928,-132.96670152,57.91289997,-132.30025100,https://nrs.objectstore.gov.bc.ca/wrfdel/aermod/d02/0828/wrfout_d02_0828_2019.nc
wrfout_d02_0829_2019.nc,829,d02,2019,82,292,91,301,57.85269928,-132.96670152,57.91289997,-132.30025100,58.20660019,-133.08417513,58.26737499,-132.41152570,https://nrs.objectstore.gov.bc.ca/wrfdel/aermod/d02/0829/wrfout_d02_0829_2019.nc
wrfout_d02_0830_2019.nc,830,d02,2019,82,302,91,311,58.20660019,-133.08417513,58.26737499,-132.41152570,58.56025028,-133.20392230,58.62162590,-132.52494810,https://nrs.objectstore.gov.bc.ca/wrfdel/aermod/d02/0830/wrfout_d02_0830_2019.nc
wrfout_d02_0831_2019.nc,831,d02,2019,82,312,91,321,58.56025028,-133.20392230,58.62162590,-132.52494810,58.91367435,-133.32604980,58.97560024,-132.64060210,https://nrs.objectstore.gov.bc.ca/wrfdel/aermod/d02/0831/wrfout_d02_0831_2019.nc
wrfout_d02_0832_2019.nc,832,d02,2019,82,322,91,331,58.91367435,-133.32604980,58.97560024,-132.64060210,59.26682472,-133.45059965,59.32934952,-132.75855255,https://nrs.objectstore.gov.bc.ca/wrfdel/aermod/d02/0832/wrfout_d02_0832_2019.nc
wrfout_d02_0833_2019.nc,833,d02,2019,82,332,91,341,59.26682472,-133.45059965,59.32934952,-132.75855255,59.61970043,-133.57762528,59.68279934,-132.87884905,https://nrs.objectstore.gov.bc.ca/wrfdel/aermod/d02/0833/wrfout_d02_0833_2019.nc
wrfout_d02_0834_2019.nc,834,d02,2019,82,342,91,351,59.61970043,-133.57762528,59.68279934,-132.87884905,59.97227478,-133.70722580,60.03594971,-133.00162507,https://nrs.objectstore.gov.bc.ca/wrfdel/aermod/d02/0834/wrfout_d02_0834_2019.nc
wrfout_d02_0835_2019.nc,835,d02,2019,82,352,91,361,59.97227478,-133.70722580,60.03594971,-133.00162507,60.32452488,-133.83947373,60.38884926,-133.12692645,https://nrs.objectstore.gov.bc.ca/wrfdel/aermod/d02/0835/wrfout_d02_0835_2019.nc
wrfout_d02_0836_2019.nc,836,d02,2019,82,362,91,371,60.32452488,-133.83947373,60.38884926,-133.12692645,60.70405006,-133.96028647,60.76848412,-133.24136355,https://nrs.objectstore.gov.bc.ca/wrfdel/aermod/d02/0836/wrfout_d02_0836_2019.nc
wrfout_d02_0837_2019.nc,837,d02,2019,82,372,91,373,60.70405006,-133.96028647,60.76848412,-133.24136355,60.70405006,-133.96028647,60.76848412,-133.24136355,https://nrs.objectstore.gov.bc.ca/wrfdel/aermod/d02/0837/wrfout_d02_0837_2019.nc
wrfout_d02_0907_2019.nc,907,d02,2019,92,72,101,81,50.11330032,-130.27360530,50.14576721,-129.73570253,50.45423254,-130.36576843,50.49492455,-129.81502535,https://nrs.objectstore.gov.bc.ca/wrfdel/aermod/d02/0907/wrfout_d02_0907_2019.nc
wrfout_d02_0908_2019.nc,908,d02,2019,92,82,101,91,50.45423254,-130.36576843,50.49492455,-129.81502535,50.80305004,-130.45062257,50.85064888,-129.88757325,https://nrs.objectstore.gov.bc.ca/wrfdel/aermod/d02/0908/wrfout_d02_0908_2019.nc
wrfout_d02_0909_2019.nc,909,d02,2019,92,92,101,101,50.80305004,-130.45062257,50.85064888,-129.88757325,51.15852547,-130.52882385,51.20652485,-129.96129990,https://nrs.objectstore.gov.bc.ca/wrfdel/aermod/d02/0909/wrfout_d02_0909_2019.nc
wrfout_d02_0910_2019.nc,910,d02,2019,92,102,101,111,51.15852547,-130.52882385,51.20652485,-129.96129990,51.51407433,-130.60835265,51.56247521,-130.03625107,https://nrs.objectstore.gov.bc.ca/wrfdel/aermod/d02/0910/wrfout_d02_0910_2019.nc
wrfout_d02_0911_2019.nc,911,d02,2019,92,112,101,121,51.51407433,-130.60835265,51.56247521,-130.03625107,51.86970043,-130.68917848,51.91854954,-130.11245345,https://nrs.objectstore.gov.bc.ca/wrfdel/aermod/d02/0911/wrfout_d02_0911_2019.nc
wrfout_d02_0912_2019.nc,912,d02,2019,92,122,101,131,51.86970043,-130.68917848,51.91854954,-130.11245345,52.22537518,-130.77132798,52.27465057,-130.18990325,https://nrs.objectstore.gov.bc.ca/wrfdel/aermod/d02/0912/wrfout_d02_0912_2019.nc
wrfout_d02_0913_2019.nc,913,d02,2019,92,132,101,141,52.22537518,-130.77132798,52.27465057,-130.18990325,52.58115005,-130.85487745,52.63082504,-130.26867678,https://nrs.objectstore.gov.bc.ca/wrfdel/aermod/d02/0913/wrfout_d02_0913_2019.nc
wrfout_d02_0914_2019.nc,914,d02,2019,92,142,101,151,52.58115005,-130.85487745,52.63082504,-130.26867678,52.93692398,-130.93984983,52.98705006,-130.34877780,https://nrs.objectstore.gov.bc.ca/wrfdel/aermod/d02/0914/wrfout_d02_0914_2019.nc
wrfout_d02_0915_2019.nc,915,d02,2019,92,152,101,161,52.93692398,-130.93984983,52.98705006,-130.34877780,53.29269981,-131.02624890,53.34327507,-130.43020250,https://nrs.objectstore.gov.bc.ca/wrfdel/aermod/d02/0915/wrfout_d02_0915_2019.nc
wrfout_d02_0916_2019.nc,916,d02,2019,92,162,101,171,53.29269981,-131.02624890,53.34327507,-130.43020250,53.64850044,-131.11412807,53.69950104,-130.51305008,https://nrs.objectstore.gov.bc.ca/wrfdel/aermod/d02/0916/wrfout_d02_0916_2019.nc
wrfout_d02_0917_2019.nc,917,d02,2019,92,172,101,181,53.64850044,-131.11412807,53.69950104,-130.51305008,54.00430012,-131.20355602,54.05574989,-130.59737395,https://nrs.objectstore.gov.bc.ca/wrfdel/aermod/d02/0917/wrfout_d02_0917_2019.nc
wrfout_d02_0918_2019.nc,918,d02,2019,92,182,101,191,54.00430012,-131.20355602,54.05574989,-130.59737395,54.36005020,-131.29455182,54.41197395,-130.68317412,https://nrs.objectstore.gov.bc.ca/wrfdel/aermod/d02/0918/wrfout_d02_0918_2019.nc
wrfout_d02_0919_2019.nc,919,d02,2019,92,192,101,201,54.36005020,-131.29455182,54.41197395,-130.68317412,54.71577454,-131.38714980,54.76815033,-130.77050017,https://nrs.objectstore.gov.bc.ca/wrfdel/aermod/d02/0919/wrfout_d02_0919_2019.nc
wrfout_d02_0920_2019.nc,920,d02,2019,92,202,101,211,54.71577454,-131.38714980,54.76815033,-130.77050017,55.07145023,-131.48140335,55.12430000,-130.85937500,https://nrs.objectstore.gov.bc.ca/wrfdel/aermod/d02/0920/wrfout_d02_0920_2019.nc
wrfout_d02_0921_2019.nc,921,d02,2019,92,212,101,221,55.07145023,-131.48140335,55.12430000,-130.85937500,55.42704964,-131.57732393,55.48037529,-130.94979860,https://nrs.objectstore.gov.bc.ca/wrfdel/aermod/d02/0921/wrfout_d02_0921_2019.nc
wrfout_d02_0922_2019.nc,922,d02,2019,92,222,101,231,55.42704964,-131.57732393,55.48037529,-130.94979860,55.78257466,-131.67497255,55.83634949,-131.04190065,https://nrs.objectstore.gov.bc.ca/wrfdel/aermod/d02/0922/wrfout_d02_0922_2019.nc
wrfout_d02_0923_2019.nc,923,d02,2019,92,232,101,241,55.78257466,-131.67497255,55.83634949,-131.04190065,56.13799953,-131.77442550,56.19227600,-131.13572312,https://nrs.objectstore.gov.bc.ca/wrfdel/aermod/d02/0923/wrfout_d02_0923_2019.nc
wrfout_d02_0924_2019.nc,924,d02,2019,92,242,101,251,56.13799953,-131.77442550,56.19227600,-131.13572312,56.49327469,-131.87572480,56.54804993,-131.23124695,https://nrs.objectstore.gov.bc.ca/wrfdel/aermod/d02/0924/wrfout_d02_0924_2019.nc
wrfout_d02_0925_2019.nc,925,d02,2019,92,252,101,261,56.49327469,-131.87572480,56.54804993,-131.23124695,56.84842491,-131.97887422,56.90369987,-131.32857513,https://nrs.objectstore.gov.bc.ca/wrfdel/aermod/d02/0925/wrfout_d02_0925_2019.nc
wrfout_d02_0926_2019.nc,926,d02,2019,92,262,101,271,56.84842491,-131.97887422,56.90369987,-131.32857513,57.20342445,-132.08394623,57.25922394,-131.42772675,https://nrs.objectstore.gov.bc.ca/wrfdel/aermod/d02/0926/wrfout_d02_0926_2019.nc
wrfout_d02_0927_2019.nc,927,d02,2019,92,272,101,281,57.20342445,-132.08394623,57.25922394,-131.42772675,57.55824947,-132.19107055,57.61454964,-131.52875138,https://nrs.objectstore.gov.bc.ca/wrfdel/aermod/d02/0927/wrfout_d02_0927_2019.nc
wrfout_d02_0928_2019.nc,928,d02,2019,92,282,101,291,57.55824947,-132.19107055,57.61454964,-131.52875138,57.91289997,-132.30025100,57.96972561,-131.63169860,https://nrs.objectstore.gov.bc.ca/wrfdel/aermod/d02/0928/wrfout_d02_0928_2019.nc
wrfout_d02_0929_2019.nc,929,d02,2019,92,292,101,301,57.91289997,-132.30025100,57.96972561,-131.63169860,58.26737499,-132.41152570,58.32470036,-131.73667145,https://nrs.objectstore.gov.bc.ca/wrfdel/aermod/d02/0929/wrfout_d02_0929_2019.nc
wrfout_d02_0930_2019.nc,930,d02,2019,92,302,101,311,58.26737499,-132.41152570,58.32470036,-131.73667145,58.62162590,-132.52494810,58.67950058,-131.84372330,https://nrs.objectstore.gov.bc.ca/wrfdel/aermod/d02/0930/wrfout_d02_0930_2019.nc
wrfout_d02_0931_2019.nc,931,d02,2019,92,312,101,321,58.62162590,-132.52494810,58.67950058,-131.84372330,58.97560024,-132.64060210,59.03405094,-131.95282745,https://nrs.objectstore.gov.bc.ca/wrfdel/aermod/d02/0931/wrfout_d02_0931_2019.nc
wrfout_d02_0932_2019.nc,932,d02,2019,92,322,101,331,58.97560024,-132.64060210,59.03405094,-131.95282745,59.32934952,-132.75855255,59.38834858,-132.06412887,https://nrs.objectstore.gov.bc.ca/wrfdel/aermod/d02/0932/wrfout_d02_0932_2019.nc
wrfout_d02_0933_2019.nc,933,d02,2019,92,332,101,341,59.32934952,-132.75855255,59.38834858,-132.06412887,59.68279934,-132.87884905,59.74235058,-132.17767718,https://nrs.objectstore.gov.bc.ca/wrfdel/aermod/d02/0933/wrfout_d02_0933_2019.nc
wrfout_d02_0934_2019.nc,934,d02,2019,92,342,101,351,59.68279934,-132.87884905,59.74235058,-132.17767718,60.03594971,-133.00162507,60.09607506,-132.29352573,https://nrs.objectstore.gov.bc.ca/wrfdel/aermod/d02/0934/wrfout_d02_0934_2019.nc
wrfout_d02_0935_2019.nc,935,d02,2019,92,352,101,361,60.03594971,-133.00162507,60.09607506,-132.29352573,60.38884926,-133.12692645,60.44954968,-132.41177370,https://nrs.objectstore.gov.bc.ca/wrfdel/aermod/d02/0935/wrfout_d02_0935_2019.nc
wrfout_d02_0936_2019.nc,936,d02,2019,92,362,101,371,60.38884926,-133.12692645,60.44954968,-132.41177370,60.76848412,-133.24136355,60.82926686,-132.51976523,https://nrs.objectstore.gov.bc.ca/wrfdel/aermod/d02/0936/wrfout_d02_0936_2019.nc
wrfout_d02_0937_2019.nc,937,d02,2019,92,372,101,373,60.76848412,-133.24136355,60.82926686,-132.51976523,60.76848412,-133.24136355,60.82926686,-132.51976523,https://nrs.objectstore.gov.bc.ca/wrfdel/aermod/d02/0937/wrfout_d02_0937_2019.nc
wrfout_d02_1006_2019.nc,1006,d02,2019,102,62,111,71,49.80440140,-129.64900210,49.83376694,-129.11433407,50.14576721,-129.73570253,50.18325043,-129.18830108,https://nrs.objectstore.gov.bc.ca/wrfdel/aermod/d02/1006/wrfout_d02_1006_2019.nc
wrfout_d02_1007_2019.nc,1007,d02,2019,102,72,111,81,50.14576721,-129.73570253,50.18325043,-129.18830108,50.49492455,-129.81502535,50.53927422,-129.25529862,https://nrs.objectstore.gov.bc.ca/wrfdel/aermod/d02/1007/wrfout_d02_1007_2019.nc
wrfout_d02_1008_2019.nc,1008,d02,2019,102,82,111,91,50.49492455,-129.81502535,50.53927422,-129.25529862,50.85064888,-129.88757325,50.89539910,-129.32337570,https://nrs.objectstore.gov.bc.ca/wrfdel/aermod/d02/1008/wrfout_d02_1008_2019.nc
wrfout_d02_1009_2019.nc,1009,d02,2019,102,92,111,101,50.85064888,-129.88757325,50.89539910,-129.32337570,51.20652485,-129.96129990,51.25162506,-129.39260100,https://nrs.objectstore.gov.bc.ca/wrfdel/aermod/d02/1009/wrfout_d02_1009_2019.nc
wrfout_d02_1010_2019.nc,1010,d02,2019,102,102,111,111,51.20652485,-129.96129990,51.25162506,-129.39260100,51.56247521,-130.03625107,51.60797596,-129.46294785,https://nrs.objectstore.gov.bc.ca/wrfdel/aermod/d02/1010/wrfout_d02_1010_2019.nc
wrfout_d02_1011_2019.nc,1011,d02,2019,102,112,111,121,51.56247521,-130.03625107,51.60797596,-129.46294785,51.91854954,-130.11245345,51.96444893,-129.53447342,https://nrs.objectstore.gov.bc.ca/wrfdel/aermod/d02/1011/wrfout_d02_1011_2019.nc
wrfout_d02_1012_2019.nc,1012,d02,2019,102,122,111,131,51.91854954,-130.11245345,51.96444893,-129.53447342,52.27465057,-130.18990325,52.32095146,-129.60720060,https://nrs.objectstore.gov.bc.ca/wrfdel/aermod/d02/1012/wrfout_d02_1012_2019.nc
wrfout_d02_1013_2019.nc,1013,d02,2019,102,132,111,141,52.27465057,-130.18990325,52.32095146,-129.60720060,52.63082504,-130.26867678,52.67749977,-129.68112562,https://nrs.objectstore.gov.bc.ca/wrfdel/aermod/d02/1013/wrfout_d02_1013_2019.nc
wrfout_d02_1014_2019.nc,1014,d02,2019,102,142,111,151,52.63082504,-130.26867678,52.67749977,-129.68112562,52.98705006,-130.34877780,53.03412533,-129.75629805,https://nrs.objectstore.gov.bc.ca/wrfdel/aermod/d02/1014/wrfout_d02_1014_2019.nc
wrfout_d02_1015_2019.nc,1015,d02,2019,102,152,111,161,52.98705006,-130.34877780,53.03412533,-129.75629805,53.34327507,-130.43020250,53.39079952,-129.83277510,https://nrs.objectstore.gov.bc.ca/wrfdel/aermod/d02/1015/wrfout_d02_1015_2019.nc
wrfout_d02_1016_2019.nc,1016,d02,2019,102,162,111,171,53.34327507,-130.43020250,53.39079952,-129.83277510,53.69950104,-130.51305008,53.74744988,-129.91059875,https://nrs.objectstore.gov.bc.ca/wrfdel/aermod/d02/1016/wrfout_d02_1016_2019.nc
wrfout_d02_1017_2019.nc,1017,d02,2019,102,172,111,181,53.69950104,-130.51305008,53.74744988,-129.91059875,54.05574989,-130.59737395,54.10410023,-129.98977280,https://nrs.objectstore.gov.bc.ca/wrfdel/aermod/d02/1017/wrfout_d02_1017_2019.nc
wrfout_d02_1018_2019.nc,1018,d02,2019,102,182,111,191,54.05574989,-130.59737395,54.10410023,-129.98977280,54.41197395,-130.68317412,54.46077442,-130.07030105,https://nrs.objectstore.gov.bc.ca/wrfdel/aermod/d02/1018/wrfout_d02_1018_2019.nc
wrfout_d02_1019_2019.nc,1019,d02,2019,102,192,111,201,54.41197395,-130.68317412,54.46077442,-130.07030105,54.76815033,-130.77050017,54.81737518,-130.15227508,https://nrs.objectstore.gov.bc.ca/wrfdel/aermod/d02/1019/wrfout_d02_1019_2019.nc
wrfout_d02_1020_2019.nc,1020,d02,2019,102,202,111,211,54.76815033,-130.77050017,54.81737518,-130.15227508,55.12430000,-130.85937500,55.17397499,-130.23572542,https://nrs.objectstore.gov.bc.ca/wrfdel/aermod/d02/1020/wrfout_d02_1020_2019.nc
wrfout_d02_1021_2019.nc,1021,d02,2019,102,212,111,221,55.12430000,-130.85937500,55.17397499,-130.23572542,55.48037529,-130.94979860,55.53049946,-130.32067492,https://nrs.objectstore.gov.bc.ca/wrfdel/aermod/d02/1021/wrfout_d02_1021_2019.nc
wrfout_d02_1022_2019.nc,1022,d02,2019,102,222,111,231,55.48037529,-130.94979860,55.53049946,-130.32067492,55.83634949,-131.04190065,55.88692570,-130.40719988,https://nrs.objectstore.gov.bc.ca/wrfdel/aermod/d02/1022/wrfout_d02_1022_2019.nc
wrfout_d02_1023_2019.nc,1023,d02,2019,102,232,111,241,55.83634949,-131.04190065,55.88692570,-130.40719988,56.19227600,-131.13572312,56.24327564,-130.49530030,https://nrs.objectstore.gov.bc.ca/wrfdel/aermod/d02/1023/wrfout_d02_1023_2019.nc
wrfout_d02_1024_2019.nc,1024,d02,2019,102,242,111,251,56.19227600,-131.13572312,56.24327564,-130.49530030,56.54804993,-131.23124695,56.59952545,-130.58499907,https://nrs.objectstore.gov.bc.ca/wrfdel/aermod/d02/1024/wrfout_d02_1024_2019.nc
wrfout_d02_1025_2019.nc,1025,d02,2019,102,252,111,261,56.54804993,-131.23124695,56.59952545,-130.58499907,56.90369987,-131.32857513,56.95565033,-130.67637250,https://nrs.objectstore.gov.bc.ca/wrfdel/aermod/d02/1025/wrfout_d02_1025_2019.nc
wrfout_d02_1026_2019.nc,1026,d02,2019,102,262,111,271,56.90369987,-131.32857513,56.95565033,-130.67637250,57.25922394,-131.42772675,57.31167507,-130.76952360,https://nrs.objectstore.gov.bc.ca/wrfdel/aermod/d02/1026/wrfout_d02_1026_2019.nc
wrfout_d02_1027_2019.nc,1027,d02,2019,102,272,111,281,57.25922394,-131.42772675,57.31167507,-130.76952360,57.61454964,-131.52875138,57.66747475,-130.86445235,https://nrs.objectstore.gov.bc.ca/wrfdel/aermod/d02/1027/wrfout_d02_1027_2019.nc
wrfout_d02_1028_2019.nc,1028,d02,2019,102,282,111,291,57.61454964,-131.52875138,57.66747475,-130.86445235,57.96972561,-131.63169860,58.02315044,-130.96117780,https://nrs.objectstore.gov.bc.ca/wrfdel/aermod/d02/1028/wrfout_d02_1028_2019.nc
wrfout_d02_1029_2019.nc,1029,d02,2019,102,292,111,301,57.96972561,-131.63169860,58.02315044,-130.96117780,58.32470036,-131.73667145,58.37862492,-131.05980300,https://nrs.objectstore.gov.bc.ca/wrfdel/aermod/d02/1029/wrfout_d02_1029_2019.nc
wrfout_d02_1030_2019.nc,1030,d02,2019,102,302,111,311,58.32470036,-131.73667145,58.37862492,-131.05980300,58.67950058,-131.84372330,58.73390007,-131.16035082,https://nrs.objectstore.gov.bc.ca/wrfdel/aermod/d02/1030/wrfout_d02_1030_2019.nc
wrfout_d02_1031_2019.nc,1031,d02,2019,102,312,111,321,58.67950058,-131.84372330,58.73390007,-131.16035082,59.03405094,-131.95282745,59.08897495,-131.26287080,https://nrs.objectstore.gov.bc.ca/wrfdel/aermod/d02/1031/wrfout_d02_1031_2019.nc
wrfout_d02_1032_2019.nc,1032,d02,2019,102,322,111,331,59.03405094,-131.95282745,59.08897495,-131.26287080,59.38834858,-132.06412887,59.44377422,-131.36744690,https://nrs.objectstore.gov.bc.ca/wrfdel/aermod/d02/1032/wrfout_d02_1032_2019.nc
wrfout_d02_1033_2019.nc,1033,d02,2019,102,332,111,341,59.38834858,-132.06412887,59.44377422,-131.36744690,59.74235058,-132.17767718,59.79835033,-131.47412490,https://nrs.objectstore.gov.bc.ca/wrfdel/aermod/d02/1033/wrfout_d02_1033_2019.nc
wrfout_d02_1034_2019.nc,1034,d02,2019,102,342,111,351,59.74235058,-132.17767718,59.79835033,-131.47412490,60.09607506,-132.29352573,60.15262508,-131.58302688,https://nrs.objectstore.gov.bc.ca/wrfdel/aermod/d02/1034/wrfout_d02_1034_2019.nc
wrfout_d02_1035_2019.nc,1035,d02,2019,102,352,111,361,60.09607506,-132.29352573,60.15262508,-131.58302688,60.44954968,-132.41177370,60.50662518,-131.69415283,https://nrs.objectstore.gov.bc.ca/wrfdel/aermod/d02/1035/wrfout_d02_1035_2019.nc
wrfout_d02_1036_2019.nc,1036,d02,2019,102,362,111,371,60.44954968,-132.41177370,60.50662518,-131.69415283,60.82926686,-132.51976523,60.88636589,-131.79565175,https://nrs.objectstore.gov.bc.ca/wrfdel/aermod/d02/1036/wrfout_d02_1036_2019.nc
wrfout_d02_1037_2019.nc,1037,d02,2019,102,372,111,373,60.82926686,-132.51976523,60.88636589,-131.79565175,60.82926686,-132.51976523,60.88636589,-131.79565175,https://nrs.objectstore.gov.bc.ca/wrfdel/aermod/d02/1037/wrfout_d02_1037_2019.nc
wrfout_d02_1104_2019.nc,1104,d02,2019,112,42,121,51,49.13660049,-128.96919250,49.16260020,-128.44193523,49.49259948,-129.00104520,49.51212502,-128.50962450,https://nrs.objectstore.gov.bc.ca/wrfdel/aermod/d02/1104/wrfout_d02_1104_2019.nc
wrfout_d02_1105_2019.nc,1105,d02,2019,112,52,121,61,49.49259948,-129.00104520,49.51212502,-128.50962450,49.83376694,-129.11433407,49.86817455,-128.57027055,https://nrs.objectstore.gov.bc.ca/wrfdel/aermod/d02/1105/wrfout_d02_1105_2019.nc
wrfout_d02_1106_2019.nc,1106,d02,2019,112,62,121,71,49.83376694,-129.11433407,49.86817455,-128.57027055,50.18325043,-129.18830108,50.22437477,-128.63187028,https://nrs.objectstore.gov.bc.ca/wrfdel/aermod/d02/1106/wrfout_d02_1106_2019.nc
wrfout_d02_1107_2019.nc,1107,d02,2019,112,72,121,81,50.18325043,-129.18830108,50.22437477,-128.63187028,50.53927422,-129.25529862,50.58074951,-128.69445038,https://nrs.objectstore.gov.bc.ca/wrfdel/aermod/d02/1107/wrfout_d02_1107_2019.nc
wrfout_d02_1108_2019.nc,1108,d02,2019,112,82,121,91,50.53927422,-129.25529862,50.58074951,-128.69445038,50.89539910,-129.32337570,50.93727494,-128.75807570,https://nrs.objectstore.gov.bc.ca/wrfdel/aermod/d02/1108/wrfout_d02_1108_2019.nc
wrfout_d02_1109_2019.nc,1109,d02,2019,112,92,121,101,50.89539910,-129.32337570,50.93727494,-128.75807570,51.25162506,-129.39260100,51.29384995,-128.82275008,https://nrs.objectstore.gov.bc.ca/wrfdel/aermod/d02/1109/wrfout_d02_1109_2019.nc
wrfout_d02_1110_2019.nc,1110,d02,2019,112,102,121,111,51.25162506,-129.39260100,51.29384995,-128.82275008,51.60797596,-129.46294785,51.65055085,-128.88850403,https://nrs.objectstore.gov.bc.ca/wrfdel/aermod/d02/1110/wrfout_d02_1110_2019.nc
wrfout_d02_1111_2019.nc,1111,d02,2019,112,112,121,121,51.60797596,-129.46294785,51.65055085,-128.88850403,51.96444893,-129.53447342,52.00739956,-128.95532990,https://nrs.objectstore.gov.bc.ca/wrfdel/aermod/d02/1111/wrfout_d02_1111_2019.nc
wrfout_d02_1112_2019.nc,1112,d02,2019,112,122,121,131,51.96444893,-129.53447342,52.00739956,-128.95532990,52.32095146,-129.60720060,52.36427593,-129.02322770,https://nrs.objectstore.gov.bc.ca/wrfdel/aermod/d02/1112/wrfout_d02_1112_2019.nc
wrfout_d02_1113_2019.nc,1113,d02,2019,112,132,121,141,52.32095146,-129.60720060,52.36427593,-129.02322770,52.67749977,-129.68112562,52.72122574,-129.09232332,https://nrs.objectstore.gov.bc.ca/wrfdel/aermod/d02/1113/wrfout_d02_1113_2019.nc
wrfout_d02_1114_2019.nc,1114,d02,2019,112,142,121,151,52.67749977,-129.68112562,52.72122574,-129.09232332,53.03412533,-129.75629805,53.07820034,-129.16259768,https://nrs.objectstore.gov.bc.ca/wrfdel/aermod/d02/1114/wrfout_d02_1114_2019.nc
wrfout_d02_1115_2019.nc,1115,d02,2019,112,152,121,161,53.03412533,-129.75629805,53.07820034,-129.16259768,53.39079952,-129.83277510,53.43524933,-129.23405075,https://nrs.objectstore.gov.bc.ca/wrfdel/aermod/d02/1115/wrfout_d02_1115_2019.nc
wrfout_d02_1116_2019.nc,1116,d02,2019,112,162,121,171,53.39079952,-129.83277510,53.43524933,-129.23405075,53.74744988,-129.91059875,53.79229927,-129.30677795,https://nrs.objectstore.gov.bc.ca/wrfdel/aermod/d02/1116/wrfout_d02_1116_2019.nc
wrfout_d02_1117_2019.nc,1117,d02,2019,112,172,121,181,53.74744988,-129.91059875,53.79229927,-129.30677795,54.10410023,-129.98977280,54.14935017,-129.38075258,https://nrs.objectstore.gov.bc.ca/wrfdel/aermod/d02/1117/wrfout_d02_1117_2019.nc
wrfout_d02_1118_2019.nc,1118,d02,2019,112,182,121,191,54.10410023,-129.98977280,54.14935017,-129.38075258,54.46077442,-130.07030105,54.50642490,-129.45600130,https://nrs.objectstore.gov.bc.ca/wrfdel/aermod/d02/1118/wrfout_d02_1118_2019.nc
wrfout_d02_1119_2019.nc,1119,d02,2019,112,192,121,201,54.46077442,-130.07030105,54.50642490,-129.45600130,54.81737518,-130.15227508,54.86342526,-129.53260040,https://nrs.objectstore.gov.bc.ca/wrfdel/aermod/d02/1119/wrfout_d02_1119_2019.nc
wrfout_d02_1120_2019.nc,1120,d02,2019,112,202,121,211,54.81737518,-130.15227508,54.86342526,-129.53260040,55.17397499,-130.23572542,55.22044945,-129.61059952,https://nrs.objectstore.gov.bc.ca/wrfdel/aermod/d02/1120/wrfout_d02_1120_2019.nc
wrfout_d02_1121_2019.nc,1121,d02,2019,112,212,121,221,55.17397499,-130.23572542,55.22044945,-129.61059952,55.53049946,-130.32067492,55.57737446,-129.69002535,https://nrs.objectstore.gov.bc.ca/wrfdel/aermod/d02/1121/wrfout_d02_1121_2019.nc
wrfout_d02_1122_2019.nc,1122,d02,2019,112,222,121,231,55.53049946,-130.32067492,55.57737446,-129.69002535,55.88692570,-130.40719988,55.93425083,-129.77087785,https://nrs.objectstore.gov.bc.ca/wrfdel/aermod/d02/1122/wrfout_d02_1122_2019.nc
wrfout_d02_1123_2019.nc,1123,d02,2019,112,232,121,241,55.88692570,-130.40719988,55.93425083,-129.77087785,56.24327564,-130.49530030,56.29102516,-129.85320283,https://nrs.objectstore.gov.bc.ca/wrfdel/aermod/d02/1123/wrfout_d02_1123_2019.nc
wrfout_d02_1124_2019.nc,1124,d02,2019,112,242,121,251,56.24327564,-130.49530030,56.29102516,-129.85320283,56.59952545,-130.58499907,56.64770031,-129.93707657,https://nrs.objectstore.gov.bc.ca/wrfdel/aermod/d02/1124/wrfout_d02_1124_2019.nc
wrfout_d02_1125_2019.nc,1125,d02,2019,112,252,121,261,56.59952545,-130.58499907,56.64770031,-129.93707657,56.95565033,-130.67637250,57.00427532,-130.02252580,https://nrs.objectstore.gov.bc.ca/wrfdel/aermod/d02/1125/wrfout_d02_1125_2019.nc
wrfout_d02_1126_2019.nc,1126,d02,2019,112,262,121,271,56.95565033,-130.67637250,57.00427532,-130.02252580,57.31167507,-130.76952360,57.36075020,-130.10960008,https://nrs.objectstore.gov.bc.ca/wrfdel/aermod/d02/1126/wrfout_d02_1126_2019.nc
wrfout_d02_1127_2019.nc,1127,d02,2019,112,272,121,281,57.31167507,-130.76952360,57.36075020,-130.10960008,57.66747475,-130.86445235,57.71702480,-130.19832610,https://nrs.objectstore.gov.bc.ca/wrfdel/aermod/d02/1127/wrfout_d02_1127_2019.nc
wrfout_d02_1128_2019.nc,1128,d02,2019,112,282,121,291,57.66747475,-130.86445235,57.71702480,-130.19832610,58.02315044,-130.96117780,58.07314968,-130.28877637,https://nrs.objectstore.gov.bc.ca/wrfdel/aermod/d02/1128/wrfout_d02_1128_2019.nc
wrfout_d02_1129_2019.nc,1129,d02,2019,112,292,121,301,58.02315044,-130.96117780,58.07314968,-130.28877637,58.37862492,-131.05980300,58.42909909,-130.38100050,https://nrs.objectstore.gov.bc.ca/wrfdel/aermod/d02/1129/wrfout_d02_1129_2019.nc
wrfout_d02_1130_2019.nc,1130,d02,2019,112,302,121,311,58.37862492,-131.05980300,58.42909909,-130.38100050,58.73390007,-131.16035082,58.78485012,-130.47499848,https://nrs.objectstore.gov.bc.ca/wrfdel/aermod/d02/1130/wrfout_d02_1130_2019.nc
wrfout_d02_1131_2019.nc,1131,d02,2019,112,312,121,321,58.73390007,-131.16035082,58.78485012,-130.47499848,59.08897495,-131.26287080,59.14039898,-130.57087327,https://nrs.objectstore.gov.bc.ca/wrfdel/aermod/d02/1131/wrfout_d02_1131_2019.nc
wrfout_d02_1132_2019.nc,1132,d02,2019,112,322,121,331,59.08897495,-131.26287080,59.14039898,-130.57087327,59.44377422,-131.36744690,59.49567509,-130.66867447,https://nrs.objectstore.gov.bc.ca/wrfdel/aermod/d02/1132/wrfout_d02_1132_2019.nc
wrfout_d02_1133_2019.nc,1133,d02,2019,112,332,121,341,59.44377422,-131.36744690,59.49567509,-130.66867447,59.79835033,-131.47412490,59.85074901,-130.76845170,https://nrs.objectstore.gov.bc.ca/wrfdel/aermod/d02/1133/wrfout_d02_1133_2019.nc
wrfout_d02_1134_2019.nc,1134,d02,2019,112,342,121,351,59.79835033,-131.47412490,59.85074901,-130.76845170,60.15262508,-131.58302688,60.20555020,-130.87030030,https://nrs.objectstore.gov.bc.ca/wrfdel/aermod/d02/1134/wrfout_d02_1134_2019.nc
wrfout_d02_1135_2019.nc,1135,d02,2019,112,352,121,361,60.15262508,-131.58302688,60.20555020,-130.87030030,60.50662518,-131.69415283,60.56005001,-130.97424697,https://nrs.objectstore.gov.bc.ca/wrfdel/aermod/d02/1135/wrfout_d02_1135_2019.nc
wrfout_d02_1136_2019.nc,1136,d02,2019,112,362,121,371,60.50662518,-131.69415283,60.56005001,-130.97424697,60.88636589,-131.79565175,60.93978310,-131.06918332,https://nrs.objectstore.gov.bc.ca/wrfdel/aermod/d02/1136/wrfout_d02_1136_2019.nc
wrfout_d02_1137_2019.nc,1137,d02,2019,112,372,121,373,60.88636589,-131.79565175,60.93978310,-131.06918332,60.88636589,-131.79565175,60.93978310,-131.06918332,https://nrs.objectstore.gov.bc.ca/wrfdel/aermod/d02/1137/wrfout_d02_1137_2019.nc
wrfout_d02_1203_2019.nc,1203,d02,2019,122,32,131,41,48.82089996,-128.36669920,48.84390004,-127.84280143,49.16260020,-128.44193523,49.19357490,-127.90540125,https://nrs.objectstore.gov.bc.ca/wrfdel/aermod/d02/1203/wrfout_d02_1203_2019.nc
wrfout_d02_1204_2019.nc,1204,d02,2019,122,42,131,51,49.16260020,-128.44193523,49.19357490,-127.90540125,49.51212502,-128.50962450,49.54979992,-127.96084977,https://nrs.objectstore.gov.bc.ca/wrfdel/aermod/d02/1204/wrfout_d02_1204_2019.nc
wrfout_d02_1205_2019.nc,1205,d02,2019,122,52,131,61,49.51212502,-128.50962450,49.54979992,-127.96084977,49.86817455,-128.57027055,49.90617466,-128.01722527,https://nrs.objectstore.gov.bc.ca/wrfdel/aermod/d02/1205/wrfout_d02_1205_2019.nc
wrfout_d02_1206_2019.nc,1206,d02,2019,122,62,131,71,49.86817455,-128.57027055,49.90617466,-128.01722527,50.22437477,-128.63187028,50.26270008,-128.07447625,https://nrs.objectstore.gov.bc.ca/wrfdel/aermod/d02/1206/wrfout_d02_1206_2019.nc
wrfout_d02_1207_2019.nc,1207,d02,2019,122,72,131,81,50.22437477,-128.63187028,50.26270008,-128.07447625,50.58074951,-128.69445038,50.61935043,-128.13262558,https://nrs.objectstore.gov.bc.ca/wrfdel/aermod/d02/1207/wrfout_d02_1207_2019.nc
wrfout_d02_1208_2019.nc,1208,d02,2019,122,82,131,91,50.58074951,-128.69445038,50.61935043,-128.13262558,50.93727494,-128.75807570,50.97625065,-128.19174958,https://nrs.objectstore.gov.bc.ca/wrfdel/aermod/d02/1208/wrfout_d02_1208_2019.nc
wrfout_d02_1209_2019.nc,1209,d02,2019,122,92,131,101,50.93727494,-128.75807570,50.97625065,-128.19174958,51.29384995,-128.82275008,51.33317471,-128.25185013,https://nrs.objectstore.gov.bc.ca/wrfdel/aermod/d02/1209/wrfout_d02_1209_2019.nc
wrfout_d02_1210_2019.nc,1210,d02,2019,122,102,131,111,51.29384995,-128.82275008,51.33317471,-128.25185013,51.65055085,-128.88850403,51.69020081,-128.31292723,https://nrs.objectstore.gov.bc.ca/wrfdel/aermod/d02/1210/wrfout_d02_1210_2019.nc
wrfout_d02_1211_2019.nc,1211,d02,2019,122,112,131,121,51.65055085,-128.88850403,51.69020081,-128.31292723,52.00739956,-128.95532990,52.04737472,-128.37499998,https://nrs.objectstore.gov.bc.ca/wrfdel/aermod/d02/1211/wrfout_d02_1211_2019.nc
wrfout_d02_1212_2019.nc,1212,d02,2019,122,122,131,131,52.00739956,-128.95532990,52.04737472,-128.37499998,52.36427593,-129.02322770,52.40460014,-128.43814850,https://nrs.objectstore.gov.bc.ca/wrfdel/aermod/d02/1212/wrfout_d02_1212_2019.nc
wrfout_d02_1213_2019.nc,1213,d02,2019,122,132,131,141,52.36427593,-129.02322770,52.40460014,-128.43814850,52.72122574,-129.09232332,52.76192570,-128.50237275,https://nrs.objectstore.gov.bc.ca/wrfdel/aermod/d02/1213/wrfout_d02_1213_2019.nc
wrfout_d02_1214_2019.nc,1214,d02,2019,122,142,131,151,52.72122574,-129.09232332,52.76192570,-128.50237275,53.07820034,-129.16259768,53.11925030,-128.56767272,https://nrs.objectstore.gov.bc.ca/wrfdel/aermod/d02/1214/wrfout_d02_1214_2019.nc
wrfout_d02_1215_2019.nc,1215,d02,2019,122,152,131,161,53.07820034,-129.16259768,53.11925030,-128.56767272,53.43524933,-129.23405075,53.47662449,-128.63407515,https://nrs.objectstore.gov.bc.ca/wrfdel/aermod/d02/1215/wrfout_d02_1215_2019.nc
wrfout_d02_1216_2019.nc,1216,d02,2019,122,162,131,171,53.43524933,-129.23405075,53.47662449,-128.63407515,53.79229927,-129.30677795,53.83407402,-128.70164870,https://nrs.objectstore.gov.bc.ca/wrfdel/aermod/d02/1216/wrfout_d02_1216_2019.nc
wrfout_d02_1217_2019.nc,1217,d02,2019,122,172,131,181,53.79229927,-129.30677795,53.83407402,-128.70164870,54.14935017,-129.38075258,54.19149971,-128.77040103,https://nrs.objectstore.gov.bc.ca/wrfdel/aermod/d02/1217/wrfout_d02_1217_2019.nc
wrfout_d02_1218_2019.nc,1218,d02,2019,122,182,131,191,54.14935017,-129.38075258,54.19149971,-128.77040103,54.50642490,-129.45600130,54.54892444,-128.84037782,https://nrs.objectstore.gov.bc.ca/wrfdel/aermod/d02/1218/wrfout_d02_1218_2019.nc
wrfout_d02_1219_2019.nc,1219,d02,2019,122,192,131,201,54.50642490,-129.45600130,54.54892444,-128.84037782,54.86342526,-129.53260040,54.90632439,-128.91162490,https://nrs.objectstore.gov.bc.ca/wrfdel/aermod/d02/1219/wrfout_d02_1219_2019.nc
wrfout_d02_1220_2019.nc,1220,d02,2019,122,202,131,211,54.86342526,-129.53260040,54.90632439,-128.91162490,55.22044945,-129.61059952,55.26372433,-128.98412323,https://nrs.objectstore.gov.bc.ca/wrfdel/aermod/d02/1220/wrfout_d02_1220_2019.nc
wrfout_d02_1221_2019.nc,1221,d02,2019,122,212,131,221,55.22044945,-129.61059952,55.26372433,-128.98412323,55.57737446,-129.69002535,55.62104988,-129.05792235,https://nrs.objectstore.gov.bc.ca/wrfdel/aermod/d02/1221/wrfout_d02_1221_2019.nc
wrfout_d02_1222_2019.nc,1222,d02,2019,122,222,131,231,55.57737446,-129.69002535,55.62104988,-129.05792235,55.93425083,-129.77087785,55.97830010,-129.13307570,https://nrs.objectstore.gov.bc.ca/wrfdel/aermod/d02/1222/wrfout_d02_1222_2019.nc
wrfout_d02_1223_2019.nc,1223,d02,2019,122,232,131,241,55.93425083,-129.77087785,55.97830010,-129.13307570,56.29102516,-129.85320283,56.33550072,-129.20962905,https://nrs.objectstore.gov.bc.ca/wrfdel/aermod/d02/1223/wrfout_d02_1223_2019.nc
wrfout_d02_1224_2019.nc,1224,d02,2019,122,242,131,251,56.29102516,-129.85320283,56.33550072,-129.20962905,56.64770031,-129.93707657,56.69257546,-129.28762818,https://nrs.objectstore.gov.bc.ca/wrfdel/aermod/d02/1224/wrfout_d02_1224_2019.nc
wrfout_d02_1225_2019.nc,1225,d02,2019,122,252,131,261,56.64770031,-129.93707657,56.69257546,-129.28762818,57.00427532,-130.02252580,57.04957485,-129.36707690,https://nrs.objectstore.gov.bc.ca/wrfdel/aermod/d02/1225/wrfout_d02_1225_2019.nc
wrfout_d02_1226_2019.nc,1226,d02,2019,122,262,131,271,57.00427532,-130.02252580,57.04957485,-129.36707690,57.36075020,-130.10960008,57.40642452,-129.44800187,https://nrs.objectstore.gov.bc.ca/wrfdel/aermod/d02/1226/wrfout_d02_1226_2019.nc
wrfout_d02_1227_2019.nc,1227,d02,2019,122,272,131,281,57.36075020,-130.10960008,57.40642452,-129.44800187,57.71702480,-130.19832610,57.76315022,-129.53050232,https://nrs.objectstore.gov.bc.ca/wrfdel/aermod/d02/1227/wrfout_d02_1227_2019.nc
wrfout_d02_1228_2019.nc,1228,d02,2019,122,282,131,291,57.71702480,-130.19832610,57.76315022,-129.53050232,58.07314968,-130.28877637,58.11972427,-129.61462403,https://nrs.objectstore.gov.bc.ca/wrfdel/aermod/d02/1228/wrfout_d02_1228_2019.nc
wrfout_d02_1229_2019.nc,1229,d02,2019,122,292,131,301,58.07314968,-130.28877637,58.11972427,-129.61462403,58.42909909,-130.38100050,58.47609997,-129.70037460,https://nrs.objectstore.gov.bc.ca/wrfdel/aermod/d02/1229/wrfout_d02_1229_2019.nc
wrfout_d02_1230_2019.nc,1230,d02,2019,122,302,131,311,58.42909909,-130.38100050,58.47609997,-129.70037460,58.78485012,-130.47499848,58.83230019,-129.78777695,https://nrs.objectstore.gov.bc.ca/wrfdel/aermod/d02/1230/wrfout_d02_1230_2019.nc
wrfout_d02_1231_2019.nc,1231,d02,2019,122,312,131,321,58.78485012,-130.47499848,58.83230019,-129.78777695,59.14039898,-130.57087327,59.18830013,-129.87695313,https://nrs.objectstore.gov.bc.ca/wrfdel/aermod/d02/1231/wrfout_d02_1231_2019.nc
wrfout_d02_1232_2019.nc,1232,d02,2019,122,322,131,331,59.14039898,-130.57087327,59.18830013,-129.87695313,59.49567509,-130.66867447,59.54404926,-129.96792603,https://nrs.objectstore.gov.bc.ca/wrfdel/aermod/d02/1232/wrfout_d02_1232_2019.nc
wrfout_d02_1233_2019.nc,1233,d02,2019,122,332,131,341,59.49567509,-130.66867447,59.54404926,-129.96792603,59.85074901,-130.76845170,59.89954948,-130.06072618,https://nrs.objectstore.gov.bc.ca/wrfdel/aermod/d02/1233/wrfout_d02_1233_2019.nc
wrfout_d02_1234_2019.nc,1234,d02,2019,122,342,131,351,59.85074901,-130.76845170,59.89954948,-130.06072618,60.20555020,-130.87030030,60.25482464,-130.15545275,https://nrs.objectstore.gov.bc.ca/wrfdel/aermod/d02/1234/wrfout_d02_1234_2019.nc
wrfout_d02_1235_2019.nc,1235,d02,2019,122,352,131,361,60.20555020,-130.87030030,60.25482464,-130.15545275,60.56005001,-130.97424697,60.60982418,-130.25212480,https://nrs.objectstore.gov.bc.ca/wrfdel/aermod/d02/1235/wrfout_d02_1235_2019.nc
wrfout_d02_1236_2019.nc,1236,d02,2019,122,362,131,371,60.56005001,-130.97424697,60.60982418,-130.25212480,60.93978310,-131.06918332,60.98950068,-130.34044900,https://nrs.objectstore.gov.bc.ca/wrfdel/aermod/d02/1236/wrfout_d02_1236_2019.nc
wrfout_d02_1237_2019.nc,1237,d02,2019,122,372,131,373,60.93978310,-131.06918332,60.98950068,-130.34044900,60.93978310,-131.06918332,60.98950068,-130.34044900,https://nrs.objectstore.gov.bc.ca/wrfdel/aermod/d02/1237/wrfout_d02_1237_2019.nc
wrfout_d02_1302_2019.nc,1302,d02,2019,132,22,141,31,48.50189972,-127.77259830,48.51885033,-127.28459935,48.84390004,-127.84280143,48.87185001,-127.30962375,https://nrs.objectstore.gov.bc.ca/wrfdel/aermod/d02/1302/wrfout_d02_1302_2019.nc
wrfout_d02_1303_2019.nc,1303,d02,2019,132,32,141,41,48.84390004,-127.84280143,48.87185001,-127.30962375,49.19357490,-127.90540125,49.22814941,-127.36004830,https://nrs.objectstore.gov.bc.ca/wrfdel/aermod/d02/1303/wrfout_d02_1303_2019.nc
wrfout_d02_1304_2019.nc,1304,d02,2019,132,42,141,51,49.19357490,-127.90540125,49.22814941,-127.36004830,49.54979992,-127.96084977,49.58467484,-127.41124915,https://nrs.objectstore.gov.bc.ca/wrfdel/aermod/d02/1304/wrfout_d02_1304_2019.nc
wrfout_d02_1305_2019.nc,1305,d02,2019,132,52,141,61,49.54979992,-127.96084977,49.58467484,-127.41124915,49.90617466,-128.01722527,49.94132423,-127.46327398,https://nrs.objectstore.gov.bc.ca/wrfdel/aermod/d02/1305/wrfout_d02_1305_2019.nc
wrfout_d02_1306_2019.nc,1306,d02,2019,132,62,141,71,49.90617466,-128.01722527,49.94132423,-127.46327398,50.26270008,-128.07447625,50.29817581,-127.51614950,https://nrs.objectstore.gov.bc.ca/wrfdel/aermod/d02/1306/wrfout_d02_1306_2019.nc
wrfout_d02_1307_2019.nc,1307,d02,2019,132,72,141,81,50.26270008,-128.07447625,50.29817581,-127.51614950,50.61935043,-128.13262558,50.65515041,-127.56987573,https://nrs.objectstore.gov.bc.ca/wrfdel/aermod/d02/1307/wrfout_d02_1307_2019.nc
wrfout_d02_1308_2019.nc,1308,d02,2019,132,82,141,91,50.61935043,-128.13262558,50.65515041,-127.56987573,50.97625065,-128.19174958,51.01227569,-127.62445070,https://nrs.objectstore.gov.bc.ca/wrfdel/aermod/d02/1308/wrfout_d02_1308_2019.nc
wrfout_d02_1309_2019.nc,1309,d02,2019,132,92,141,101,50.97625065,-128.19174958,51.01227569,-127.62445070,51.33317471,-128.25185013,51.36955071,-127.67992592,https://nrs.objectstore.gov.bc.ca/wrfdel/aermod/d02/1309/wrfout_d02_1309_2019.nc
wrfout_d02_1310_2019.nc,1310,d02,2019,132,102,141,111,51.33317471,-128.25185013,51.36955071,-127.67992592,51.69020081,-128.31292723,51.72690010,-127.73632622,https://nrs.objectstore.gov.bc.ca/wrfdel/aermod/d02/1310/wrfout_d02_1310_2019.nc
wrfout_d02_1311_2019.nc,1311,d02,2019,132,112,141,121,51.69020081,-128.31292723,51.72690010,-127.73632622,52.04737472,-128.37499998,52.08437443,-127.79364970,https://nrs.objectstore.gov.bc.ca/wrfdel/aermod/d02/1311/wrfout_d02_1311_2019.nc
wrfout_d02_1312_2019.nc,1312,d02,2019,132,122,141,131,52.04737472,-128.37499998,52.08437443,-127.79364970,52.40460014,-128.43814850,52.44192505,-127.85194970,https://nrs.objectstore.gov.bc.ca/wrfdel/aermod/d02/1312/wrfout_d02_1312_2019.nc
wrfout_d02_1313_2019.nc,1313,d02,2019,132,132,141,141,52.40460014,-128.43814850,52.44192505,-127.85194970,52.76192570,-128.50237275,52.79955005,-127.91125105,https://nrs.objectstore.gov.bc.ca/wrfdel/aermod/d02/1313/wrfout_d02_1313_2019.nc
wrfout_d02_1314_2019.nc,1314,d02,2019,132,142,141,151,52.76192570,-128.50237275,52.79955005,-127.91125105,53.11925030,-128.56767272,53.15722561,-127.97157477,https://nrs.objectstore.gov.bc.ca/wrfdel/aermod/d02/1314/wrfout_d02_1314_2019.nc
wrfout_d02_1315_2019.nc,1315,d02,2019,132,152,141,161,53.11925030,-128.56767272,53.15722561,-127.97157477,53.47662449,-128.63407515,53.51494980,-128.03294755,https://nrs.objectstore.gov.bc.ca/wrfdel/aermod/d02/1315/wrfout_d02_1315_2019.nc
wrfout_d02_1316_2019.nc,1316,d02,2019,132,162,141,171,53.47662449,-128.63407515,53.51494980,-128.03294755,53.83407402,-128.70164870,53.87274933,-128.09537125,https://nrs.objectstore.gov.bc.ca/wrfdel/aermod/d02/1316/wrfout_d02_1316_2019.nc
wrfout_d02_1317_2019.nc,1317,d02,2019,132,172,141,181,53.83407402,-128.70164870,53.87274933,-128.09537125,54.19149971,-128.77040103,54.23052501,-128.15887450,https://nrs.objectstore.gov.bc.ca/wrfdel/aermod/d02/1317/wrfout_d02_1317_2019.nc
wrfout_d02_1318_2019.nc,1318,d02,2019,132,182,141,191,54.19149971,-128.77040103,54.23052501,-128.15887450,54.54892444,-128.84037782,54.58829880,-128.22349930,https://nrs.objectstore.gov.bc.ca/wrfdel/aermod/d02/1318/wrfout_d02_1318_2019.nc
wrfout_d02_1319_2019.nc,1319,d02,2019,132,192,141,201,54.54892444,-128.84037782,54.58829880,-128.22349930,54.90632439,-128.91162490,54.94604874,-128.28927232,https://nrs.objectstore.gov.bc.ca/wrfdel/aermod/d02/1319/wrfout_d02_1319_2019.nc
wrfout_d02_1320_2019.nc,1320,d02,2019,132,202,141,211,54.90632439,-128.91162490,54.94604874,-128.28927232,55.26372433,-128.98412323,55.30377483,-128.35625078,https://nrs.objectstore.gov.bc.ca/wrfdel/aermod/d02/1320/wrfout_d02_1320_2019.nc
wrfout_d02_1321_2019.nc,1321,d02,2019,132,212,141,221,55.26372433,-128.98412323,55.30377483,-128.35625078,55.62104988,-129.05792235,55.66147423,-128.42444993,https://nrs.objectstore.gov.bc.ca/wrfdel/aermod/d02/1321/wrfout_d02_1321_2019.nc
wrfout_d02_1322_2019.nc,1322,d02,2019,132,222,141,231,55.62104988,-129.05792235,55.66147423,-128.42444993,55.97830010,-129.13307570,56.01910019,-128.49389647,https://nrs.objectstore.gov.bc.ca/wrfdel/aermod/d02/1322/wrfout_d02_1322_2019.nc
wrfout_d02_1323_2019.nc,1323,d02,2019,132,232,141,241,55.97830010,-129.13307570,56.01910019,-128.49389647,56.33550072,-129.20962905,56.37667561,-128.56459807,https://nrs.objectstore.gov.bc.ca/wrfdel/aermod/d02/1323/wrfout_d02_1323_2019.nc
wrfout_d02_1324_2019.nc,1324,d02,2019,132,242,141,251,56.33550072,-129.20962905,56.37667561,-128.56459807,56.69257546,-129.28762818,56.73414993,-128.63662337,https://nrs.objectstore.gov.bc.ca/wrfdel/aermod/d02/1324/wrfout_d02_1324_2019.nc
wrfout_d02_1325_2019.nc,1325,d02,2019,132,252,141,261,56.69257546,-129.28762818,56.73414993,-128.63662337,57.04957485,-129.36707690,57.09152508,-128.71004867,https://nrs.objectstore.gov.bc.ca/wrfdel/aermod/d02/1325/wrfout_d02_1325_2019.nc
wrfout_d02_1326_2019.nc,1326,d02,2019,132,262,141,271,57.04957485,-129.36707690,57.09152508,-128.71004867,57.40642452,-129.44800187,57.44872475,-128.78485110,https://nrs.objectstore.gov.bc.ca/wrfdel/aermod/d02/1326/wrfout_d02_1326_2019.nc
wrfout_d02_1327_2019.nc,1327,d02,2019,132,272,141,281,57.40642452,-129.44800187,57.44872475,-128.78485110,57.76315022,-129.53050232,57.80587483,-128.86107638,https://nrs.objectstore.gov.bc.ca/wrfdel/aermod/d02/1327/wrfout_d02_1327_2019.nc
wrfout_d02_1328_2019.nc,1328,d02,2019,132,282,141,291,57.76315022,-129.53050232,57.80587483,-128.86107638,58.11972427,-129.61462403,58.16282368,-128.93880082,https://nrs.objectstore.gov.bc.ca/wrfdel/aermod/d02/1328/wrfout_d02_1328_2019.nc
wrfout_d02_1329_2019.nc,1329,d02,2019,132,292,141,301,58.11972427,-129.61462403,58.16282368,-128.93880082,58.47609997,-129.70037460,58.51962471,-129.01804732,https://nrs.objectstore.gov.bc.ca/wrfdel/aermod/d02/1329/wrfout_d02_1329_2019.nc
wrfout_d02_1330_2019.nc,1330,d02,2019,132,302,141,311,58.47609997,-129.70037460,58.51962471,-129.01804732,58.83230019,-129.78777695,58.87622452,-129.09884643,https://nrs.objectstore.gov.bc.ca/wrfdel/aermod/d02/1330/wrfout_d02_1330_2019.nc
wrfout_d02_1331_2019.nc,1331,d02,2019,132,312,141,321,58.83230019,-129.78777695,58.87622452,-129.09884643,59.18830013,-129.87695313,59.23262501,-129.18124773,https://nrs.objectstore.gov.bc.ca/wrfdel/aermod/d02/1331/wrfout_d02_1331_2019.nc
wrfout_d02_1332_2019.nc,1332,d02,2019,132,322,141,331,59.18830013,-129.87695313,59.23262501,-129.18124773,59.54404926,-129.96792603,59.58882427,-129.26529695,https://nrs.objectstore.gov.bc.ca/wrfdel/aermod/d02/1332/wrfout_d02_1332_2019.nc
wrfout_d02_1333_2019.nc,1333,d02,2019,132,332,141,341,59.54404926,-129.96792603,59.58882427,-129.26529695,59.89954948,-130.06072618,59.94477463,-129.35107422,https://nrs.objectstore.gov.bc.ca/wrfdel/aermod/d02/1333/wrfout_d02_1333_2019.nc
wrfout_d02_1334_2019.nc,1334,d02,2019,132,342,141,351,59.89954948,-130.06072618,59.94477463,-129.35107422,60.25482464,-130.15545275,60.30047512,-129.43865205,https://nrs.objectstore.gov.bc.ca/wrfdel/aermod/d02/1334/wrfout_d02_1334_2019.nc
wrfout_d02_1335_2019.nc,1335,d02,2019,132,352,141,361,60.25482464,-130.15545275,60.30047512,-129.43865205,60.60982418,-130.25212480,60.65589905,-129.52804947,https://nrs.objectstore.gov.bc.ca/wrfdel/aermod/d02/1335/wrfout_d02_1335_2019.nc
wrfout_d02_1336_2019.nc,1336,d02,2019,132,362,141,371,60.60982418,-130.25212480,60.65589905,-129.52804947,60.98950068,-130.34044900,61.03551674,-129.60966490,https://nrs.objectstore.gov.bc.ca/wrfdel/aermod/d02/1336/wrfout_d02_1336_2019.nc
wrfout_d02_1337_2019.nc,1337,d02,2019,132,372,141,373,60.98950068,-130.34044900,61.03551674,-129.60966490,60.98950068,-130.34044900,61.03551674,-129.60966490,https://nrs.objectstore.gov.bc.ca/wrfdel/aermod/d02/1337/wrfout_d02_1337_2019.nc
wrfout_d02_1402_2019.nc,1402,d02,2019,142,22,151,31,48.51885033,-127.28459935,48.55323283,-126.71399943,48.87185001,-127.30962375,48.90337563,-126.76764873,https://nrs.objectstore.gov.bc.ca/wrfdel/aermod/d02/1402/wrfout_d02_1402_2019.nc
wrfout_d02_1403_2019.nc,1403,d02,2019,142,32,151,41,48.87185001,-127.30962375,48.90337563,-126.76764873,49.22814941,-127.36004830,49.25994968,-126.81387330,https://nrs.objectstore.gov.bc.ca/wrfdel/aermod/d02/1403/wrfout_d02_1403_2019.nc
wrfout_d02_1404_2019.nc,1404,d02,2019,142,42,151,51,49.22814941,-127.36004830,49.25994968,-126.81387330,49.58467484,-127.41124915,49.61670017,-126.86082458,https://nrs.objectstore.gov.bc.ca/wrfdel/aermod/d02/1404/wrfout_d02_1404_2019.nc
wrfout_d02_1405_2019.nc,1405,d02,2019,142,52,151,61,49.58467484,-127.41124915,49.61670017,-126.86082458,49.94132423,-127.46327398,49.97364903,-126.90852545,https://nrs.objectstore.gov.bc.ca/wrfdel/aermod/d02/1405/wrfout_d02_1405_2019.nc
wrfout_d02_1406_2019.nc,1406,d02,2019,142,62,151,71,49.94132423,-127.46327398,49.97364903,-126.90852545,50.29817581,-127.51614950,50.33077526,-126.95694923,https://nrs.objectstore.gov.bc.ca/wrfdel/aermod/d02/1406/wrfout_d02_1406_2019.nc
wrfout_d02_1407_2019.nc,1407,d02,2019,142,72,151,81,50.29817581,-127.51614950,50.33077526,-126.95694923,50.65515041,-127.56987573,50.68805027,-127.00617600,https://nrs.objectstore.gov.bc.ca/wrfdel/aermod/d02/1407/wrfout_d02_1407_2019.nc
wrfout_d02_1408_2019.nc,1408,d02,2019,142,82,151,91,50.65515041,-127.56987573,50.68805027,-127.00617600,51.01227569,-127.62445070,51.04542541,-127.05622483,https://nrs.objectstore.gov.bc.ca/wrfdel/aermod/d02/1408/wrfout_d02_1408_2019.nc
wrfout_d02_1409_2019.nc,1409,d02,2019,142,92,151,101,51.01227569,-127.62445070,51.04542541,-127.05622483,51.36955071,-127.67992592,51.40297509,-127.10709953,https://nrs.objectstore.gov.bc.ca/wrfdel/aermod/d02/1409/wrfout_d02_1409_2019.nc
wrfout_d02_1410_2019.nc,1410,d02,2019,142,102,151,111,51.36955071,-127.67992592,51.40297509,-127.10709953,51.72690010,-127.73632622,51.76062488,-127.15880202,https://nrs.objectstore.gov.bc.ca/wrfdel/aermod/d02/1410/wrfout_d02_1410_2019.nc
wrfout_d02_1411_2019.nc,1411,d02,2019,142,112,151,121,51.72690010,-127.73632622,51.76062488,-127.15880202,52.08437443,-127.79364970,52.11842442,-127.21137617,https://nrs.objectstore.gov.bc.ca/wrfdel/aermod/d02/1411/wrfout_d02_1411_2019.nc
wrfout_d02_1412_2019.nc,1412,d02,2019,142,122,151,131,52.08437443,-127.79364970,52.11842442,-127.21137617,52.44192505,-127.85194970,52.47627449,-127.26482580,https://nrs.objectstore.gov.bc.ca/wrfdel/aermod/d02/1412/wrfout_d02_1412_2019.nc
wrfout_d02_1413_2019.nc,1413,d02,2019,142,132,151,141,52.44192505,-127.85194970,52.47627449,-127.26482580,52.79955005,-127.91125105,52.83417511,-127.31917570,https://nrs.objectstore.gov.bc.ca/wrfdel/aermod/d02/1413/wrfout_d02_1413_2019.nc
wrfout_d02_1414_2019.nc,1414,d02,2019,142,142,151,151,52.79955005,-127.91125105,52.83417511,-127.31917570,53.15722561,-127.97157477,53.19215012,-127.37447545,https://nrs.objectstore.gov.bc.ca/wrfdel/aermod/d02/1414/wrfout_d02_1414_2019.nc
wrfout_d02_1415_2019.nc,1415,d02,2019,142,152,151,161,53.15722561,-127.97157477,53.19215012,-127.37447545,53.51494980,-128.03294755,53.55019951,-127.43072510,https://nrs.objectstore.gov.bc.ca/wrfdel/aermod/d02/1415/wrfout_d02_1415_2019.nc
wrfout_d02_1416_2019.nc,1416,d02,2019,142,162,151,171,53.51494980,-128.03294755,53.55019951,-127.43072510,53.87274933,-128.09537125,53.90830040,-127.48797420,https://nrs.objectstore.gov.bc.ca/wrfdel/aermod/d02/1416/wrfout_d02_1416_2019.nc
wrfout_d02_1417_2019.nc,1417,d02,2019,142,172,151,181,53.87274933,-128.09537125,53.90830040,-127.48797420,54.23052501,-128.15887450,54.26640034,-127.54619980,https://nrs.objectstore.gov.bc.ca/wrfdel/aermod/d02/1417/wrfout_d02_1417_2019.nc
wrfout_d02_1418_2019.nc,1418,d02,2019,142,182,151,191,54.23052501,-128.15887450,54.26640034,-127.54619980,54.58829880,-128.22349930,54.62447357,-127.60542487,https://nrs.objectstore.gov.bc.ca/wrfdel/aermod/d02/1418/wrfout_d02_1418_2019.nc
wrfout_d02_1419_2019.nc,1419,d02,2019,142,192,151,201,54.58829880,-128.22349930,54.62447357,-127.60542487,54.94604874,-128.28927232,54.98254967,-127.66575050,https://nrs.objectstore.gov.bc.ca/wrfdel/aermod/d02/1419/wrfout_d02_1419_2019.nc
wrfout_d02_1420_2019.nc,1420,d02,2019,142,202,151,211,54.94604874,-128.28927232,54.98254967,-127.66575050,55.30377483,-128.35625078,55.34062481,-127.72717665,https://nrs.objectstore.gov.bc.ca/wrfdel/aermod/d02/1420/wrfout_d02_1420_2019.nc
wrfout_d02_1421_2019.nc,1421,d02,2019,142,212,151,221,55.30377483,-128.35625078,55.34062481,-127.72717665,55.66147423,-128.42444993,55.69864940,-127.78969955,https://nrs.objectstore.gov.bc.ca/wrfdel/aermod/d02/1421/wrfout_d02_1421_2019.nc
wrfout_d02_1422_2019.nc,1422,d02,2019,142,222,151,231,55.66147423,-128.42444993,55.69864940,-127.78969955,56.01910019,-128.49389647,56.05665016,-127.85337257,https://nrs.objectstore.gov.bc.ca/wrfdel/aermod/d02/1422/wrfout_d02_1422_2019.nc
wrfout_d02_1423_2019.nc,1423,d02,2019,142,232,151,241,56.01910019,-128.49389647,56.05665016,-127.85337257,56.37667561,-128.56459807,56.41455078,-127.91824915,https://nrs.objectstore.gov.bc.ca/wrfdel/aermod/d02/1423/wrfout_d02_1423_2019.nc
wrfout_d02_1424_2019.nc,1424,d02,2019,142,242,151,251,56.37667561,-128.56459807,56.41455078,-127.91824915,56.73414993,-128.63662337,56.77234936,-127.98434832,https://nrs.objectstore.gov.bc.ca/wrfdel/aermod/d02/1424/wrfout_d02_1424_2019.nc
wrfout_d02_1425_2019.nc,1425,d02,2019,142,252,151,261,56.73414993,-128.63662337,56.77234936,-127.98434832,57.09152508,-128.71004867,57.13007545,-128.05164910,https://nrs.objectstore.gov.bc.ca/wrfdel/aermod/d02/1425/wrfout_d02_1425_2019.nc
wrfout_d02_1426_2019.nc,1426,d02,2019,142,262,151,271,57.09152508,-128.71004867,57.13007545,-128.05164910,57.44872475,-128.78485110,57.48767471,-128.12025070,https://nrs.objectstore.gov.bc.ca/wrfdel/aermod/d02/1426/wrfout_d02_1426_2019.nc
wrfout_d02_1427_2019.nc,1427,d02,2019,142,272,151,281,57.44872475,-128.78485110,57.48767471,-128.12025070,57.80587483,-128.86107638,57.84517479,-128.19020080,https://nrs.objectstore.gov.bc.ca/wrfdel/aermod/d02/1427/wrfout_d02_1427_2019.nc
wrfout_d02_1428_2019.nc,1428,d02,2019,142,282,151,291,57.80587483,-128.86107638,57.84517479,-128.19020080,58.16282368,-128.93880082,58.20244884,-128.26147460,https://nrs.objectstore.gov.bc.ca/wrfdel/aermod/d02/1428/wrfout_d02_1428_2019.nc
wrfout_d02_1429_2019.nc,1429,d02,2019,142,292,151,301,58.16282368,-128.93880082,58.20244884,-128.26147460,58.51962471,-129.01804732,58.55962468,-128.33414840,https://nrs.objectstore.gov.bc.ca/wrfdel/aermod/d02/1429/wrfout_d02_1429_2019.nc
wrfout_d02_1430_2019.nc,1430,d02,2019,142,302,151,311,58.51962471,-129.01804732,58.55962468,-128.33414840,58.87622452,-129.09884643,58.91662407,-128.40825270,https://nrs.objectstore.gov.bc.ca/wrfdel/aermod/d02/1430/wrfout_d02_1430_2019.nc
wrfout_d02_1431_2019.nc,1431,d02,2019,142,312,151,321,58.87622452,-129.09884643,58.91662407,-128.40825270,59.23262501,-129.18124773,59.27339936,-128.48385237,https://nrs.objectstore.gov.bc.ca/wrfdel/aermod/d02/1431/wrfout_d02_1431_2019.nc
wrfout_d02_1432_2019.nc,1432,d02,2019,142,322,151,331,59.23262501,-129.18124773,59.27339936,-128.48385237,59.58882427,-129.26529695,59.63000012,-128.56100083,https://nrs.objectstore.gov.bc.ca/wrfdel/aermod/d02/1432/wrfout_d02_1432_2019.nc
wrfout_d02_1433_2019.nc,1433,d02,2019,142,332,151,341,59.58882427,-129.26529695,59.63000012,-128.56100083,59.94477463,-129.35107422,59.98637486,-128.63970185,https://nrs.objectstore.gov.bc.ca/wrfdel/aermod/d02/1433/wrfout_d02_1433_2019.nc
wrfout_d02_1434_2019.nc,1434,d02,2019,142,342,151,351,59.94477463,-129.35107422,59.98637486,-128.63970185,60.30047512,-129.43865205,60.34247494,-128.72005083,https://nrs.objectstore.gov.bc.ca/wrfdel/aermod/d02/1434/wrfout_d02_1434_2019.nc
wrfout_d02_1435_2019.nc,1435,d02,2019,142,352,151,361,60.30047512,-129.43865205,60.34247494,-128.72005083,60.65589905,-129.52804947,60.69830036,-128.80207445,https://nrs.objectstore.gov.bc.ca/wrfdel/aermod/d02/1435/wrfout_d02_1435_2019.nc
wrfout_d02_1436_2019.nc,1436,d02,2019,142,362,151,371,60.65589905,-129.52804947,60.69830036,-128.80207445,61.03551674,-129.60966490,61.07778358,-128.87696585,https://nrs.objectstore.gov.bc.ca/wrfdel/aermod/d02/1436/wrfout_d02_1436_2019.nc
wrfout_d02_1437_2019.nc,1437,d02,2019,142,372,151,373,61.03551674,-129.60966490,61.07778358,-128.87696585,61.03551674,-129.60966490,61.07778358,-128.87696585,https://nrs.objectstore.gov.bc.ca/wrfdel/aermod/d02/1437/wrfout_d02_1437_2019.nc
wrfout_d02_1500_2019.nc,1500,d02,2019,152,2,161,11,47.85480118,-126.60859680,47.86875153,-126.12269970,48.20569992,-126.63059995,48.21914959,-126.14292332,https://nrs.objectstore.gov.bc.ca/wrfdel/aermod/d02/1500/wrfout_d02_1500_2019.nc
wrfout_d02_1501_2019.nc,1501,d02,2019,152,12,161,21,48.20569992,-126.63059995,48.21914959,-126.14292332,48.55323283,-126.71399943,48.57552433,-126.18364905,https://nrs.objectstore.gov.bc.ca/wrfdel/aermod/d02/1501/wrfout_d02_1501_2019.nc
wrfout_d02_1502_2019.nc,1502,d02,2019,152,22,161,31,48.55323283,-126.71399943,48.57552433,-126.18364905,48.90337563,-126.76764873,48.93215084,-126.22497558,https://nrs.objectstore.gov.bc.ca/wrfdel/aermod/d02/1502/wrfout_d02_1502_2019.nc
wrfout_d02_1503_2019.nc,1503,d02,2019,152,32,161,41,48.90337563,-126.76764873,48.93215084,-126.22497558,49.25994968,-126.81387330,49.28894997,-126.26695060,https://nrs.objectstore.gov.bc.ca/wrfdel/aermod/d02/1503/wrfout_d02_1503_2019.nc
wrfout_d02_1504_2019.nc,1504,d02,2019,152,42,161,51,49.25994968,-126.81387330,49.28894997,-126.26695060,49.61670017,-126.86082458,49.64592457,-126.30960083,https://nrs.objectstore.gov.bc.ca/wrfdel/aermod/d02/1504/wrfout_d02_1504_2019.nc
wrfout_d02_1505_2019.nc,1505,d02,2019,152,52,161,61,49.61670017,-126.86082458,49.64592457,-126.30960083,49.97364903,-126.90852545,50.00314999,-126.35295105,https://nrs.objectstore.gov.bc.ca/wrfdel/aermod/d02/1505/wrfout_d02_1505_2019.nc
wrfout_d02_1506_2019.nc,1506,d02,2019,152,62,161,71,49.97364903,-126.90852545,50.00314999,-126.35295105,50.33077526,-126.95694923,50.36050034,-126.39697648,https://nrs.objectstore.gov.bc.ca/wrfdel/aermod/d02/1506/wrfout_d02_1506_2019.nc
wrfout_d02_1507_2019.nc,1507,d02,2019,152,72,161,81,50.33077526,-126.95694923,50.36050034,-126.39697648,50.68805027,-127.00617600,50.71802521,-126.44172478,https://nrs.objectstore.gov.bc.ca/wrfdel/aermod/d02/1507/wrfout_d02_1507_2019.nc
wrfout_d02_1508_2019.nc,1508,d02,2019,152,82,161,91,50.68805027,-127.00617600,50.71802521,-126.44172478,51.04542541,-127.05622483,51.07569981,-126.48719977,https://nrs.objectstore.gov.bc.ca/wrfdel/aermod/d02/1508/wrfout_d02_1508_2019.nc
wrfout_d02_1509_2019.nc,1509,d02,2019,152,92,161,101,51.04542541,-127.05622483,51.07569981,-126.48719977,51.40297509,-127.10709953,51.43347454,-126.53342437,https://nrs.objectstore.gov.bc.ca/wrfdel/aermod/d02/1509/wrfout_d02_1509_2019.nc
wrfout_d02_1510_2019.nc,1510,d02,2019,152,102,161,111,51.40297509,-127.10709953,51.43347454,-126.53342437,51.76062488,-127.15880202,51.79142571,-126.58039858,https://nrs.objectstore.gov.bc.ca/wrfdel/aermod/d02/1510/wrfout_d02_1510_2019.nc
wrfout_d02_1511_2019.nc,1511,d02,2019,152,112,161,121,51.76062488,-127.15880202,51.79142571,-126.58039858,52.11842442,-127.21137617,52.14947414,-126.62814905,https://nrs.objectstore.gov.bc.ca/wrfdel/aermod/d02/1511/wrfout_d02_1511_2019.nc
wrfout_d02_1512_2019.nc,1512,d02,2019,152,122,161,131,52.11842442,-127.21137617,52.14947414,-126.62814905,52.47627449,-127.26482580,52.50759888,-126.67674830,https://nrs.objectstore.gov.bc.ca/wrfdel/aermod/d02/1512/wrfout_d02_1512_2019.nc
wrfout_d02_1513_2019.nc,1513,d02,2019,152,132,161,141,52.47627449,-127.26482580,52.50759888,-126.67674830,52.83417511,-127.31917570,52.86579990,-126.72617343,https://nrs.objectstore.gov.bc.ca/wrfdel/aermod/d02/1513/wrfout_d02_1513_2019.nc
wrfout_d02_1514_2019.nc,1514,d02,2019,152,142,161,151,52.83417511,-127.31917570,52.86579990,-126.72617343,53.19215012,-127.37447545,53.22404957,-126.77642442,https://nrs.objectstore.gov.bc.ca/wrfdel/aermod/d02/1514/wrfout_d02_1514_2019.nc
wrfout_d02_1515_2019.nc,1515,d02,2019,152,152,161,161,53.19215012,-127.37447545,53.22404957,-126.77642442,53.55019951,-127.43072510,53.58234978,-126.82752420,https://nrs.objectstore.gov.bc.ca/wrfdel/aermod/d02/1515/wrfout_d02_1515_2019.nc
wrfout_d02_1516_2019.nc,1516,d02,2019,152,162,161,171,53.55019951,-127.43072510,53.58234978,-126.82752420,53.90830040,-127.48797420,53.94072533,-126.87954903,https://nrs.objectstore.gov.bc.ca/wrfdel/aermod/d02/1516/wrfout_d02_1516_2019.nc
wrfout_d02_1517_2019.nc,1517,d02,2019,152,172,161,181,53.90830040,-127.48797420,53.94072533,-126.87954903,54.26640034,-127.54619980,54.29912567,-126.93247412,https://nrs.objectstore.gov.bc.ca/wrfdel/aermod/d02/1517/wrfout_d02_1517_2019.nc
wrfout_d02_1518_2019.nc,1518,d02,2019,152,182,161,191,54.26640034,-127.54619980,54.29912567,-126.93247412,54.62447357,-127.60542487,54.65747452,-126.98632430,https://nrs.objectstore.gov.bc.ca/wrfdel/aermod/d02/1518/wrfout_d02_1518_2019.nc
wrfout_d02_1519_2019.nc,1519,d02,2019,152,192,161,201,54.62447357,-127.60542487,54.65747452,-126.98632430,54.98254967,-127.66575050,55.01587486,-127.04117393,https://nrs.objectstore.gov.bc.ca/wrfdel/aermod/d02/1519/wrfout_d02_1519_2019.nc
wrfout_d02_1520_2019.nc,1520,d02,2019,152,202,161,211,54.98254967,-127.66575050,55.01587486,-127.04117393,55.34062481,-127.72717665,55.37425041,-127.09700012,https://nrs.objectstore.gov.bc.ca/wrfdel/aermod/d02/1520/wrfout_d02_1520_2019.nc
wrfout_d02_1521_2019.nc,1521,d02,2019,152,212,161,221,55.34062481,-127.72717665,55.37425041,-127.09700012,55.69864940,-127.78969955,55.73257446,-127.15382578,https://nrs.objectstore.gov.bc.ca/wrfdel/aermod/d02/1521/wrfout_d02_1521_2019.nc
wrfout_d02_1522_2019.nc,1522,d02,2019,152,222,161,231,55.69864940,-127.78969955,55.73257446,-127.15382578,56.05665016,-127.85337257,56.09089947,-127.21172335,https://nrs.objectstore.gov.bc.ca/wrfdel/aermod/d02/1522/wrfout_d02_1522_2019.nc
wrfout_d02_1523_2019.nc,1523,d02,2019,152,232,161,241,56.05665016,-127.85337257,56.09089947,-127.21172335,56.41455078,-127.91824915,56.44907570,-127.27069855,https://nrs.objectstore.gov.bc.ca/wrfdel/aermod/d02/1523/wrfout_d02_1523_2019.nc
wrfout_d02_1524_2019.nc,1524,d02,2019,152,242,161,251,56.41455078,-127.91824915,56.44907570,-127.27069855,56.77234936,-127.98434832,56.80719948,-127.33077430,https://nrs.objectstore.gov.bc.ca/wrfdel/aermod/d02/1524/wrfout_d02_1524_2019.nc
wrfout_d02_1525_2019.nc,1525,d02,2019,152,252,161,261,56.77234936,-127.98434832,56.80719948,-127.33077430,57.13007545,-128.05164910,57.16524982,-127.39197540,https://nrs.objectstore.gov.bc.ca/wrfdel/aermod/d02/1525/wrfout_d02_1525_2019.nc
wrfout_d02_1526_2019.nc,1526,d02,2019,152,262,161,271,57.13007545,-128.05164910,57.16524982,-127.39197540,57.48767471,-128.12025070,57.52317429,-127.45432470,https://nrs.objectstore.gov.bc.ca/wrfdel/aermod/d02/1526/wrfout_d02_1526_2019.nc
wrfout_d02_1527_2019.nc,1527,d02,2019,152,272,161,281,57.48767471,-128.12025070,57.52317429,-127.45432470,57.84517479,-128.19020080,57.88100052,-127.51789855,https://nrs.objectstore.gov.bc.ca/wrfdel/aermod/d02/1527/wrfout_d02_1527_2019.nc
wrfout_d02_1528_2019.nc,1528,d02,2019,152,282,161,291,57.84517479,-128.19020080,57.88100052,-127.51789855,58.20244884,-128.26147460,58.23862457,-127.58272362,https://nrs.objectstore.gov.bc.ca/wrfdel/aermod/d02/1528/wrfout_d02_1528_2019.nc
wrfout_d02_1529_2019.nc,1529,d02,2019,152,292,161,301,58.20244884,-128.26147460,58.23862457,-127.58272362,58.55962468,-128.33414840,58.59615040,-127.64882468,https://nrs.objectstore.gov.bc.ca/wrfdel/aermod/d02/1529/wrfout_d02_1529_2019.nc
wrfout_d02_1530_2019.nc,1530,d02,2019,152,302,161,311,58.55962468,-128.33414840,58.59615040,-127.64882468,58.91662407,-128.40825270,58.95349979,-127.71622655,https://nrs.objectstore.gov.bc.ca/wrfdel/aermod/d02/1530/wrfout_d02_1530_2019.nc
wrfout_d02_1531_2019.nc,1531,d02,2019,152,312,161,321,58.91662407,-128.40825270,58.95349979,-127.71622655,59.27339936,-128.48385237,59.31062508,-127.78497505,https://nrs.objectstore.gov.bc.ca/wrfdel/aermod/d02/1531/wrfout_d02_1531_2019.nc
wrfout_d02_1532_2019.nc,1532,d02,2019,152,322,161,331,59.27339936,-128.48385237,59.31062508,-127.78497505,59.63000012,-128.56100083,59.66757489,-127.85509873,https://nrs.objectstore.gov.bc.ca/wrfdel/aermod/d02/1532/wrfout_d02_1532_2019.nc
wrfout_d02_1533_2019.nc,1533,d02,2019,152,332,161,341,59.63000012,-128.56100083,59.66757489,-127.85509873,59.98637486,-128.63970185,60.02430057,-127.92667390,https://nrs.objectstore.gov.bc.ca/wrfdel/aermod/d02/1533/wrfout_d02_1533_2019.nc
wrfout_d02_1534_2019.nc,1534,d02,2019,152,342,161,351,59.98637486,-128.63970185,60.02430057,-127.92667390,60.34247494,-128.72005083,60.38077449,-127.99975015,https://nrs.objectstore.gov.bc.ca/wrfdel/aermod/d02/1534/wrfout_d02_1534_2019.nc
wrfout_d02_1535_2019.nc,1535,d02,2019,152,352,161,361,60.34247494,-128.72005083,60.38077449,-127.99975015,60.69830036,-128.80207445,60.73700046,-128.07432937,https://nrs.objectstore.gov.bc.ca/wrfdel/aermod/d02/1535/wrfout_d02_1535_2019.nc
wrfout_d02_1536_2019.nc,1536,d02,2019,152,362,161,371,60.69830036,-128.80207445,60.73700046,-128.07432937,61.07778358,-128.87696585,61.11628405,-128.14246878,https://nrs.objectstore.gov.bc.ca/wrfdel/aermod/d02/1536/wrfout_d02_1536_2019.nc
wrfout_d02_1537_2019.nc,1537,d02,2019,152,372,161,373,61.07778358,-128.87696585,61.11628405,-128.14246878,61.07778358,-128.87696585,61.11628405,-128.14246878,https://nrs.objectstore.gov.bc.ca/wrfdel/aermod/d02/1537/wrfout_d02_1537_2019.nc
wrfout_d02_1600_2019.nc,1600,d02,2019,162,2,171,11,47.86875153,-126.12269970,47.89535141,-125.58969880,48.21914959,-126.14292332,48.24467468,-125.60787583,https://nrs.objectstore.gov.bc.ca/wrfdel/aermod/d02/1600/wrfout_d02_1600_2019.nc
wrfout_d02_1601_2019.nc,1601,d02,2019,162,12,171,21,48.21914959,-126.14292332,48.24467468,-125.60787583,48.57552433,-126.18364905,48.60129928,-125.64447785,https://nrs.objectstore.gov.bc.ca/wrfdel/aermod/d02/1601/wrfout_d02_1601_2019.nc
wrfout_d02_1602_2019.nc,1602,d02,2019,162,22,171,31,48.57552433,-126.18364905,48.60129928,-125.64447785,48.93215084,-126.22497558,48.95812511,-125.68165017,https://nrs.objectstore.gov.bc.ca/wrfdel/aermod/d02/1602/wrfout_d02_1602_2019.nc
wrfout_d02_1603_2019.nc,1603,d02,2019,162,32,171,41,48.93215084,-126.22497558,48.95812511,-125.68165017,49.28894997,-126.26695060,49.31515026,-125.71942520,https://nrs.objectstore.gov.bc.ca/wrfdel/aermod/d02/1603/wrfout_d02_1603_2019.nc
wrfout_d02_1604_2019.nc,1604,d02,2019,162,42,171,51,49.28894997,-126.26695060,49.31515026,-125.71942520,49.64592457,-126.30960083,49.67234993,-125.75775147,https://nrs.objectstore.gov.bc.ca/wrfdel/aermod/d02/1604/wrfout_d02_1604_2019.nc
wrfout_d02_1605_2019.nc,1605,d02,2019,162,52,171,61,49.64592457,-126.30960083,49.67234993,-125.75775147,50.00314999,-126.35295105,50.02979946,-125.79669955,https://nrs.objectstore.gov.bc.ca/wrfdel/aermod/d02/1605/wrfout_d02_1605_2019.nc
wrfout_d02_1606_2019.nc,1606,d02,2019,162,62,171,71,50.00314999,-126.35295105,50.02979946,-125.79669955,50.36050034,-126.39697648,50.38737583,-125.83629800,https://nrs.objectstore.gov.bc.ca/wrfdel/aermod/d02/1606/wrfout_d02_1606_2019.nc
wrfout_d02_1607_2019.nc,1607,d02,2019,162,72,171,81,50.36050034,-126.39697648,50.38737583,-125.83629800,50.71802521,-126.44172478,50.74514961,-125.87652397,https://nrs.objectstore.gov.bc.ca/wrfdel/aermod/d02/1607/wrfout_d02_1607_2019.nc
wrfout_d02_1608_2019.nc,1608,d02,2019,162,82,171,91,50.71802521,-126.44172478,50.74514961,-125.87652397,51.07569981,-126.48719977,51.10304928,-125.91742515,https://nrs.objectstore.gov.bc.ca/wrfdel/aermod/d02/1608/wrfout_d02_1608_2019.nc
wrfout_d02_1609_2019.nc,1609,d02,2019,162,92,171,101,51.07569981,-126.48719977,51.10304928,-125.91742515,51.43347454,-126.53342437,51.46107483,-125.95899962,https://nrs.objectstore.gov.bc.ca/wrfdel/aermod/d02/1609/wrfout_d02_1609_2019.nc
wrfout_d02_1610_2019.nc,1610,d02,2019,162,102,171,111,51.43347454,-126.53342437,51.46107483,-125.95899962,51.79142571,-126.58039858,51.81925011,-126.00124930,https://nrs.objectstore.gov.bc.ca/wrfdel/aermod/d02/1610/wrfout_d02_1610_2019.nc
wrfout_d02_1611_2019.nc,1611,d02,2019,162,112,171,121,51.79142571,-126.58039858,51.81925011,-126.00124930,52.14947414,-126.62814905,52.17752457,-126.04417417,https://nrs.objectstore.gov.bc.ca/wrfdel/aermod/d02/1611/wrfout_d02_1611_2019.nc
wrfout_d02_1612_2019.nc,1612,d02,2019,162,122,171,131,52.14947414,-126.62814905,52.17752457,-126.04417417,52.50759888,-126.67674830,52.53587532,-126.08785055,https://nrs.objectstore.gov.bc.ca/wrfdel/aermod/d02/1612/wrfout_d02_1612_2019.nc
wrfout_d02_1613_2019.nc,1613,d02,2019,162,132,171,141,52.50759888,-126.67674830,52.53587532,-126.08785055,52.86579990,-126.72617343,52.89435005,-126.13230130,https://nrs.objectstore.gov.bc.ca/wrfdel/aermod/d02/1613/wrfout_d02_1613_2019.nc
wrfout_d02_1614_2019.nc,1614,d02,2019,162,142,171,151,52.86579990,-126.72617343,52.89435005,-126.13230130,53.22404957,-126.77642442,53.25285054,-126.17747497,https://nrs.objectstore.gov.bc.ca/wrfdel/aermod/d02/1614/wrfout_d02_1614_2019.nc
wrfout_d02_1615_2019.nc,1615,d02,2019,162,152,171,161,53.22404957,-126.77642442,53.25285054,-126.17747497,53.58234978,-126.82752420,53.61140061,-126.22342302,https://nrs.objectstore.gov.bc.ca/wrfdel/aermod/d02/1615/wrfout_d02_1615_2019.nc
wrfout_d02_1616_2019.nc,1616,d02,2019,162,162,171,171,53.58234978,-126.82752420,53.61140061,-126.22342302,53.94072533,-126.87954903,53.97004986,-126.27019882,https://nrs.objectstore.gov.bc.ca/wrfdel/aermod/d02/1616/wrfout_d02_1616_2019.nc
wrfout_d02_1617_2019.nc,1617,d02,2019,162,172,171,181,53.94072533,-126.87954903,53.97004986,-126.27019882,54.29912567,-126.93247412,54.32867623,-126.31782530,https://nrs.objectstore.gov.bc.ca/wrfdel/aermod/d02/1617/wrfout_d02_1617_2019.nc
wrfout_d02_1618_2019.nc,1618,d02,2019,162,182,171,191,54.29912567,-126.93247412,54.32867623,-126.31782530,54.65747452,-126.98632430,54.68732548,-126.36630055,https://nrs.objectstore.gov.bc.ca/wrfdel/aermod/d02/1618/wrfout_d02_1618_2019.nc
wrfout_d02_1619_2019.nc,1619,d02,2019,162,192,171,201,54.65747452,-126.98632430,54.68732548,-126.36630055,55.01587486,-127.04117393,55.04600048,-126.41559980,https://nrs.objectstore.gov.bc.ca/wrfdel/aermod/d02/1619/wrfout_d02_1619_2019.nc
wrfout_d02_1620_2019.nc,1620,d02,2019,162,202,171,211,55.01587486,-127.04117393,55.04600048,-126.41559980,55.37425041,-127.09700012,55.40462589,-126.46579933,https://nrs.objectstore.gov.bc.ca/wrfdel/aermod/d02/1620/wrfout_d02_1620_2019.nc
wrfout_d02_1621_2019.nc,1621,d02,2019,162,212,171,221,55.37425041,-127.09700012,55.40462589,-126.46579933,55.73257446,-127.15382578,55.76322460,-126.51694870,https://nrs.objectstore.gov.bc.ca/wrfdel/aermod/d02/1621/wrfout_d02_1621_2019.nc
wrfout_d02_1622_2019.nc,1622,d02,2019,162,222,171,231,55.73257446,-127.15382578,55.76322460,-126.51694870,56.09089947,-127.21172335,56.12179947,-126.56899832,https://nrs.objectstore.gov.bc.ca/wrfdel/aermod/d02/1622/wrfout_d02_1622_2019.nc
wrfout_d02_1623_2019.nc,1623,d02,2019,162,232,171,241,56.09089947,-127.21172335,56.12179947,-126.56899832,56.44907570,-127.27069855,56.48027516,-126.62202643,https://nrs.objectstore.gov.bc.ca/wrfdel/aermod/d02/1623/wrfout_d02_1623_2019.nc
wrfout_d02_1624_2019.nc,1624,d02,2019,162,242,171,251,56.44907570,-127.27069855,56.48027516,-126.62202643,56.80719948,-127.33077430,56.83872414,-126.67605210,https://nrs.objectstore.gov.bc.ca/wrfdel/aermod/d02/1624/wrfout_d02_1624_2019.nc
wrfout_d02_1625_2019.nc,1625,d02,2019,162,252,171,261,56.80719948,-127.33077430,56.83872414,-126.67605210,57.16524982,-127.39197540,57.19705009,-126.73110010,https://nrs.objectstore.gov.bc.ca/wrfdel/aermod/d02/1625/wrfout_d02_1625_2019.nc
wrfout_d02_1626_2019.nc,1626,d02,2019,162,262,171,271,57.16524982,-127.39197540,57.19705009,-126.73110010,57.52317429,-127.45432470,57.55524922,-126.78722572,https://nrs.objectstore.gov.bc.ca/wrfdel/aermod/d02/1626/wrfout_d02_1626_2019.nc
wrfout_d02_1627_2019.nc,1627,d02,2019,162,272,171,281,57.52317429,-127.45432470,57.55524922,-126.78722572,57.88100052,-127.51789855,57.91337585,-126.84442710,https://nrs.objectstore.gov.bc.ca/wrfdel/aermod/d02/1627/wrfout_d02_1627_2019.nc
wrfout_d02_1628_2019.nc,1628,d02,2019,162,282,171,291,57.88100052,-127.51789855,57.91337585,-126.84442710,58.23862457,-127.58272362,58.27134991,-126.90272712,https://nrs.objectstore.gov.bc.ca/wrfdel/aermod/d02/1628/wrfout_d02_1628_2019.nc
wrfout_d02_1629_2019.nc,1629,d02,2019,162,292,171,301,58.23862457,-127.58272362,58.27134991,-126.90272712,58.59615040,-127.64882468,58.62917519,-126.96217538,https://nrs.objectstore.gov.bc.ca/wrfdel/aermod/d02/1629/wrfout_d02_1629_2019.nc
wrfout_d02_1630_2019.nc,1630,d02,2019,162,302,171,311,58.59615040,-127.64882468,58.62917519,-126.96217538,58.95349979,-127.71622655,58.98682499,-127.02282525,https://nrs.objectstore.gov.bc.ca/wrfdel/aermod/d02/1630/wrfout_d02_1630_2019.nc
wrfout_d02_1631_2019.nc,1631,d02,2019,162,312,171,321,58.95349979,-127.71622655,58.98682499,-127.02282525,59.31062508,-127.78497505,59.34427547,-127.08467485,https://nrs.objectstore.gov.bc.ca/wrfdel/aermod/d02/1631/wrfout_d02_1631_2019.nc
wrfout_d02_1632_2019.nc,1632,d02,2019,162,322,171,331,59.31062508,-127.78497505,59.34427547,-127.08467485,59.66757489,-127.85509873,59.70152569,-127.14777375,https://nrs.objectstore.gov.bc.ca/wrfdel/aermod/d02/1632/wrfout_d02_1632_2019.nc
wrfout_d02_1633_2019.nc,1633,d02,2019,162,332,171,341,59.66757489,-127.85509873,59.70152569,-127.14777375,60.02430057,-127.92667390,60.05860042,-127.21217537,https://nrs.objectstore.gov.bc.ca/wrfdel/aermod/d02/1633/wrfout_d02_1633_2019.nc
wrfout_d02_1634_2019.nc,1634,d02,2019,162,342,171,351,60.02430057,-127.92667390,60.05860042,-127.21217537,60.38077449,-127.99975015,60.41539955,-127.27790070,https://nrs.objectstore.gov.bc.ca/wrfdel/aermod/d02/1634/wrfout_d02_1634_2019.nc
wrfout_d02_1635_2019.nc,1635,d02,2019,162,352,171,361,60.38077449,-127.99975015,60.41539955,-127.27790070,60.73700046,-128.07432937,60.77194977,-127.34502603,https://nrs.objectstore.gov.bc.ca/wrfdel/aermod/d02/1635/wrfout_d02_1635_2019.nc
wrfout_d02_1636_2019.nc,1636,d02,2019,162,362,171,371,60.73700046,-128.07432937,60.77194977,-127.34502603,61.11628405,-128.14246878,61.13627529,-127.41967773,https://nrs.objectstore.gov.bc.ca/wrfdel/aermod/d02/1636/wrfout_d02_1636_2019.nc
wrfout_d02_1637_2019.nc,1637,d02,2019,162,372,171,373,61.11628405,-128.14246878,61.13627529,-127.41967773,61.11628405,-128.14246878,61.13627529,-127.41967773,https://nrs.objectstore.gov.bc.ca/wrfdel/aermod/d02/1637/wrfout_d02_1637_2019.nc
wrfout_d02_1700_2019.nc,1700,d02,2019,172,2,181,11,47.89535141,-125.58969880,47.91925049,-125.05619815,48.24467468,-125.60787583,48.26747513,-125.07229807,https://nrs.objectstore.gov.bc.ca/wrfdel/aermod/d02/1700/wrfout_d02_1700_2019.nc
wrfout_d02_1701_2019.nc,1701,d02,2019,172,12,181,21,48.24467468,-125.60787583,48.26747513,-125.07229807,48.60129928,-125.64447785,48.62432479,-125.10477447,https://nrs.objectstore.gov.bc.ca/wrfdel/aermod/d02/1701/wrfout_d02_1701_2019.nc
wrfout_d02_1702_2019.nc,1702,d02,2019,172,22,181,31,48.60129928,-125.64447785,48.62432479,-125.10477447,48.95812511,-125.68165017,48.98130035,-125.13777540,https://nrs.objectstore.gov.bc.ca/wrfdel/aermod/d02/1702/wrfout_d02_1702_2019.nc
wrfout_d02_1703_2019.nc,1703,d02,2019,172,32,181,41,48.95812511,-125.68165017,48.98130035,-125.13777540,49.31515026,-125.71942520,49.33852577,-125.17127607,https://nrs.objectstore.gov.bc.ca/wrfdel/aermod/d02/1703/wrfout_d02_1703_2019.nc
wrfout_d02_1704_2019.nc,1704,d02,2019,172,42,181,51,49.31515026,-125.71942520,49.33852577,-125.17127607,49.67234993,-125.75775147,49.69595051,-125.20527647,https://nrs.objectstore.gov.bc.ca/wrfdel/aermod/d02/1704/wrfout_d02_1704_2019.nc
wrfout_d02_1705_2019.nc,1705,d02,2019,172,52,181,61,49.67234993,-125.75775147,49.69595051,-125.20527647,50.02979946,-125.79669955,50.05357456,-125.23982620,https://nrs.objectstore.gov.bc.ca/wrfdel/aermod/d02/1705/wrfout_d02_1705_2019.nc
wrfout_d02_1706_2019.nc,1706,d02,2019,172,62,181,71,50.02979946,-125.79669955,50.05357456,-125.23982620,50.38737583,-125.83629800,50.41139984,-125.27497483,https://nrs.objectstore.gov.bc.ca/wrfdel/aermod/d02/1706/wrfout_d02_1706_2019.nc
wrfout_d02_1707_2019.nc,1707,d02,2019,172,72,181,81,50.38737583,-125.83629800,50.41139984,-125.27497483,50.74514961,-125.87652397,50.76935005,-125.31067275,https://nrs.objectstore.gov.bc.ca/wrfdel/aermod/d02/1707/wrfout_d02_1707_2019.nc
wrfout_d02_1708_2019.nc,1708,d02,2019,172,82,181,91,50.74514961,-125.87652397,50.76935005,-125.31067275,51.10304928,-125.91742515,51.12747478,-125.34694862,https://nrs.objectstore.gov.bc.ca/wrfdel/aermod/d02/1708/wrfout_d02_1708_2019.nc
wrfout_d02_1709_2019.nc,1709,d02,2019,172,92,181,101,51.10304928,-125.91742515,51.12747478,-125.34694862,51.46107483,-125.95899962,51.48572540,-125.38384820,https://nrs.objectstore.gov.bc.ca/wrfdel/aermod/d02/1709/wrfout_d02_1709_2019.nc
wrfout_d02_1710_2019.nc,1710,d02,2019,172,102,181,111,51.46107483,-125.95899962,51.48572540,-125.38384820,51.81925011,-126.00124930,51.84407425,-125.42134858,https://nrs.objectstore.gov.bc.ca/wrfdel/aermod/d02/1710/wrfout_d02_1710_2019.nc
wrfout_d02_1711_2019.nc,1711,d02,2019,172,112,181,121,51.81925011,-126.00124930,51.84407425,-125.42134858,52.17752457,-126.04417417,52.20257473,-125.45947455,https://nrs.objectstore.gov.bc.ca/wrfdel/aermod/d02/1711/wrfout_d02_1711_2019.nc
wrfout_d02_1712_2019.nc,1712,d02,2019,172,122,181,131,52.17752457,-126.04417417,52.20257473,-125.45947455,52.53587532,-126.08785055,52.56115150,-125.49824903,https://nrs.objectstore.gov.bc.ca/wrfdel/aermod/d02/1712/wrfout_d02_1712_2019.nc
wrfout_d02_1713_2019.nc,1713,d02,2019,172,132,181,141,52.53587532,-126.08785055,52.56115150,-125.49824903,52.89435005,-126.13230130,52.91985035,-125.53767395,https://nrs.objectstore.gov.bc.ca/wrfdel/aermod/d02/1713/wrfout_d02_1713_2019.nc
wrfout_d02_1714_2019.nc,1714,d02,2019,172,142,181,151,52.89435005,-126.13230130,52.91985035,-125.53767395,53.25285054,-126.17747497,53.27855110,-125.57777405,https://nrs.objectstore.gov.bc.ca/wrfdel/aermod/d02/1714/wrfout_d02_1714_2019.nc
wrfout_d02_1715_2019.nc,1715,d02,2019,172,152,181,161,53.25285054,-126.17747497,53.27855110,-125.57777405,53.61140061,-126.22342302,53.63735008,-125.61857602,https://nrs.objectstore.gov.bc.ca/wrfdel/aermod/d02/1715/wrfout_d02_1715_2019.nc
wrfout_d02_1716_2019.nc,1716,d02,2019,172,162,181,171,53.61140061,-126.22342302,53.63735008,-125.61857602,53.97004986,-126.27019882,53.99625015,-125.66010093,https://nrs.objectstore.gov.bc.ca/wrfdel/aermod/d02/1716/wrfout_d02_1716_2019.nc
wrfout_d02_1717_2019.nc,1717,d02,2019,172,172,181,181,53.97004986,-126.27019882,53.99625015,-125.66010093,54.32867623,-126.31782530,54.35507584,-125.70235062,https://nrs.objectstore.gov.bc.ca/wrfdel/aermod/d02/1717/wrfout_d02_1717_2019.nc
wrfout_d02_1718_2019.nc,1718,d02,2019,172,182,181,191,54.32867623,-126.31782530,54.35507584,-125.70235062,54.68732548,-126.36630055,54.71397495,-125.74532700,https://nrs.objectstore.gov.bc.ca/wrfdel/aermod/d02/1718/wrfout_d02_1718_2019.nc
wrfout_d02_1719_2019.nc,1719,d02,2019,172,192,181,201,54.68732548,-126.36630055,54.71397495,-125.74532700,55.04600048,-126.41559980,55.07287598,-125.78912545,https://nrs.objectstore.gov.bc.ca/wrfdel/aermod/d02/1719/wrfout_d02_1719_2019.nc
wrfout_d02_1720_2019.nc,1720,d02,2019,172,202,181,211,55.04600048,-126.41559980,55.07287598,-125.78912545,55.40462589,-126.46579933,55.43175030,-125.83372500,https://nrs.objectstore.gov.bc.ca/wrfdel/aermod/d02/1720/wrfout_d02_1720_2019.nc
wrfout_d02_1721_2019.nc,1721,d02,2019,172,212,181,221,55.40462589,-126.46579933,55.43175030,-125.83372500,55.76322460,-126.51694870,55.79062462,-125.87907603,https://nrs.objectstore.gov.bc.ca/wrfdel/aermod/d02/1721/wrfout_d02_1721_2019.nc
wrfout_d02_1722_2019.nc,1722,d02,2019,172,222,181,231,55.76322460,-126.51694870,55.79062462,-125.87907603,56.12179947,-126.56899832,56.14939976,-125.92530063,https://nrs.objectstore.gov.bc.ca/wrfdel/aermod/d02/1722/wrfout_d02_1722_2019.nc
wrfout_d02_1723_2019.nc,1723,d02,2019,172,232,181,241,56.12179947,-126.56899832,56.14939976,-125.92530063,56.48027516,-126.62202643,56.50817489,-125.97240070,https://nrs.objectstore.gov.bc.ca/wrfdel/aermod/d02/1723/wrfout_d02_1723_2019.nc
wrfout_d02_1724_2019.nc,1724,d02,2019,172,242,181,251,56.48027516,-126.62202643,56.50817489,-125.97240070,56.83872414,-126.67605210,56.86687470,-126.02035143,https://nrs.objectstore.gov.bc.ca/wrfdel/aermod/d02/1724/wrfout_d02_1724_2019.nc
wrfout_d02_1725_2019.nc,1725,d02,2019,172,252,181,261,56.83872414,-126.67605210,56.86687470,-126.02035143,57.19705009,-126.73110010,57.22545052,-126.06922533,https://nrs.objectstore.gov.bc.ca/wrfdel/aermod/d02/1725/wrfout_d02_1725_2019.nc
wrfout_d02_1726_2019.nc,1726,d02,2019,172,262,181,271,57.19705009,-126.73110010,57.22545052,-126.06922533,57.55524922,-126.78722572,57.58395004,-126.11902430,https://nrs.objectstore.gov.bc.ca/wrfdel/aermod/d02/1726/wrfout_d02_1726_2019.nc
wrfout_d02_1727_2019.nc,1727,d02,2019,172,272,181,281,57.55524922,-126.78722572,57.58395004,-126.11902430,57.91337585,-126.84442710,57.94232559,-126.16977503,https://nrs.objectstore.gov.bc.ca/wrfdel/aermod/d02/1727/wrfout_d02_1727_2019.nc
wrfout_d02_1728_2019.nc,1728,d02,2019,172,282,181,291,57.91337585,-126.84442710,57.94232559,-126.16977503,58.27134991,-126.90272712,58.30057430,-126.22155000,https://nrs.objectstore.gov.bc.ca/wrfdel/aermod/d02/1728/wrfout_d02_1728_2019.nc
wrfout_d02_1729_2019.nc,1729,d02,2019,172,292,181,301,58.27134991,-126.90272712,58.30057430,-126.22155000,58.62917519,-126.96217538,58.65865040,-126.27435113,https://nrs.objectstore.gov.bc.ca/wrfdel/aermod/d02/1729/wrfout_d02_1729_2019.nc
wrfout_d02_1730_2019.nc,1730,d02,2019,172,302,181,311,58.62917519,-126.96217538,58.65865040,-126.27435113,58.98682499,-127.02282525,59.01660061,-126.32820130,https://nrs.objectstore.gov.bc.ca/wrfdel/aermod/d02/1730/wrfout_d02_1730_2019.nc
wrfout_d02_1731_2019.nc,1731,d02,2019,172,312,181,321,58.98682499,-127.02282525,59.01660061,-126.32820130,59.34427547,-127.08467485,59.37432575,-126.38315010,https://nrs.objectstore.gov.bc.ca/wrfdel/aermod/d02/1731/wrfout_d02_1731_2019.nc
wrfout_d02_1732_2019.nc,1732,d02,2019,172,322,181,331,59.34427547,-127.08467485,59.37432575,-126.38315010,59.70152569,-127.14777375,59.73187542,-126.43917465,https://nrs.objectstore.gov.bc.ca/wrfdel/aermod/d02/1732/wrfout_d02_1732_2019.nc
wrfout_d02_1733_2019.nc,1733,d02,2019,172,332,181,341,59.70152569,-127.14777375,59.73187542,-126.43917465,60.05860042,-127.21217537,60.08925056,-126.49634932,https://nrs.objectstore.gov.bc.ca/wrfdel/aermod/d02/1733/wrfout_d02_1733_2019.nc
wrfout_d02_1734_2019.nc,1734,d02,2019,172,342,181,351,60.05860042,-127.21217537,60.08925056,-126.49634932,60.41539955,-127.27790070,60.44634915,-126.55472563,https://nrs.objectstore.gov.bc.ca/wrfdel/aermod/d02/1734/wrfout_d02_1734_2019.nc
wrfout_d02_1735_2019.nc,1735,d02,2019,172,352,181,361,60.41539955,-127.27790070,60.44634915,-126.55472563,60.77194977,-127.34502603,60.80317497,-126.61432647,https://nrs.objectstore.gov.bc.ca/wrfdel/aermod/d02/1735/wrfout_d02_1735_2019.nc
wrfout_d02_1736_2019.nc,1736,d02,2019,172,362,181,371,60.77194977,-127.34502603,60.80317497,-126.61432647,61.13627529,-127.41967773,61.15530014,-126.64445115,https://nrs.objectstore.gov.bc.ca/wrfdel/aermod/d02/1736/wrfout_d02_1736_2019.nc
wrfout_d02_1800_2019.nc,1800,d02,2019,182,2,191,11,47.91925049,-125.05619815,47.94034958,-124.52215195,48.26747513,-125.07229807,48.28757477,-124.53619957,https://nrs.objectstore.gov.bc.ca/wrfdel/aermod/d02/1800/wrfout_d02_1800_2019.nc
wrfout_d02_1801_2019.nc,1801,d02,2019,182,12,191,21,48.26747513,-125.07229807,48.28757477,-124.53619957,48.62432479,-125.10477447,48.64457607,-124.56454850,https://nrs.objectstore.gov.bc.ca/wrfdel/aermod/d02/1801/wrfout_d02_1801_2019.nc
wrfout_d02_1802_2019.nc,1802,d02,2019,182,22,191,31,48.62432479,-125.10477447,48.64457607,-124.56454850,48.98130035,-125.13777540,49.00172520,-124.59332467,https://nrs.objectstore.gov.bc.ca/wrfdel/aermod/d02/1802/wrfout_d02_1802_2019.nc
wrfout_d02_1803_2019.nc,1803,d02,2019,182,32,191,41,48.98130035,-125.13777540,49.00172520,-124.59332467,49.33852577,-125.17127607,49.35910034,-124.62254907,https://nrs.objectstore.gov.bc.ca/wrfdel/aermod/d02/1803/wrfout_d02_1803_2019.nc
wrfout_d02_1804_2019.nc,1804,d02,2019,182,42,191,51,49.33852577,-125.17127607,49.35910034,-124.62254907,49.69595051,-125.20527647,49.71672440,-124.65227510,https://nrs.objectstore.gov.bc.ca/wrfdel/aermod/d02/1804/wrfout_d02_1804_2019.nc
wrfout_d02_1805_2019.nc,1805,d02,2019,182,52,191,61,49.69595051,-125.20527647,49.71672440,-124.65227510,50.05357456,-125.23982620,50.07450104,-124.68242647,https://nrs.objectstore.gov.bc.ca/wrfdel/aermod/d02/1805/wrfout_d02_1805_2019.nc
wrfout_d02_1806_2019.nc,1806,d02,2019,182,62,191,71,50.05357456,-125.23982620,50.07450104,-124.68242647,50.41139984,-125.27497483,50.43252468,-124.71307565,https://nrs.objectstore.gov.bc.ca/wrfdel/aermod/d02/1806/wrfout_d02_1806_2019.nc
wrfout_d02_1807_2019.nc,1807,d02,2019,182,72,191,81,50.41139984,-125.27497483,50.43252468,-124.71307565,50.76935005,-125.31067275,50.79062557,-124.74424932,https://nrs.objectstore.gov.bc.ca/wrfdel/aermod/d02/1807/wrfout_d02_1807_2019.nc
wrfout_d02_1808_2019.nc,1808,d02,2019,182,82,191,91,50.76935005,-125.31067275,50.79062557,-124.74424932,51.12747478,-125.34694862,51.14894962,-124.77589987,https://nrs.objectstore.gov.bc.ca/wrfdel/aermod/d02/1808/wrfout_d02_1808_2019.nc
wrfout_d02_1809_2019.nc,1809,d02,2019,182,92,191,101,51.12747478,-125.34694862,51.14894962,-124.77589987,51.48572540,-125.38384820,51.50740051,-124.80809975,https://nrs.objectstore.gov.bc.ca/wrfdel/aermod/d02/1809/wrfout_d02_1809_2019.nc
wrfout_d02_1810_2019.nc,1810,d02,2019,182,102,191,111,51.48572540,-125.38384820,51.50740051,-124.80809975,51.84407425,-125.42134858,51.86594963,-124.84084892,https://nrs.objectstore.gov.bc.ca/wrfdel/aermod/d02/1810/wrfout_d02_1810_2019.nc
wrfout_d02_1811_2019.nc,1811,d02,2019,182,112,191,121,51.84407425,-125.42134858,51.86594963,-124.84084892,52.20257473,-125.45947455,52.22462463,-124.87409972,https://nrs.objectstore.gov.bc.ca/wrfdel/aermod/d02/1811/wrfout_d02_1811_2019.nc
wrfout_d02_1812_2019.nc,1812,d02,2019,182,122,191,131,52.20257473,-125.45947455,52.22462463,-124.87409972,52.56115150,-125.49824903,52.58342552,-124.90794945,https://nrs.objectstore.gov.bc.ca/wrfdel/aermod/d02/1812/wrfout_d02_1812_2019.nc
wrfout_d02_1813_2019.nc,1813,d02,2019,182,132,191,141,52.56115150,-125.49824903,52.58342552,-124.90794945,52.91985035,-125.53767395,52.94230080,-124.94239998,https://nrs.objectstore.gov.bc.ca/wrfdel/aermod/d02/1813/wrfout_d02_1813_2019.nc
wrfout_d02_1814_2019.nc,1814,d02,2019,182,142,191,151,52.91985035,-125.53767395,52.94230080,-124.94239998,53.27855110,-125.57777405,53.30120086,-124.97737500,https://nrs.objectstore.gov.bc.ca/wrfdel/aermod/d02/1814/wrfout_d02_1814_2019.nc
wrfout_d02_1815_2019.nc,1815,d02,2019,182,152,191,161,53.27855110,-125.57777405,53.30120086,-124.97737500,53.63735008,-125.61857602,53.66020012,-125.01297377,https://nrs.objectstore.gov.bc.ca/wrfdel/aermod/d02/1815/wrfout_d02_1815_2019.nc
wrfout_d02_1816_2019.nc,1816,d02,2019,182,162,191,171,53.63735008,-125.61857602,53.66020012,-125.01297377,53.99625015,-125.66010093,54.01927567,-125.04922485,https://nrs.objectstore.gov.bc.ca/wrfdel/aermod/d02/1816/wrfout_d02_1816_2019.nc
wrfout_d02_1817_2019.nc,1817,d02,2019,182,172,191,181,53.99625015,-125.66010093,54.01927567,-125.04922485,54.35507584,-125.70235062,54.37832546,-125.08610150,https://nrs.objectstore.gov.bc.ca/wrfdel/aermod/d02/1817/wrfout_d02_1817_2019.nc
wrfout_d02_1818_2019.nc,1818,d02,2019,182,182,191,191,54.35507584,-125.70235062,54.37832546,-125.08610150,54.71397495,-125.74532700,54.73742389,-125.12365148,https://nrs.objectstore.gov.bc.ca/wrfdel/aermod/d02/1818/wrfout_d02_1818_2019.nc
wrfout_d02_1819_2019.nc,1819,d02,2019,182,192,191,201,54.71397495,-125.74532700,54.73742389,-125.12365148,55.07287598,-125.78912545,55.09652519,-125.16187668,https://nrs.objectstore.gov.bc.ca/wrfdel/aermod/d02/1819/wrfout_d02_1819_2019.nc
wrfout_d02_1820_2019.nc,1820,d02,2019,182,202,191,211,55.07287598,-125.78912545,55.09652519,-125.16187668,55.43175030,-125.83372500,55.45562458,-125.20077515,https://nrs.objectstore.gov.bc.ca/wrfdel/aermod/d02/1820/wrfout_d02_1820_2019.nc
wrfout_d02_1821_2019.nc,1821,d02,2019,182,212,191,221,55.43175030,-125.83372500,55.45562458,-125.20077515,55.79062462,-125.87907603,55.81472492,-125.24037362,https://nrs.objectstore.gov.bc.ca/wrfdel/aermod/d02/1821/wrfout_d02_1821_2019.nc
wrfout_d02_1822_2019.nc,1822,d02,2019,182,222,191,231,55.79062462,-125.87907603,55.81472492,-125.24037362,56.14939976,-125.92530063,56.17374992,-125.28072360,https://nrs.objectstore.gov.bc.ca/wrfdel/aermod/d02/1822/wrfout_d02_1822_2019.nc
wrfout_d02_1823_2019.nc,1823,d02,2019,182,232,191,241,56.14939976,-125.92530063,56.17374992,-125.28072360,56.50817489,-125.97240070,56.53275013,-125.32182315,https://nrs.objectstore.gov.bc.ca/wrfdel/aermod/d02/1823/wrfout_d02_1823_2019.nc
wrfout_d02_1824_2019.nc,1824,d02,2019,182,242,191,251,56.50817489,-125.97240070,56.53275013,-125.32182315,56.86687470,-126.02035143,56.89162445,-125.36367420,https://nrs.objectstore.gov.bc.ca/wrfdel/aermod/d02/1824/wrfout_d02_1824_2019.nc
wrfout_d02_1825_2019.nc,1825,d02,2019,182,252,191,261,56.86687470,-126.02035143,56.89162445,-125.36367420,57.22545052,-126.06922533,57.25045013,-125.40634920,https://nrs.objectstore.gov.bc.ca/wrfdel/aermod/d02/1825/wrfout_d02_1825_2019.nc
wrfout_d02_1826_2019.nc,1826,d02,2019,182,262,191,271,57.22545052,-126.06922533,57.25045013,-125.40634920,57.58395004,-126.11902430,57.60920048,-125.44984817,https://nrs.objectstore.gov.bc.ca/wrfdel/aermod/d02/1826/wrfout_d02_1826_2019.nc
wrfout_d02_1827_2019.nc,1827,d02,2019,182,272,191,281,57.58395004,-126.11902430,57.60920048,-125.44984817,57.94232559,-126.16977503,57.96780014,-125.49419977,https://nrs.objectstore.gov.bc.ca/wrfdel/aermod/d02/1827/wrfout_d02_1827_2019.nc
wrfout_d02_1828_2019.nc,1828,d02,2019,182,282,191,291,57.94232559,-126.16977503,57.96780014,-125.49419977,58.30057430,-126.22155000,58.32627392,-125.53940202,https://nrs.objectstore.gov.bc.ca/wrfdel/aermod/d02/1828/wrfout_d02_1828_2019.nc
wrfout_d02_1829_2019.nc,1829,d02,2019,182,292,191,301,58.30057430,-126.22155000,58.32627392,-125.53940202,58.65865040,-126.27435113,58.68459988,-125.58550073,https://nrs.objectstore.gov.bc.ca/wrfdel/aermod/d02/1829/wrfout_d02_1829_2019.nc
wrfout_d02_1830_2019.nc,1830,d02,2019,182,302,191,311,58.65865040,-126.27435113,58.68459988,-125.58550073,59.01660061,-126.32820130,59.04279995,-125.63252450,https://nrs.objectstore.gov.bc.ca/wrfdel/aermod/d02/1830/wrfout_d02_1830_2019.nc
wrfout_d02_1831_2019.nc,1831,d02,2019,182,312,191,321,59.01660061,-126.32820130,59.04279995,-125.63252450,59.37432575,-126.38315010,59.40077495,-125.68045043,https://nrs.objectstore.gov.bc.ca/wrfdel/aermod/d02/1831/wrfout_d02_1831_2019.nc
wrfout_d02_1832_2019.nc,1832,d02,2019,182,322,191,331,59.37432575,-126.38315010,59.40077495,-125.68045043,59.73187542,-126.43917465,59.75857448,-125.72940060,https://nrs.objectstore.gov.bc.ca/wrfdel/aermod/d02/1832/wrfout_d02_1832_2019.nc
wrfout_d02_1833_2019.nc,1833,d02,2019,182,332,191,341,59.73187542,-126.43917465,59.75857448,-125.72940060,60.08925056,-126.49634932,60.11622524,-125.77937505,https://nrs.objectstore.gov.bc.ca/wrfdel/aermod/d02/1833/wrfout_d02_1833_2019.nc
wrfout_d02_1834_2019.nc,1834,d02,2019,182,342,191,351,60.08925056,-126.49634932,60.11622524,-125.77937505,60.44634915,-126.55472563,60.47357464,-125.83032608,https://nrs.objectstore.gov.bc.ca/wrfdel/aermod/d02/1834/wrfout_d02_1834_2019.nc
wrfout_d02_1835_2019.nc,1835,d02,2019,182,352,191,361,60.44634915,-126.55472563,60.47357464,-125.83032608,60.80317497,-126.61432647,60.83067513,-125.88235092,https://nrs.objectstore.gov.bc.ca/wrfdel/aermod/d02/1835/wrfout_d02_1835_2019.nc
wrfout_d02_1836_2019.nc,1836,d02,2019,182,362,191,371,60.80317497,-126.61432647,60.83067513,-125.88235092,61.15530014,-126.64445115,61.18135071,-125.90864945,https://nrs.objectstore.gov.bc.ca/wrfdel/aermod/d02/1836/wrfout_d02_1836_2019.nc
wrfout_d02_1900_2019.nc,1900,d02,2019,192,2,201,11,47.94034958,-124.52215195,47.95874978,-123.98770140,48.28757477,-124.53619957,48.30492497,-123.99970053,https://nrs.objectstore.gov.bc.ca/wrfdel/aermod/d02/1900/wrfout_d02_1900_2019.nc
wrfout_d02_1901_2019.nc,1901,d02,2019,192,12,201,21,48.28757477,-124.53619957,48.30492497,-123.99970053,48.64457607,-124.56454850,48.66202545,-124.02390098,https://nrs.objectstore.gov.bc.ca/wrfdel/aermod/d02/1901/wrfout_d02_1901_2019.nc
wrfout_d02_1902_2019.nc,1902,d02,2019,192,22,201,31,48.64457607,-124.56454850,48.66202545,-124.02390098,49.00172520,-124.59332467,49.01937484,-124.04845237,https://nrs.objectstore.gov.bc.ca/wrfdel/aermod/d02/1902/wrfout_d02_1902_2019.nc
wrfout_d02_1903_2019.nc,1903,d02,2019,192,32,201,41,49.00172520,-124.59332467,49.01937484,-124.04845237,49.35910034,-124.62254907,49.37692547,-124.07340050,https://nrs.objectstore.gov.bc.ca/wrfdel/aermod/d02/1903/wrfout_d02_1903_2019.nc
wrfout_d02_1904_2019.nc,1904,d02,2019,192,42,201,51,49.35910034,-124.62254907,49.37692547,-124.07340050,49.71672440,-124.65227510,49.73464966,-124.09877398,https://nrs.objectstore.gov.bc.ca/wrfdel/aermod/d02/1904/wrfout_d02_1904_2019.nc
wrfout_d02_1905_2019.nc,1905,d02,2019,192,52,201,61,49.71672440,-124.65227510,49.73464966,-124.09877398,50.07450104,-124.68242647,50.09260082,-124.12452508,https://nrs.objectstore.gov.bc.ca/wrfdel/aermod/d02/1905/wrfout_d02_1905_2019.nc
wrfout_d02_1906_2019.nc,1906,d02,2019,192,62,201,71,50.07450104,-124.68242647,50.09260082,-124.12452508,50.43252468,-124.71307565,50.45077514,-124.15070152,https://nrs.objectstore.gov.bc.ca/wrfdel/aermod/d02/1906/wrfout_d02_1906_2019.nc
wrfout_d02_1907_2019.nc,1907,d02,2019,192,72,201,81,50.43252468,-124.71307565,50.45077514,-124.15070152,50.79062557,-124.74424932,50.80904960,-124.17732620,https://nrs.objectstore.gov.bc.ca/wrfdel/aermod/d02/1907/wrfout_d02_1907_2019.nc
wrfout_d02_1908_2019.nc,1908,d02,2019,192,82,201,91,50.79062557,-124.74424932,50.80904960,-124.17732620,51.14894962,-124.77589987,51.16752434,-124.20437623,https://nrs.objectstore.gov.bc.ca/wrfdel/aermod/d02/1908/wrfout_d02_1908_2019.nc
wrfout_d02_1909_2019.nc,1909,d02,2019,192,92,201,101,51.14894962,-124.77589987,51.16752434,-124.20437623,51.50740051,-124.80809975,51.52612496,-124.23185158,https://nrs.objectstore.gov.bc.ca/wrfdel/aermod/d02/1909/wrfout_d02_1909_2019.nc
wrfout_d02_1910_2019.nc,1910,d02,2019,192,102,201,111,51.50740051,-124.80809975,51.52612496,-124.23185158,51.86594963,-124.84084892,51.88482570,-124.25977705,https://nrs.objectstore.gov.bc.ca/wrfdel/aermod/d02/1910/wrfout_d02_1910_2019.nc
wrfout_d02_1911_2019.nc,1911,d02,2019,192,112,201,121,51.86594963,-124.84084892,51.88482570,-124.25977705,52.22462463,-124.87409972,52.24367428,-124.28817747,https://nrs.objectstore.gov.bc.ca/wrfdel/aermod/d02/1911/wrfout_d02_1911_2019.nc
wrfout_d02_1912_2019.nc,1912,d02,2019,192,122,201,131,52.22462463,-124.87409972,52.24367428,-124.28817747,52.58342552,-124.90794945,52.60262489,-124.31707572,https://nrs.objectstore.gov.bc.ca/wrfdel/aermod/d02/1912/wrfout_d02_1912_2019.nc
wrfout_d02_1913_2019.nc,1913,d02,2019,192,132,201,141,52.58342552,-124.90794945,52.60262489,-124.31707572,52.94230080,-124.94239998,52.96167564,-124.34647560,https://nrs.objectstore.gov.bc.ca/wrfdel/aermod/d02/1913/wrfout_d02_1913_2019.nc
wrfout_d02_1914_2019.nc,1914,d02,2019,192,142,201,151,52.94230080,-124.94239998,52.96167564,-124.34647560,53.30120086,-124.97737500,53.32075024,-124.37637707,https://nrs.objectstore.gov.bc.ca/wrfdel/aermod/d02/1914/wrfout_d02_1914_2019.nc
wrfout_d02_1915_2019.nc,1915,d02,2019,192,152,201,161,53.30120086,-124.97737500,53.32075024,-124.37637707,53.66020012,-125.01297377,53.67992592,-124.40677640,https://nrs.objectstore.gov.bc.ca/wrfdel/aermod/d02/1915/wrfout_d02_1915_2019.nc
wrfout_d02_1916_2019.nc,1916,d02,2019,192,162,201,171,53.66020012,-125.01297377,53.67992592,-124.40677640,54.01927567,-125.04922485,54.03917503,-124.43770027,https://nrs.objectstore.gov.bc.ca/wrfdel/aermod/d02/1916/wrfout_d02_1916_2019.nc
wrfout_d02_1917_2019.nc,1917,d02,2019,192,172,201,181,54.01927567,-125.04922485,54.03917503,-124.43770027,54.37832546,-125.08610150,54.39840031,-124.46920015,https://nrs.objectstore.gov.bc.ca/wrfdel/aermod/d02/1917/wrfout_d02_1917_2019.nc
wrfout_d02_1918_2019.nc,1918,d02,2019,192,182,201,191,54.37832546,-125.08610150,54.39840031,-124.46920015,54.73742389,-125.12365148,54.75767422,-124.50127413,https://nrs.objectstore.gov.bc.ca/wrfdel/aermod/d02/1918/wrfout_d02_1918_2019.nc
wrfout_d02_1919_2019.nc,1919,d02,2019,192,192,201,201,54.73742389,-125.12365148,54.75767422,-124.50127413,55.09652519,-125.16187668,55.11697483,-124.53389930,https://nrs.objectstore.gov.bc.ca/wrfdel/aermod/d02/1919/wrfout_d02_1919_2019.nc
wrfout_d02_1920_2019.nc,1920,d02,2019,192,202,201,211,55.09652519,-125.16187668,55.11697483,-124.53389930,55.45562458,-125.20077515,55.47624970,-124.56712340,https://nrs.objectstore.gov.bc.ca/wrfdel/aermod/d02/1920/wrfout_d02_1920_2019.nc
wrfout_d02_1921_2019.nc,1921,d02,2019,192,212,201,221,55.45562458,-125.20077515,55.47624970,-124.56712340,55.81472492,-125.24037362,55.83552551,-124.60097312,https://nrs.objectstore.gov.bc.ca/wrfdel/aermod/d02/1921/wrfout_d02_1921_2019.nc
wrfout_d02_1922_2019.nc,1922,d02,2019,192,222,201,231,55.81472492,-125.24037362,55.83552551,-124.60097312,56.17374992,-125.28072360,56.19475079,-124.63542365,https://nrs.objectstore.gov.bc.ca/wrfdel/aermod/d02/1922/wrfout_d02_1922_2019.nc
wrfout_d02_1923_2019.nc,1923,d02,2019,192,232,201,241,56.17374992,-125.28072360,56.19475079,-124.63542365,56.53275013,-125.32182315,56.55395031,-124.67052270,https://nrs.objectstore.gov.bc.ca/wrfdel/aermod/d02/1923/wrfout_d02_1923_2019.nc
wrfout_d02_1924_2019.nc,1924,d02,2019,192,242,201,251,56.53275013,-125.32182315,56.55395031,-124.67052270,56.89162445,-125.36367420,56.91299915,-124.70629883,https://nrs.objectstore.gov.bc.ca/wrfdel/aermod/d02/1924/wrfout_d02_1924_2019.nc
wrfout_d02_1925_2019.nc,1925,d02,2019,192,252,201,261,56.89162445,-125.36367420,56.91299915,-124.70629883,57.25045013,-125.40634920,57.27205086,-124.74272535,https://nrs.objectstore.gov.bc.ca/wrfdel/aermod/d02/1925/wrfout_d02_1925_2019.nc
wrfout_d02_1926_2019.nc,1926,d02,2019,192,262,201,271,57.25045013,-125.40634920,57.27205086,-124.74272535,57.60920048,-125.44984817,57.63097572,-124.77985000,https://nrs.objectstore.gov.bc.ca/wrfdel/aermod/d02/1926/wrfout_d02_1926_2019.nc
wrfout_d02_1927_2019.nc,1927,d02,2019,192,272,201,281,57.60920048,-125.44984817,57.63097572,-124.77985000,57.96780014,-125.49419977,57.98977471,-124.81772425,https://nrs.objectstore.gov.bc.ca/wrfdel/aermod/d02/1927/wrfout_d02_1927_2019.nc
wrfout_d02_1928_2019.nc,1928,d02,2019,192,282,201,291,57.96780014,-125.49419977,57.98977471,-124.81772425,58.32627392,-125.53940202,58.34847450,-124.85634995,https://nrs.objectstore.gov.bc.ca/wrfdel/aermod/d02/1928/wrfout_d02_1928_2019.nc
wrfout_d02_1929_2019.nc,1929,d02,2019,192,292,201,301,58.32627392,-125.53940202,58.34847450,-124.85634995,58.68459988,-125.58550073,58.70702457,-124.89570045,https://nrs.objectstore.gov.bc.ca/wrfdel/aermod/d02/1929/wrfout_d02_1929_2019.nc
wrfout_d02_1930_2019.nc,1930,d02,2019,192,302,201,311,58.68459988,-125.58550073,58.70702457,-124.89570045,59.04279995,-125.63252450,59.06542492,-124.93585015,https://nrs.objectstore.gov.bc.ca/wrfdel/aermod/d02/1930/wrfout_d02_1930_2019.nc
wrfout_d02_1931_2019.nc,1931,d02,2019,192,312,201,321,59.04279995,-125.63252450,59.06542492,-124.93585015,59.40077495,-125.68045043,59.42362499,-124.97682380,https://nrs.objectstore.gov.bc.ca/wrfdel/aermod/d02/1931/wrfout_d02_1931_2019.nc
wrfout_d02_1932_2019.nc,1932,d02,2019,192,322,201,331,59.40077495,-125.68045043,59.42362499,-124.97682380,59.75857448,-125.72940060,59.78162479,-125.01862525,https://nrs.objectstore.gov.bc.ca/wrfdel/aermod/d02/1932/wrfout_d02_1932_2019.nc
wrfout_d02_1933_2019.nc,1933,d02,2019,192,332,201,341,59.75857448,-125.72940060,59.78162479,-125.01862525,60.11622524,-125.77937505,60.13950062,-125.06130217,https://nrs.objectstore.gov.bc.ca/wrfdel/aermod/d02/1933/wrfout_d02_1933_2019.nc
wrfout_d02_1934_2019.nc,1934,d02,2019,192,342,201,351,60.11622524,-125.77937505,60.13950062,-125.06130217,60.47357464,-125.83032608,60.49707508,-125.10482405,https://nrs.objectstore.gov.bc.ca/wrfdel/aermod/d02/1934/wrfout_d02_1934_2019.nc
wrfout_d02_1935_2019.nc,1935,d02,2019,192,352,201,361,60.47357464,-125.83032608,60.49707508,-125.10482405,60.83067513,-125.88235092,60.85442448,-125.14929962,https://nrs.objectstore.gov.bc.ca/wrfdel/aermod/d02/1935/wrfout_d02_1935_2019.nc
wrfout_d02_1936_2019.nc,1936,d02,2019,192,362,201,371,60.83067513,-125.88235092,60.85442448,-125.14929962,61.18135071,-125.90864945,61.20359993,-125.17180255,https://nrs.objectstore.gov.bc.ca/wrfdel/aermod/d02/1936/wrfout_d02_1936_2019.nc
wrfout_d02_2000_2019.nc,2000,d02,2019,202,2,211,11,47.95874978,-123.98770140,47.97450066,-123.45285035,48.30492497,-123.99970053,48.31952477,-123.46279907,https://nrs.objectstore.gov.bc.ca/wrfdel/aermod/d02/2000/wrfout_d02_2000_2019.nc
wrfout_d02_2001_2019.nc,2001,d02,2019,202,12,211,21,48.30492497,-123.99970053,48.31952477,-123.46279907,48.66202545,-124.02390098,48.67672443,-123.48284723,https://nrs.objectstore.gov.bc.ca/wrfdel/aermod/d02/2001/wrfout_d02_2001_2019.nc
wrfout_d02_2002_2019.nc,2002,d02,2019,202,22,211,31,48.66202545,-124.02390098,48.67672443,-123.48284723,49.01937484,-124.04845237,49.03422451,-123.50319863,https://nrs.objectstore.gov.bc.ca/wrfdel/aermod/d02/2002/wrfout_d02_2002_2019.nc
wrfout_d02_2003_2019.nc,2003,d02,2019,202,32,211,41,49.01937484,-124.04845237,49.03422451,-123.50319863,49.37692547,-124.07340050,49.39190006,-123.52384948,https://nrs.objectstore.gov.bc.ca/wrfdel/aermod/d02/2003/wrfout_d02_2003_2019.nc
wrfout_d02_2004_2019.nc,2004,d02,2019,202,42,211,51,49.37692547,-124.07340050,49.39190006,-123.52384948,49.73464966,-124.09877398,49.74975109,-123.54484938,https://nrs.objectstore.gov.bc.ca/wrfdel/aermod/d02/2004/wrfout_d02_2004_2019.nc
wrfout_d02_2005_2019.nc,2005,d02,2019,202,52,211,61,49.73464966,-124.09877398,49.74975109,-123.54484938,50.09260082,-124.12452508,50.10785103,-123.56622502,https://nrs.objectstore.gov.bc.ca/wrfdel/aermod/d02/2005/wrfout_d02_2005_2019.nc
wrfout_d02_2006_2019.nc,2006,d02,2019,202,62,211,71,50.09260082,-124.12452508,50.10785103,-123.56622502,50.45077514,-124.15070152,50.46615028,-123.58790015,https://nrs.objectstore.gov.bc.ca/wrfdel/aermod/d02/2006/wrfout_d02_2006_2019.nc
wrfout_d02_2007_2019.nc,2007,d02,2019,202,72,211,81,50.45077514,-124.15070152,50.46615028,-123.58790015,50.80904960,-124.17732620,50.82454968,-123.60992430,https://nrs.objectstore.gov.bc.ca/wrfdel/aermod/d02/2007/wrfout_d02_2007_2019.nc
wrfout_d02_2008_2019.nc,2008,d02,2019,202,82,211,91,50.80904960,-124.17732620,50.82454968,-123.60992430,51.16752434,-124.20437623,51.18315029,-123.63232420,https://nrs.objectstore.gov.bc.ca/wrfdel/aermod/d02/2008/wrfout_d02_2008_2019.nc
wrfout_d02_2009_2019.nc,2009,d02,2019,202,92,211,101,51.16752434,-124.20437623,51.18315029,-123.63232420,51.52612496,-124.23185158,51.54187489,-123.65509987,https://nrs.objectstore.gov.bc.ca/wrfdel/aermod/d02/2009/wrfout_d02_2009_2019.nc
wrfout_d02_2010_2019.nc,2010,d02,2019,202,102,211,111,51.52612496,-124.23185158,51.54187489,-123.65509987,51.88482570,-124.25977705,51.90072632,-123.67824937,https://nrs.objectstore.gov.bc.ca/wrfdel/aermod/d02/2010/wrfout_d02_2010_2019.nc
wrfout_d02_2011_2019.nc,2011,d02,2019,202,112,211,121,51.88482570,-124.25977705,51.90072632,-123.67824937,52.24367428,-124.28817747,52.25972462,-123.70177460,https://nrs.objectstore.gov.bc.ca/wrfdel/aermod/d02/2011/wrfout_d02_2011_2019.nc
wrfout_d02_2012_2019.nc,2012,d02,2019,202,122,211,131,52.24367428,-124.28817747,52.25972462,-123.70177460,52.60262489,-124.31707572,52.61880016,-123.72569848,https://nrs.objectstore.gov.bc.ca/wrfdel/aermod/d02/2012/wrfout_d02_2012_2019.nc
wrfout_d02_2013_2019.nc,2013,d02,2019,202,132,211,141,52.60262489,-124.31707572,52.61880016,-123.72569848,52.96167564,-124.34647560,52.97799969,-123.75002287,https://nrs.objectstore.gov.bc.ca/wrfdel/aermod/d02/2013/wrfout_d02_2013_2019.nc
wrfout_d02_2014_2019.nc,2014,d02,2019,202,142,211,151,52.96167564,-124.34647560,52.97799969,-123.75002287,53.32075024,-124.37637707,53.33720016,-123.77482413,https://nrs.objectstore.gov.bc.ca/wrfdel/aermod/d02/2014/wrfout_d02_2014_2019.nc
wrfout_d02_2015_2019.nc,2015,d02,2019,202,152,211,161,53.32075024,-124.37637707,53.33720016,-123.77482413,53.67992592,-124.40677640,53.69655037,-123.80002402,https://nrs.objectstore.gov.bc.ca/wrfdel/aermod/d02/2015/wrfout_d02_2015_2019.nc
wrfout_d02_2016_2019.nc,2016,d02,2019,202,162,211,171,53.67992592,-124.40677640,53.69655037,-123.80002402,54.03917503,-124.43770027,54.05595016,-123.82564925,https://nrs.objectstore.gov.bc.ca/wrfdel/aermod/d02/2016/wrfout_d02_2016_2019.nc
wrfout_d02_2017_2019.nc,2017,d02,2019,202,172,211,181,54.03917503,-124.43770027,54.05595016,-123.82564925,54.39840031,-124.46920015,54.41532517,-123.85174940,https://nrs.objectstore.gov.bc.ca/wrfdel/aermod/d02/2017/wrfout_d02_2017_2019.nc
wrfout_d02_2018_2019.nc,2018,d02,2019,202,182,211,191,54.39840031,-124.46920015,54.41532517,-123.85174940,54.75767422,-124.50127413,54.77472496,-123.87829970,https://nrs.objectstore.gov.bc.ca/wrfdel/aermod/d02/2018/wrfout_d02_2018_2019.nc
wrfout_d02_2019_2019.nc,2019,d02,2019,202,192,211,201,54.75767422,-124.50127413,54.77472496,-123.87829970,55.11697483,-124.53389930,55.13420009,-123.90534973,https://nrs.objectstore.gov.bc.ca/wrfdel/aermod/d02/2019/wrfout_d02_2019_2019.nc
wrfout_d02_2020_2019.nc,2020,d02,2019,202,202,211,211,55.11697483,-124.53389930,55.13420009,-123.90534973,55.47624970,-124.56712340,55.49362469,-123.93287467,https://nrs.objectstore.gov.bc.ca/wrfdel/aermod/d02/2020/wrfout_d02_2020_2019.nc
wrfout_d02_2021_2019.nc,2021,d02,2019,202,212,211,221,55.47624970,-124.56712340,55.49362469,-123.93287467,55.83552551,-124.60097312,55.85305023,-123.96087455,https://nrs.objectstore.gov.bc.ca/wrfdel/aermod/d02/2021/wrfout_d02_2021_2019.nc
wrfout_d02_2022_2019.nc,2022,d02,2019,202,222,211,231,55.83552551,-124.60097312,55.85305023,-123.96087455,56.19475079,-124.63542365,56.21242523,-123.98942373,https://nrs.objectstore.gov.bc.ca/wrfdel/aermod/d02/2022/wrfout_d02_2022_2019.nc
wrfout_d02_2023_2019.nc,2023,d02,2019,202,232,211,241,56.19475079,-124.63542365,56.21242523,-123.98942373,56.55395031,-124.67052270,56.57177544,-124.01852415,https://nrs.objectstore.gov.bc.ca/wrfdel/aermod/d02/2023/wrfout_d02_2023_2019.nc
wrfout_d02_2024_2019.nc,2024,d02,2019,202,242,211,251,56.55395031,-124.67052270,56.57177544,-124.01852415,56.91299915,-124.70629883,56.93102455,-124.04817580,https://nrs.objectstore.gov.bc.ca/wrfdel/aermod/d02/2024/wrfout_d02_2024_2019.nc
wrfout_d02_2025_2019.nc,2025,d02,2019,202,252,211,261,56.91299915,-124.70629883,56.93102455,-124.04817580,57.27205086,-124.74272535,57.29022598,-124.07837677,https://nrs.objectstore.gov.bc.ca/wrfdel/aermod/d02/2025/wrfout_d02_2025_2019.nc
wrfout_d02_2026_2019.nc,2026,d02,2019,202,262,211,271,57.27205086,-124.74272535,57.29022598,-124.07837677,57.63097572,-124.77985000,57.64932537,-124.10912515,https://nrs.objectstore.gov.bc.ca/wrfdel/aermod/d02/2026/wrfout_d02_2026_2019.nc
wrfout_d02_2027_2019.nc,2027,d02,2019,202,272,211,281,57.63097572,-124.77985000,57.64932537,-124.10912515,57.98977471,-124.81772425,58.00829983,-124.14050102,https://nrs.objectstore.gov.bc.ca/wrfdel/aermod/d02/2027/wrfout_d02_2027_2019.nc
wrfout_d02_2028_2019.nc,2028,d02,2019,202,282,211,291,57.98977471,-124.81772425,58.00829983,-124.14050102,58.34847450,-124.85634995,58.36717415,-124.17250253,https://nrs.objectstore.gov.bc.ca/wrfdel/aermod/d02/2028/wrfout_d02_2028_2019.nc
wrfout_d02_2029_2019.nc,2029,d02,2019,202,292,211,301,58.34847450,-124.85634995,58.36717415,-124.17250253,58.70702457,-124.89570045,58.72589970,-124.20512583,https://nrs.objectstore.gov.bc.ca/wrfdel/aermod/d02/2029/wrfout_d02_2029_2019.nc
wrfout_d02_2030_2019.nc,2030,d02,2019,202,302,211,311,58.70702457,-124.89570045,58.72589970,-124.20512583,59.06542492,-124.93585015,59.08447551,-124.23839950,https://nrs.objectstore.gov.bc.ca/wrfdel/aermod/d02/2030/wrfout_d02_2030_2019.nc
wrfout_d02_2031_2019.nc,2031,d02,2019,202,312,211,321,59.06542492,-124.93585015,59.08447551,-124.23839950,59.42362499,-124.97682380,59.44287586,-124.27235030,https://nrs.objectstore.gov.bc.ca/wrfdel/aermod/d02/2031/wrfout_d02_2031_2019.nc
wrfout_d02_2032_2019.nc,2032,d02,2019,202,322,211,331,59.42362499,-124.97682380,59.44287586,-124.27235030,59.78162479,-125.01862525,59.80107498,-124.30699920,https://nrs.objectstore.gov.bc.ca/wrfdel/aermod/d02/2032/wrfout_d02_2032_2019.nc
wrfout_d02_2033_2019.nc,2033,d02,2019,202,332,211,341,59.78162479,-125.01862525,59.80107498,-124.30699920,60.13950062,-125.06130217,60.15907574,-124.34234810,https://nrs.objectstore.gov.bc.ca/wrfdel/aermod/d02/2033/wrfout_d02_2033_2019.nc
wrfout_d02_2034_2019.nc,2034,d02,2019,202,342,211,351,60.13950062,-125.06130217,60.15907574,-124.34234810,60.49707508,-125.10482405,60.51687527,-124.37844850,https://nrs.objectstore.gov.bc.ca/wrfdel/aermod/d02/2034/wrfout_d02_2034_2019.nc
wrfout_d02_2035_2019.nc,2035,d02,2019,202,352,211,361,60.49707508,-125.10482405,60.51687527,-124.37844850,60.85442448,-125.14929962,60.87442398,-124.41532325,https://nrs.objectstore.gov.bc.ca/wrfdel/aermod/d02/2035/wrfout_d02_2035_2019.nc
wrfout_d02_2036_2019.nc,2036,d02,2019,202,362,211,371,60.85442448,-125.14929962,60.87442398,-124.41532325,61.20359993,-125.17180255,61.22209931,-124.43394850,https://nrs.objectstore.gov.bc.ca/wrfdel/aermod/d02/2036/wrfout_d02_2036_2019.nc
wrfout_d02_2100_2019.nc,2100,d02,2019,212,2,221,11,47.97450066,-123.45285035,47.98750114,-122.91770170,48.31952477,-123.46279907,48.33137417,-122.92560005,https://nrs.objectstore.gov.bc.ca/wrfdel/aermod/d02/2100/wrfout_d02_2100_2019.nc
wrfout_d02_2101_2019.nc,2101,d02,2019,212,12,221,21,48.31952477,-123.46279907,48.33137417,-122.92560005,48.67672443,-123.48284723,48.68867397,-122.94147492,https://nrs.objectstore.gov.bc.ca/wrfdel/aermod/d02/2101/wrfout_d02_2101_2019.nc
wrfout_d02_2102_2019.nc,2102,d02,2019,212,22,221,31,48.67672443,-123.48284723,48.68867397,-122.94147492,49.03422451,-123.50319863,49.04627419,-122.95760155,https://nrs.objectstore.gov.bc.ca/wrfdel/aermod/d02/2102/wrfout_d02_2102_2019.nc
wrfout_d02_2103_2019.nc,2103,d02,2019,212,32,221,41,49.03422451,-123.50319863,49.04627419,-122.95760155,49.39190006,-123.52384948,49.40402412,-122.97402573,https://nrs.objectstore.gov.bc.ca/wrfdel/aermod/d02/2103/wrfout_d02_2103_2019.nc
wrfout_d02_2104_2019.nc,2104,d02,2019,212,42,221,51,49.39190006,-123.52384948,49.40402412,-122.97402573,49.74975109,-123.54484938,49.76202583,-122.99067497,https://nrs.objectstore.gov.bc.ca/wrfdel/aermod/d02/2104/wrfout_d02_2104_2019.nc
wrfout_d02_2105_2019.nc,2105,d02,2019,212,52,221,61,49.74975109,-123.54484938,49.76202583,-122.99067497,50.10785103,-123.56622502,50.12020111,-123.00755120,https://nrs.objectstore.gov.bc.ca/wrfdel/aermod/d02/2105/wrfout_d02_2105_2019.nc
wrfout_d02_2106_2019.nc,2106,d02,2019,212,62,221,71,50.10785103,-123.56622502,50.12020111,-123.00755120,50.46615028,-123.58790015,50.47860050,-123.02470208,https://nrs.objectstore.gov.bc.ca/wrfdel/aermod/d02/2106/wrfout_d02_2106_2019.nc
wrfout_d02_2107_2019.nc,2107,d02,2019,212,72,221,81,50.46615028,-123.58790015,50.47860050,-123.02470208,50.82454968,-123.60992430,50.83712578,-123.04217720,https://nrs.objectstore.gov.bc.ca/wrfdel/aermod/d02/2107/wrfout_d02_2107_2019.nc
wrfout_d02_2108_2019.nc,2108,d02,2019,212,82,221,91,50.82454968,-123.60992430,50.83712578,-123.04217720,51.18315029,-123.63232420,51.19582558,-123.05992507,https://nrs.objectstore.gov.bc.ca/wrfdel/aermod/d02/2108/wrfout_d02_2108_2019.nc
wrfout_d02_2109_2019.nc,2109,d02,2019,212,92,221,101,51.18315029,-123.63232420,51.19582558,-123.05992507,51.54187489,-123.65509987,51.55464935,-123.07794763,https://nrs.objectstore.gov.bc.ca/wrfdel/aermod/d02/2109/wrfout_d02_2109_2019.nc
wrfout_d02_2110_2019.nc,2110,d02,2019,212,102,221,111,51.54187489,-123.65509987,51.55464935,-123.07794763,51.90072632,-123.67824937,51.91362572,-123.09632492,https://nrs.objectstore.gov.bc.ca/wrfdel/aermod/d02/2110/wrfout_d02_2110_2019.nc
wrfout_d02_2111_2019.nc,2111,d02,2019,212,112,221,121,51.90072632,-123.67824937,51.91362572,-123.09632492,52.25972462,-123.70177460,52.27272510,-123.11500168,https://nrs.objectstore.gov.bc.ca/wrfdel/aermod/d02/2111/wrfout_d02_2111_2019.nc
wrfout_d02_2112_2019.nc,2112,d02,2019,212,122,221,131,52.25972462,-123.70177460,52.27272510,-123.11500168,52.61880016,-123.72569848,52.63194943,-123.13395117,https://nrs.objectstore.gov.bc.ca/wrfdel/aermod/d02/2112/wrfout_d02_2112_2019.nc
wrfout_d02_2113_2019.nc,2113,d02,2019,212,132,221,141,52.61880016,-123.72569848,52.63194943,-123.13395117,52.97799969,-123.75002287,52.99125004,-123.15324972,https://nrs.objectstore.gov.bc.ca/wrfdel/aermod/d02/2113/wrfout_d02_2113_2019.nc
wrfout_d02_2114_2019.nc,2114,d02,2019,212,142,221,151,52.97799969,-123.75002287,52.99125004,-123.15324972,53.33720016,-123.77482413,53.35055065,-123.17287445,https://nrs.objectstore.gov.bc.ca/wrfdel/aermod/d02/2114/wrfout_d02_2114_2019.nc
wrfout_d02_2115_2019.nc,2115,d02,2019,212,152,221,161,53.33720016,-123.77482413,53.35055065,-123.17287445,53.69655037,-123.80002402,53.71005058,-123.19285012,https://nrs.objectstore.gov.bc.ca/wrfdel/aermod/d02/2115/wrfout_d02_2115_2019.nc
wrfout_d02_2116_2019.nc,2116,d02,2019,212,162,221,171,53.69655037,-123.80002402,53.71005058,-123.19285012,54.05595016,-123.82564925,54.06952476,-123.21317293,https://nrs.objectstore.gov.bc.ca/wrfdel/aermod/d02/2116/wrfout_d02_2116_2019.nc
wrfout_d02_2117_2019.nc,2117,d02,2019,212,172,221,181,54.05595016,-123.82564925,54.06952476,-123.21317293,54.41532517,-123.85174940,54.42907524,-123.23382187,https://nrs.objectstore.gov.bc.ca/wrfdel/aermod/d02/2117/wrfout_d02_2117_2019.nc
wrfout_d02_2118_2019.nc,2118,d02,2019,212,182,221,191,54.41532517,-123.85174940,54.42907524,-123.23382187,54.77472496,-123.87829970,54.78857517,-123.25487520,https://nrs.objectstore.gov.bc.ca/wrfdel/aermod/d02/2118/wrfout_d02_2118_2019.nc
wrfout_d02_2119_2019.nc,2119,d02,2019,212,192,221,201,54.77472496,-123.87829970,54.78857517,-123.25487520,55.13420009,-123.90534973,55.14817524,-123.27630043,https://nrs.objectstore.gov.bc.ca/wrfdel/aermod/d02/2119/wrfout_d02_2119_2019.nc
wrfout_d02_2120_2019.nc,2120,d02,2019,212,202,221,211,55.13420009,-123.90534973,55.14817524,-123.27630043,55.49362469,-123.93287467,55.50774956,-123.29809760,https://nrs.objectstore.gov.bc.ca/wrfdel/aermod/d02/2120/wrfout_d02_2120_2019.nc
wrfout_d02_2121_2019.nc,2121,d02,2019,212,212,221,221,55.49362469,-123.93287467,55.50774956,-123.29809760,55.85305023,-123.96087455,55.86727524,-123.32032395,https://nrs.objectstore.gov.bc.ca/wrfdel/aermod/d02/2121/wrfout_d02_2121_2019.nc
wrfout_d02_2122_2019.nc,2122,d02,2019,212,222,221,231,55.85305023,-123.96087455,55.86727524,-123.32032395,56.21242523,-123.98942373,56.22679996,-123.34295080,https://nrs.objectstore.gov.bc.ca/wrfdel/aermod/d02/2122/wrfout_d02_2122_2019.nc
wrfout_d02_2123_2019.nc,2123,d02,2019,212,232,221,241,56.21242523,-123.98942373,56.22679996,-123.34295080,56.57177544,-124.01852415,56.58625031,-123.36599920,https://nrs.objectstore.gov.bc.ca/wrfdel/aermod/d02/2123/wrfout_d02_2123_2019.nc
wrfout_d02_2124_2019.nc,2124,d02,2019,212,242,221,251,56.57177544,-124.01852415,56.58625031,-123.36599920,56.93102455,-124.04817580,56.94565010,-123.38949777,https://nrs.objectstore.gov.bc.ca/wrfdel/aermod/d02/2124/wrfout_d02_2124_2019.nc
wrfout_d02_2125_2019.nc,2125,d02,2019,212,252,221,261,56.93102455,-124.04817580,56.94565010,-123.38949777,57.29022598,-124.07837677,57.30497551,-123.41342545,https://nrs.objectstore.gov.bc.ca/wrfdel/aermod/d02/2125/wrfout_d02_2125_2019.nc
wrfout_d02_2126_2019.nc,2126,d02,2019,212,262,221,271,57.29022598,-124.07837677,57.30497551,-123.41342545,57.64932537,-124.10912515,57.66422558,-123.43780133,https://nrs.objectstore.gov.bc.ca/wrfdel/aermod/d02/2126/wrfout_d02_2126_2019.nc
wrfout_d02_2127_2019.nc,2127,d02,2019,212,272,221,281,57.64932537,-124.10912515,57.66422558,-123.43780133,58.00829983,-124.14050102,58.02335071,-123.46267505,https://nrs.objectstore.gov.bc.ca/wrfdel/aermod/d02/2127/wrfout_d02_2127_2019.nc
wrfout_d02_2128_2019.nc,2128,d02,2019,212,282,221,291,58.00829983,-124.14050102,58.02335071,-123.46267505,58.36717415,-124.17250253,58.38237381,-123.48805045,https://nrs.objectstore.gov.bc.ca/wrfdel/aermod/d02/2128/wrfout_d02_2128_2019.nc
wrfout_d02_2129_2019.nc,2129,d02,2019,212,292,221,301,58.36717415,-124.17250253,58.38237381,-123.48805045,58.72589970,-124.20512583,58.74122524,-123.51392558,https://nrs.objectstore.gov.bc.ca/wrfdel/aermod/d02/2129/wrfout_d02_2129_2019.nc
wrfout_d02_2130_2019.nc,2130,d02,2019,212,302,221,311,58.72589970,-124.20512583,58.74122524,-123.51392558,59.08447551,-124.23839950,59.09994983,-123.54030040,https://nrs.objectstore.gov.bc.ca/wrfdel/aermod/d02/2130/wrfout_d02_2130_2019.nc
wrfout_d02_2131_2019.nc,2131,d02,2019,212,312,221,321,59.08447551,-124.23839950,59.09994983,-123.54030040,59.44287586,-124.27235030,59.45850086,-123.56719972,https://nrs.objectstore.gov.bc.ca/wrfdel/aermod/d02/2131/wrfout_d02_2131_2019.nc
wrfout_d02_2132_2019.nc,2132,d02,2019,212,322,221,331,59.44287586,-124.27235030,59.45850086,-123.56719972,59.80107498,-124.30699920,59.81687546,-123.59464835,https://nrs.objectstore.gov.bc.ca/wrfdel/aermod/d02/2132/wrfout_d02_2132_2019.nc
wrfout_d02_2133_2019.nc,2133,d02,2019,212,332,221,341,59.80107498,-124.30699920,59.81687546,-123.59464835,60.15907574,-124.34234810,60.17500019,-123.62267302,https://nrs.objectstore.gov.bc.ca/wrfdel/aermod/d02/2133/wrfout_d02_2133_2019.nc
wrfout_d02_2134_2019.nc,2134,d02,2019,212,342,221,351,60.15907574,-124.34234810,60.17500019,-123.62267302,60.51687527,-124.37844850,60.53294945,-123.65127372,https://nrs.objectstore.gov.bc.ca/wrfdel/aermod/d02/2134/wrfout_d02_2134_2019.nc
wrfout_d02_2135_2019.nc,2135,d02,2019,212,352,221,361,60.51687527,-124.37844850,60.53294945,-123.65127372,60.87442398,-124.41532325,60.89067459,-123.68047333,https://nrs.objectstore.gov.bc.ca/wrfdel/aermod/d02/2135/wrfout_d02_2135_2019.nc
wrfout_d02_2136_2019.nc,2136,d02,2019,212,362,221,371,60.87442398,-124.41532325,60.89067459,-123.68047333,61.22209931,-124.43394850,61.23679924,-123.69524765,https://nrs.objectstore.gov.bc.ca/wrfdel/aermod/d02/2136/wrfout_d02_2136_2019.nc
wrfout_d02_2200_2019.nc,2200,d02,2019,222,2,231,11,47.98750114,-122.91770170,47.99775123,-122.38235090,48.33137417,-122.92560005,48.34044933,-122.38815117,https://nrs.objectstore.gov.bc.ca/wrfdel/aermod/d02/2200/wrfout_d02_2200_2019.nc
wrfout_d02_2201_2019.nc,2201,d02,2019,222,12,231,21,48.33137417,-122.92560005,48.34044933,-122.38815117,48.68867397,-122.94147492,48.69787407,-122.39985087,https://nrs.objectstore.gov.bc.ca/wrfdel/aermod/d02/2201/wrfout_d02_2201_2019.nc
wrfout_d02_2202_2019.nc,2202,d02,2019,222,22,231,31,48.68867397,-122.94147492,48.69787407,-122.39985087,49.04627419,-122.95760155,49.05552483,-122.41175082,https://nrs.objectstore.gov.bc.ca/wrfdel/aermod/d02/2202/wrfout_d02_2202_2019.nc
wrfout_d02_2203_2019.nc,2203,d02,2019,222,32,231,41,49.04627419,-122.95760155,49.05552483,-122.41175082,49.40402412,-122.97402573,49.41337490,-122.42384912,https://nrs.objectstore.gov.bc.ca/wrfdel/aermod/d02/2203/wrfout_d02_2203_2019.nc
wrfout_d02_2204_2019.nc,2204,d02,2019,222,42,231,51,49.40402412,-122.97402573,49.41337490,-122.42384912,49.76202583,-122.99067497,49.77145100,-122.43614770,https://nrs.objectstore.gov.bc.ca/wrfdel/aermod/d02/2204/wrfout_d02_2204_2019.nc
wrfout_d02_2205_2019.nc,2205,d02,2019,222,52,231,61,49.76202583,-122.99067497,49.77145100,-122.43614770,50.12020111,-123.00755120,50.12970066,-122.44862367,https://nrs.objectstore.gov.bc.ca/wrfdel/aermod/d02/2205/wrfout_d02_2205_2019.nc
wrfout_d02_2206_2019.nc,2206,d02,2019,222,62,231,71,50.12020111,-123.00755120,50.12970066,-122.44862367,50.47860050,-123.02470208,50.48814965,-122.46129990,https://nrs.objectstore.gov.bc.ca/wrfdel/aermod/d02/2206/wrfout_d02_2206_2019.nc
wrfout_d02_2207_2019.nc,2207,d02,2019,222,72,231,81,50.47860050,-123.02470208,50.48814965,-122.46129990,50.83712578,-123.04217720,50.84679985,-122.47419930,https://nrs.objectstore.gov.bc.ca/wrfdel/aermod/d02/2207/wrfout_d02_2207_2019.nc
wrfout_d02_2208_2019.nc,2208,d02,2019,222,82,231,91,50.83712578,-123.04217720,50.84679985,-122.47419930,51.19582558,-123.05992507,51.20557594,-122.48727417,https://nrs.objectstore.gov.bc.ca/wrfdel/aermod/d02/2208/wrfout_d02_2208_2019.nc
wrfout_d02_2209_2019.nc,2209,d02,2019,222,92,231,101,51.19582558,-123.05992507,51.20557594,-122.48727417,51.55464935,-123.07794763,51.56447411,-122.50057410,https://nrs.objectstore.gov.bc.ca/wrfdel/aermod/d02/2209/wrfout_d02_2209_2019.nc
wrfout_d02_2210_2019.nc,2210,d02,2019,222,102,231,111,51.55464935,-123.07794763,51.56447411,-122.50057410,51.91362572,-123.09632492,51.92352486,-122.51412200,https://nrs.objectstore.gov.bc.ca/wrfdel/aermod/d02/2210/wrfout_d02_2210_2019.nc
wrfout_d02_2211_2019.nc,2211,d02,2019,222,112,231,121,51.91362572,-123.09632492,51.92352486,-122.51412200,52.27272510,-123.11500168,52.28269958,-122.52787398,https://nrs.objectstore.gov.bc.ca/wrfdel/aermod/d02/2211/wrfout_d02_2211_2019.nc
wrfout_d02_2212_2019.nc,2212,d02,2019,222,122,231,131,52.27272510,-123.11500168,52.28269958,-122.52787398,52.63194943,-123.13395117,52.64202404,-122.54185102,https://nrs.objectstore.gov.bc.ca/wrfdel/aermod/d02/2212/wrfout_d02_2212_2019.nc
wrfout_d02_2213_2019.nc,2213,d02,2019,222,132,231,141,52.63194943,-123.13395117,52.64202404,-122.54185102,52.99125004,-123.15324972,53.00139999,-122.55610085,https://nrs.objectstore.gov.bc.ca/wrfdel/aermod/d02/2213/wrfout_d02_2213_2019.nc
wrfout_d02_2214_2019.nc,2214,d02,2019,222,142,231,151,52.99125004,-123.15324972,53.00139999,-122.55610085,53.35055065,-123.17287445,53.36082554,-122.57060053,https://nrs.objectstore.gov.bc.ca/wrfdel/aermod/d02/2214/wrfout_d02_2214_2019.nc
wrfout_d02_2215_2019.nc,2215,d02,2019,222,152,231,161,53.35055065,-123.17287445,53.36082554,-122.57060053,53.71005058,-123.19285012,53.72037506,-122.58529855,https://nrs.objectstore.gov.bc.ca/wrfdel/aermod/d02/2215/wrfout_d02_2215_2019.nc
wrfout_d02_2216_2019.nc,2216,d02,2019,222,162,231,171,53.71005058,-123.19285012,53.72037506,-122.58529855,54.06952476,-123.21317293,54.07994842,-122.60027315,https://nrs.objectstore.gov.bc.ca/wrfdel/aermod/d02/2216/wrfout_d02_2216_2019.nc
wrfout_d02_2217_2019.nc,2217,d02,2019,222,172,231,181,54.06952476,-123.21317293,54.07994842,-122.60027315,54.42907524,-123.23382187,54.43959999,-122.61554910,https://nrs.objectstore.gov.bc.ca/wrfdel/aermod/d02/2217/wrfout_d02_2217_2019.nc
wrfout_d02_2218_2019.nc,2218,d02,2019,222,182,231,191,54.42907524,-123.23382187,54.43959999,-122.61554910,54.78857517,-123.25487520,54.79922581,-122.63105010,https://nrs.objectstore.gov.bc.ca/wrfdel/aermod/d02/2218/wrfout_d02_2218_2019.nc
wrfout_d02_2219_2019.nc,2219,d02,2019,222,192,231,201,54.78857517,-123.25487520,54.79922581,-122.63105010,55.14817524,-123.27630043,55.15890026,-122.64685058,https://nrs.objectstore.gov.bc.ca/wrfdel/aermod/d02/2219/wrfout_d02_2219_2019.nc
wrfout_d02_2220_2019.nc,2220,d02,2019,222,202,231,211,55.14817524,-123.27630043,55.15890026,-122.64685058,55.50774956,-123.29809760,55.51857472,-122.66297530,https://nrs.objectstore.gov.bc.ca/wrfdel/aermod/d02/2220/wrfout_d02_2220_2019.nc
wrfout_d02_2221_2019.nc,2221,d02,2019,222,212,231,221,55.50774956,-123.29809760,55.51857472,-122.66297530,55.86727524,-123.32032395,55.87820053,-122.67935180,https://nrs.objectstore.gov.bc.ca/wrfdel/aermod/d02/2221/wrfout_d02_2221_2019.nc
wrfout_d02_2222_2019.nc,2222,d02,2019,222,222,231,231,55.86727524,-123.32032395,55.87820053,-122.67935180,56.22679996,-123.34295080,56.23782539,-122.69602585,https://nrs.objectstore.gov.bc.ca/wrfdel/aermod/d02/2222/wrfout_d02_2222_2019.nc
wrfout_d02_2223_2019.nc,2223,d02,2019,222,232,231,241,56.22679996,-123.34295080,56.23782539,-122.69602585,56.58625031,-123.36599920,56.59737492,-122.71302415,https://nrs.objectstore.gov.bc.ca/wrfdel/aermod/d02/2223/wrfout_d02_2223_2019.nc
wrfout_d02_2224_2019.nc,2224,d02,2019,222,242,231,251,56.58625031,-123.36599920,56.59737492,-122.71302415,56.94565010,-123.38949777,56.95687580,-122.73037337,https://nrs.objectstore.gov.bc.ca/wrfdel/aermod/d02/2224/wrfout_d02_2224_2019.nc
wrfout_d02_2225_2019.nc,2225,d02,2019,222,252,231,261,56.94565010,-123.38949777,56.95687580,-122.73037337,57.30497551,-123.41342545,57.31630039,-122.74804878,https://nrs.objectstore.gov.bc.ca/wrfdel/aermod/d02/2225/wrfout_d02_2225_2019.nc
wrfout_d02_2226_2019.nc,2226,d02,2019,222,262,231,271,57.30497551,-123.41342545,57.31630039,-122.74804878,57.66422558,-123.43780133,57.67565060,-122.76602555,https://nrs.objectstore.gov.bc.ca/wrfdel/aermod/d02/2226/wrfout_d02_2226_2019.nc
wrfout_d02_2227_2019.nc,2227,d02,2019,222,272,231,281,57.66422558,-123.43780133,57.67565060,-122.76602555,58.02335071,-123.46267505,58.03490067,-122.78437422,https://nrs.objectstore.gov.bc.ca/wrfdel/aermod/d02/2227/wrfout_d02_2227_2019.nc
wrfout_d02_2228_2019.nc,2228,d02,2019,222,282,231,291,58.02335071,-123.46267505,58.03490067,-122.78437422,58.38237381,-123.48805045,58.39404964,-122.80307387,https://nrs.objectstore.gov.bc.ca/wrfdel/aermod/d02/2228/wrfout_d02_2228_2019.nc
wrfout_d02_2229_2019.nc,2229,d02,2019,222,292,231,301,58.38237381,-123.48805045,58.39404964,-122.80307387,58.74122524,-123.51392558,58.75297546,-122.82214928,https://nrs.objectstore.gov.bc.ca/wrfdel/aermod/d02/2229/wrfout_d02_2229_2019.nc
wrfout_d02_2230_2019.nc,2230,d02,2019,222,302,231,311,58.74122524,-123.51392558,58.75297546,-122.82214928,59.09994983,-123.54030040,59.11184978,-122.84162523,https://nrs.objectstore.gov.bc.ca/wrfdel/aermod/d02/2230/wrfout_d02_2230_2019.nc
wrfout_d02_2231_2019.nc,2231,d02,2019,222,312,231,321,59.09994983,-123.54030040,59.11184978,-122.84162523,59.45850086,-123.56719972,59.47047520,-122.86147500,https://nrs.objectstore.gov.bc.ca/wrfdel/aermod/d02/2231/wrfout_d02_2231_2019.nc
wrfout_d02_2232_2019.nc,2232,d02,2019,222,322,231,331,59.45850086,-123.56719972,59.47047520,-122.86147500,59.81687546,-123.59464835,59.82897568,-122.88172533,https://nrs.objectstore.gov.bc.ca/wrfdel/aermod/d02/2232/wrfout_d02_2232_2019.nc
wrfout_d02_2233_2019.nc,2233,d02,2019,222,332,231,341,59.81687546,-123.59464835,59.82897568,-122.88172533,60.17500019,-123.62267302,60.18725014,-122.90242770,https://nrs.objectstore.gov.bc.ca/wrfdel/aermod/d02/2233/wrfout_d02_2233_2019.nc
wrfout_d02_2234_2019.nc,2234,d02,2019,222,342,231,351,60.17500019,-123.62267302,60.18725014,-122.90242770,60.53294945,-123.65127372,60.54529953,-122.92355158,https://nrs.objectstore.gov.bc.ca/wrfdel/aermod/d02/2234/wrfout_d02_2234_2019.nc
wrfout_d02_2235_2019.nc,2235,d02,2019,222,352,231,361,60.53294945,-123.65127372,60.54529953,-122.92355158,60.89067459,-123.68047333,60.90315056,-122.94507600,https://nrs.objectstore.gov.bc.ca/wrfdel/aermod/d02/2235/wrfout_d02_2235_2019.nc
wrfout_d02_2236_2019.nc,2236,d02,2019,222,362,231,371,60.89067459,-123.68047333,60.90315056,-122.94507600,61.23679924,-123.69524765,61.24769973,-122.95595170,https://nrs.objectstore.gov.bc.ca/wrfdel/aermod/d02/2236/wrfout_d02_2236_2019.nc
wrfout_d02_2300_2019.nc,2300,d02,2019,232,2,241,11,47.99775123,-122.38235090,48.00525093,-121.84680175,48.34044933,-122.38815117,48.34682465,-121.85054970,https://nrs.objectstore.gov.bc.ca/wrfdel/aermod/d02/2300/wrfout_d02_2300_2019.nc
wrfout_d02_2301_2019.nc,2301,d02,2019,232,12,241,21,48.34044933,-122.38815117,48.34682465,-121.85054970,48.69787407,-122.39985087,48.70427418,-121.85812377,https://nrs.objectstore.gov.bc.ca/wrfdel/aermod/d02/2301/wrfout_d02_2301_2019.nc
wrfout_d02_2302_2019.nc,2302,d02,2019,232,22,241,31,48.69787407,-122.39985087,48.70427418,-121.85812377,49.05552483,-122.41175082,49.06197548,-121.86577413,https://nrs.objectstore.gov.bc.ca/wrfdel/aermod/d02/2302/wrfout_d02_2302_2019.nc
wrfout_d02_2303_2019.nc,2303,d02,2019,232,32,241,41,49.05552483,-122.41175082,49.06197548,-121.86577413,49.41337490,-122.42384912,49.41990089,-121.87352370,https://nrs.objectstore.gov.bc.ca/wrfdel/aermod/d02/2303/wrfout_d02_2303_2019.nc
wrfout_d02_2304_2019.nc,2304,d02,2019,232,42,241,51,49.41337490,-122.42384912,49.41990089,-121.87352370,49.77145100,-122.43614770,49.77800083,-121.88144875,https://nrs.objectstore.gov.bc.ca/wrfdel/aermod/d02/2304/wrfout_d02_2304_2019.nc
wrfout_d02_2305_2019.nc,2305,d02,2019,232,52,241,61,49.77145100,-122.43614770,49.77800083,-121.88144875,50.12970066,-122.44862367,50.13632584,-121.88949965,https://nrs.objectstore.gov.bc.ca/wrfdel/aermod/d02/2305/wrfout_d02_2305_2019.nc
wrfout_d02_2306_2019.nc,2306,d02,2019,232,62,241,71,50.12970066,-122.44862367,50.13632584,-121.88949965,50.48814965,-122.46129990,50.49482441,-121.89764975,https://nrs.objectstore.gov.bc.ca/wrfdel/aermod/d02/2306/wrfout_d02_2306_2019.nc
wrfout_d02_2307_2019.nc,2307,d02,2019,232,72,241,81,50.48814965,-122.46129990,50.49482441,-121.89764975,50.84679985,-122.47419930,50.85352421,-121.90592385,https://nrs.objectstore.gov.bc.ca/wrfdel/aermod/d02/2307/wrfout_d02_2307_2019.nc
wrfout_d02_2308_2019.nc,2308,d02,2019,232,82,241,91,50.84679985,-122.47419930,50.85352421,-121.90592385,51.20557594,-122.48727417,51.21235084,-121.91435052,https://nrs.objectstore.gov.bc.ca/wrfdel/aermod/d02/2308/wrfout_d02_2308_2019.nc
wrfout_d02_2309_2019.nc,2309,d02,2019,232,92,241,101,51.20557594,-122.48727417,51.21235084,-121.91435052,51.56447411,-122.50057410,51.57132435,-121.92292595,https://nrs.objectstore.gov.bc.ca/wrfdel/aermod/d02/2309/wrfout_d02_2309_2019.nc
wrfout_d02_2310_2019.nc,2310,d02,2019,232,102,241,111,51.56447411,-122.50057410,51.57132435,-121.92292595,51.92352486,-122.51412200,51.93047524,-121.93165015,https://nrs.objectstore.gov.bc.ca/wrfdel/aermod/d02/2310/wrfout_d02_2310_2019.nc
wrfout_d02_2311_2019.nc,2311,d02,2019,232,112,241,121,51.92352486,-122.51412200,51.93047524,-121.93165015,52.28269958,-122.52787398,52.28967476,-121.94050025,https://nrs.objectstore.gov.bc.ca/wrfdel/aermod/d02/2311/wrfout_d02_2311_2019.nc
wrfout_d02_2312_2019.nc,2312,d02,2019,232,122,241,131,52.28269958,-122.52787398,52.28967476,-121.94050025,52.64202404,-122.54185102,52.64904976,-121.94949912,https://nrs.objectstore.gov.bc.ca/wrfdel/aermod/d02/2312/wrfout_d02_2312_2019.nc
wrfout_d02_2313_2019.nc,2313,d02,2019,232,132,241,141,52.64202404,-122.54185102,52.64904976,-121.94949912,53.00139999,-122.55610085,53.00847435,-121.95867347,https://nrs.objectstore.gov.bc.ca/wrfdel/aermod/d02/2313/wrfout_d02_2313_2019.nc
wrfout_d02_2314_2019.nc,2314,d02,2019,232,142,241,151,53.00139999,-122.55610085,53.00847435,-121.95867347,53.36082554,-122.57060053,53.36802483,-121.96800040,https://nrs.objectstore.gov.bc.ca/wrfdel/aermod/d02/2314/wrfout_d02_2314_2019.nc
wrfout_d02_2315_2019.nc,2315,d02,2019,232,152,241,161,53.36082554,-122.57060053,53.36802483,-121.96800040,53.72037506,-122.58529855,53.72759914,-121.97750093,https://nrs.objectstore.gov.bc.ca/wrfdel/aermod/d02/2315/wrfout_d02_2315_2019.nc
wrfout_d02_2316_2019.nc,2316,d02,2019,232,162,241,171,53.72037506,-122.58529855,53.72759914,-121.97750093,54.07994842,-122.60027315,54.08724975,-121.98715023,https://nrs.objectstore.gov.bc.ca/wrfdel/aermod/d02/2316/wrfout_d02_2316_2019.nc
wrfout_d02_2317_2019.nc,2317,d02,2019,232,172,241,181,54.07994842,-122.60027315,54.08724975,-121.98715023,54.43959999,-122.61554910,54.44692516,-121.99695017,https://nrs.objectstore.gov.bc.ca/wrfdel/aermod/d02/2317/wrfout_d02_2317_2019.nc
wrfout_d02_2318_2019.nc,2318,d02,2019,232,182,241,191,54.43959999,-122.61554910,54.44692516,-121.99695017,54.79922581,-122.63105010,54.80667496,-122.00694848,https://nrs.objectstore.gov.bc.ca/wrfdel/aermod/d02/2318/wrfout_d02_2318_2019.nc
wrfout_d02_2319_2019.nc,2319,d02,2019,232,192,241,201,54.79922581,-122.63105010,54.80667496,-122.00694848,55.15890026,-122.64685058,55.16637421,-122.01714898,https://nrs.objectstore.gov.bc.ca/wrfdel/aermod/d02/2319/wrfout_d02_2319_2019.nc
wrfout_d02_2320_2019.nc,2320,d02,2019,232,202,241,211,55.15890026,-122.64685058,55.16637421,-122.01714898,55.51857472,-122.66297530,55.52610016,-122.02752497,https://nrs.objectstore.gov.bc.ca/wrfdel/aermod/d02/2320/wrfout_d02_2320_2019.nc
wrfout_d02_2321_2019.nc,2321,d02,2019,232,212,241,221,55.51857472,-122.66297530,55.52610016,-122.02752497,55.87820053,-122.67935180,55.88584995,-122.03804972,https://nrs.objectstore.gov.bc.ca/wrfdel/aermod/d02/2321/wrfout_d02_2321_2019.nc
wrfout_d02_2322_2019.nc,2322,d02,2019,232,222,241,231,55.87820053,-122.67935180,55.88584995,-122.03804972,56.23782539,-122.69602585,56.24552441,-122.04879952,https://nrs.objectstore.gov.bc.ca/wrfdel/aermod/d02/2322/wrfout_d02_2322_2019.nc
wrfout_d02_2323_2019.nc,2323,d02,2019,232,232,241,241,56.23782539,-122.69602585,56.24552441,-122.04879952,56.59737492,-122.71302415,56.60515022,-122.05974960,https://nrs.objectstore.gov.bc.ca/wrfdel/aermod/d02/2323/wrfout_d02_2323_2019.nc
wrfout_d02_2324_2019.nc,2324,d02,2019,232,242,241,251,56.59737492,-122.71302415,56.60515022,-122.05974960,56.95687580,-122.73037337,56.96472549,-122.07089998,https://nrs.objectstore.gov.bc.ca/wrfdel/aermod/d02/2324/wrfout_d02_2324_2019.nc
wrfout_d02_2325_2019.nc,2325,d02,2019,232,252,241,261,56.95687580,-122.73037337,56.96472549,-122.07089998,57.31630039,-122.74804878,57.32422543,-122.08230020,https://nrs.objectstore.gov.bc.ca/wrfdel/aermod/d02/2325/wrfout_d02_2325_2019.nc
wrfout_d02_2326_2019.nc,2326,d02,2019,232,262,241,271,57.31630039,-122.74804878,57.32422543,-122.08230020,57.67565060,-122.76602555,57.68362522,-122.09387590,https://nrs.objectstore.gov.bc.ca/wrfdel/aermod/d02/2326/wrfout_d02_2326_2019.nc
wrfout_d02_2327_2019.nc,2327,d02,2019,232,272,241,281,57.67565060,-122.76602555,57.68362522,-122.09387590,58.03490067,-122.78437422,58.04295063,-122.10567475,https://nrs.objectstore.gov.bc.ca/wrfdel/aermod/d02/2327/wrfout_d02_2327_2019.nc
wrfout_d02_2328_2019.nc,2328,d02,2019,232,282,241,291,58.03490067,-122.78437422,58.04295063,-122.10567475,58.39404964,-122.80307387,58.40215016,-122.11775017,https://nrs.objectstore.gov.bc.ca/wrfdel/aermod/d02/2328/wrfout_d02_2328_2019.nc
wrfout_d02_2329_2019.nc,2329,d02,2019,232,292,241,301,58.39404964,-122.80307387,58.40215016,-122.11775017,58.75297546,-122.82214928,58.76119995,-122.13005067,https://nrs.objectstore.gov.bc.ca/wrfdel/aermod/d02/2329/wrfout_d02_2329_2019.nc
wrfout_d02_2330_2019.nc,2330,d02,2019,232,302,241,311,58.75297546,-122.82214928,58.76119995,-122.13005067,59.11184978,-122.84162523,59.12012386,-122.14257430,https://nrs.objectstore.gov.bc.ca/wrfdel/aermod/d02/2330/wrfout_d02_2330_2019.nc
wrfout_d02_2331_2019.nc,2331,d02,2019,232,312,241,321,59.11184978,-122.84162523,59.12012386,-122.14257430,59.47047520,-122.86147500,59.47882461,-122.15534973,https://nrs.objectstore.gov.bc.ca/wrfdel/aermod/d02/2331/wrfout_d02_2331_2019.nc
wrfout_d02_2332_2019.nc,2332,d02,2019,232,322,241,331,59.47047520,-122.86147500,59.47882461,-122.15534973,59.82897568,-122.88172533,59.83742523,-122.16839983,https://nrs.objectstore.gov.bc.ca/wrfdel/aermod/d02/2332/wrfout_d02_2332_2019.nc
wrfout_d02_2333_2019.nc,2333,d02,2019,232,332,241,341,59.82897568,-122.88172533,59.83742523,-122.16839983,60.18725014,-122.90242770,60.19579983,-122.18172455,https://nrs.objectstore.gov.bc.ca/wrfdel/aermod/d02/2333/wrfout_d02_2333_2019.nc
wrfout_d02_2334_2019.nc,2334,d02,2019,232,342,241,351,60.18725014,-122.90242770,60.19579983,-122.18172455,60.54529953,-122.92355158,60.55392551,-122.19530105,https://nrs.objectstore.gov.bc.ca/wrfdel/aermod/d02/2334/wrfout_d02_2334_2019.nc
wrfout_d02_2335_2019.nc,2335,d02,2019,232,352,241,361,60.54529953,-122.92355158,60.55392551,-122.19530105,60.90315056,-122.94507600,60.91185093,-122.20917512,https://nrs.objectstore.gov.bc.ca/wrfdel/aermod/d02/2335/wrfout_d02_2335_2019.nc
wrfout_d02_2336_2019.nc,2336,d02,2019,232,362,241,371,60.90315056,-122.94507600,60.91185093,-122.20917512,61.24769973,-122.95595170,61.25475120,-122.21619800,https://nrs.objectstore.gov.bc.ca/wrfdel/aermod/d02/2336/wrfout_d02_2336_2019.nc
wrfout_d02_2400_2019.nc,2400,d02,2019,242,2,251,11,48.00525093,-121.84680175,48.01004982,-121.31114955,48.34682465,-121.85054970,48.35042477,-121.31282613,https://nrs.objectstore.gov.bc.ca/wrfdel/aermod/d02/2400/wrfout_d02_2400_2019.nc
wrfout_d02_2401_2019.nc,2401,d02,2019,242,12,251,21,48.34682465,-121.85054970,48.35042477,-121.31282613,48.70427418,-121.85812377,48.70787525,-121.31620215,https://nrs.objectstore.gov.bc.ca/wrfdel/aermod/d02/2401/wrfout_d02_2401_2019.nc
wrfout_d02_2402_2019.nc,2402,d02,2019,242,22,251,31,48.70427418,-121.85812377,48.70787525,-121.31620215,49.06197548,-121.86577413,49.06562519,-121.31962583,https://nrs.objectstore.gov.bc.ca/wrfdel/aermod/d02/2402/wrfout_d02_2402_2019.nc
wrfout_d02_2403_2019.nc,2403,d02,2019,242,32,251,41,49.06197548,-121.86577413,49.06562519,-121.31962583,49.41990089,-121.87352370,49.42357540,-121.32310102,https://nrs.objectstore.gov.bc.ca/wrfdel/aermod/d02/2403/wrfout_d02_2403_2019.nc
wrfout_d02_2404_2019.nc,2404,d02,2019,242,42,251,51,49.41990089,-121.87352370,49.42357540,-121.32310102,49.77800083,-121.88144875,49.78172493,-121.32662583,https://nrs.objectstore.gov.bc.ca/wrfdel/aermod/d02/2404/wrfout_d02_2404_2019.nc
wrfout_d02_2405_2019.nc,2405,d02,2019,242,52,251,61,49.77800083,-121.88144875,49.78172493,-121.32662583,50.13632584,-121.88949965,50.14007473,-121.33020020,https://nrs.objectstore.gov.bc.ca/wrfdel/aermod/d02/2405/wrfout_d02_2405_2019.nc
wrfout_d02_2406_2019.nc,2406,d02,2019,242,62,251,71,50.13632584,-121.88949965,50.14007473,-121.33020020,50.49482441,-121.89764975,50.49860001,-121.33385087,https://nrs.objectstore.gov.bc.ca/wrfdel/aermod/d02/2406/wrfout_d02_2406_2019.nc
wrfout_d02_2407_2019.nc,2407,d02,2019,242,72,251,81,50.49482441,-121.89764975,50.49860001,-121.33385087,50.85352421,-121.90592385,50.85732460,-121.33757402,https://nrs.objectstore.gov.bc.ca/wrfdel/aermod/d02/2407/wrfout_d02_2407_2019.nc
wrfout_d02_2408_2019.nc,2408,d02,2019,242,82,251,91,50.85352421,-121.90592385,50.85732460,-121.33757402,51.21235084,-121.91435052,51.21617508,-121.34132388,https://nrs.objectstore.gov.bc.ca/wrfdel/aermod/d02/2408/wrfout_d02_2408_2019.nc
wrfout_d02_2409_2019.nc,2409,d02,2019,242,92,251,101,51.21235084,-121.91435052,51.21617508,-121.34132388,51.57132435,-121.92292595,51.57522488,-121.34512520,https://nrs.objectstore.gov.bc.ca/wrfdel/aermod/d02/2409/wrfout_d02_2409_2019.nc
wrfout_d02_2410_2019.nc,2410,d02,2019,242,102,251,111,51.57132435,-121.92292595,51.57522488,-121.34512520,51.93047524,-121.93165015,51.93437481,-121.34902572,https://nrs.objectstore.gov.bc.ca/wrfdel/aermod/d02/2410/wrfout_d02_2410_2019.nc
wrfout_d02_2411_2019.nc,2411,d02,2019,242,112,251,121,51.93047524,-121.93165015,51.93437481,-121.34902572,52.28967476,-121.94050025,52.29362583,-121.35300065,https://nrs.objectstore.gov.bc.ca/wrfdel/aermod/d02/2411/wrfout_d02_2411_2019.nc
wrfout_d02_2412_2019.nc,2412,d02,2019,242,122,251,131,52.28967476,-121.94050025,52.29362583,-121.35300065,52.64904976,-121.94949912,52.65302467,-121.35700035,https://nrs.objectstore.gov.bc.ca/wrfdel/aermod/d02/2412/wrfout_d02_2412_2019.nc
wrfout_d02_2413_2019.nc,2413,d02,2019,242,132,251,141,52.64904976,-121.94949912,52.65302467,-121.35700035,53.00847435,-121.95867347,53.01249981,-121.36110115,https://nrs.objectstore.gov.bc.ca/wrfdel/aermod/d02/2413/wrfout_d02_2413_2019.nc
wrfout_d02_2414_2019.nc,2414,d02,2019,242,142,251,151,53.00847435,-121.95867347,53.01249981,-121.36110115,53.36802483,-121.96800040,53.37209988,-121.36529923,https://nrs.objectstore.gov.bc.ca/wrfdel/aermod/d02/2414/wrfout_d02_2414_2019.nc
wrfout_d02_2415_2019.nc,2415,d02,2019,242,152,251,161,53.36802483,-121.96800040,53.37209988,-121.36529923,53.72759914,-121.97750093,53.73169995,-121.36952400,https://nrs.objectstore.gov.bc.ca/wrfdel/aermod/d02/2415/wrfout_d02_2415_2019.nc
wrfout_d02_2416_2019.nc,2416,d02,2019,242,162,251,171,53.72759914,-121.97750093,53.73169995,-121.36952400,54.08724975,-121.98715023,54.09137535,-121.37382508,https://nrs.objectstore.gov.bc.ca/wrfdel/aermod/d02/2416/wrfout_d02_2416_2019.nc
wrfout_d02_2417_2019.nc,2417,d02,2019,242,172,251,181,54.08724975,-121.98715023,54.09137535,-121.37382508,54.44692516,-121.99695017,54.45110035,-121.37822343,https://nrs.objectstore.gov.bc.ca/wrfdel/aermod/d02/2417/wrfout_d02_2417_2019.nc
wrfout_d02_2418_2019.nc,2418,d02,2019,242,182,251,191,54.44692516,-121.99695017,54.45110035,-121.37822343,54.80667496,-122.00694848,54.81087494,-121.38267327,https://nrs.objectstore.gov.bc.ca/wrfdel/aermod/d02/2418/wrfout_d02_2418_2019.nc
wrfout_d02_2419_2019.nc,2419,d02,2019,242,192,251,201,54.80667496,-122.00694848,54.81087494,-121.38267327,55.16637421,-122.01714898,55.17062378,-121.38719940,https://nrs.objectstore.gov.bc.ca/wrfdel/aermod/d02/2419/wrfout_d02_2419_2019.nc
wrfout_d02_2420_2019.nc,2420,d02,2019,242,202,251,211,55.16637421,-122.01714898,55.17062378,-121.38719940,55.52610016,-122.02752497,55.53037453,-121.39182473,https://nrs.objectstore.gov.bc.ca/wrfdel/aermod/d02/2420/wrfout_d02_2420_2019.nc
wrfout_d02_2421_2019.nc,2421,d02,2019,242,212,251,221,55.52610016,-122.02752497,55.53037453,-121.39182473,55.88584995,-122.03804972,55.89015007,-121.39657593,https://nrs.objectstore.gov.bc.ca/wrfdel/aermod/d02/2421/wrfout_d02_2421_2019.nc
wrfout_d02_2422_2019.nc,2422,d02,2019,242,222,251,231,55.88584995,-122.03804972,55.89015007,-121.39657593,56.24552441,-122.04879952,56.24987412,-121.40140152,https://nrs.objectstore.gov.bc.ca/wrfdel/aermod/d02/2422/wrfout_d02_2422_2019.nc
wrfout_d02_2423_2019.nc,2423,d02,2019,242,232,251,241,56.24552441,-122.04879952,56.24987412,-121.40140152,56.60515022,-122.05974960,56.60954952,-121.40627672,https://nrs.objectstore.gov.bc.ca/wrfdel/aermod/d02/2423/wrfout_d02_2423_2019.nc
wrfout_d02_2424_2019.nc,2424,d02,2019,242,242,251,251,56.60515022,-122.05974960,56.60954952,-121.40627672,56.96472549,-122.07089998,56.96914959,-121.41125297,https://nrs.objectstore.gov.bc.ca/wrfdel/aermod/d02/2424/wrfout_d02_2424_2019.nc
wrfout_d02_2425_2019.nc,2425,d02,2019,242,252,251,261,56.96472549,-122.07089998,56.96914959,-121.41125297,57.32422543,-122.08230020,57.32872486,-121.41632653,https://nrs.objectstore.gov.bc.ca/wrfdel/aermod/d02/2425/wrfout_d02_2425_2019.nc
wrfout_d02_2426_2019.nc,2426,d02,2019,242,262,251,271,57.32422543,-122.08230020,57.32872486,-121.41632653,57.68362522,-122.09387590,57.68817520,-121.42152405,https://nrs.objectstore.gov.bc.ca/wrfdel/aermod/d02/2426/wrfout_d02_2426_2019.nc
wrfout_d02_2427_2019.nc,2427,d02,2019,242,272,251,281,57.68362522,-122.09387590,57.68817520,-121.42152405,58.04295063,-122.10567475,58.04749966,-121.42679978,https://nrs.objectstore.gov.bc.ca/wrfdel/aermod/d02/2427/wrfout_d02_2427_2019.nc
wrfout_d02_2428_2019.nc,2428,d02,2019,242,282,251,291,58.04295063,-122.10567475,58.04749966,-121.42679978,58.40215016,-122.11775017,58.40672493,-121.43217660,https://nrs.objectstore.gov.bc.ca/wrfdel/aermod/d02/2428/wrfout_d02_2428_2019.nc
wrfout_d02_2429_2019.nc,2429,d02,2019,242,292,251,301,58.40215016,-122.11775017,58.40672493,-121.43217660,58.76119995,-122.13005067,58.76587582,-121.43767550,https://nrs.objectstore.gov.bc.ca/wrfdel/aermod/d02/2429/wrfout_d02_2429_2019.nc
wrfout_d02_2430_2019.nc,2430,d02,2019,242,302,251,311,58.76119995,-122.13005067,58.76587582,-121.43767550,59.12012386,-122.14257430,59.12479877,-121.44327548,https://nrs.objectstore.gov.bc.ca/wrfdel/aermod/d02/2430/wrfout_d02_2430_2019.nc
wrfout_d02_2431_2019.nc,2431,d02,2019,242,312,251,321,59.12012386,-122.14257430,59.12479877,-121.44327548,59.47882461,-122.15534973,59.48357487,-121.44897463,https://nrs.objectstore.gov.bc.ca/wrfdel/aermod/d02/2431/wrfout_d02_2431_2019.nc
wrfout_d02_2432_2019.nc,2432,d02,2019,242,322,251,331,59.47882461,-122.15534973,59.48357487,-121.44897463,59.83742523,-122.16839983,59.84222507,-121.45479775,https://nrs.objectstore.gov.bc.ca/wrfdel/aermod/d02/2432/wrfout_d02_2432_2019.nc
wrfout_d02_2433_2019.nc,2433,d02,2019,242,332,251,341,59.83742523,-122.16839983,59.84222507,-121.45479775,60.19579983,-122.18172455,60.20062542,-121.46074867,https://nrs.objectstore.gov.bc.ca/wrfdel/aermod/d02/2433/wrfout_d02_2433_2019.nc
wrfout_d02_2434_2019.nc,2434,d02,2019,242,342,251,351,60.19579983,-122.18172455,60.20062542,-121.46074867,60.55392551,-122.19530105,60.55880070,-121.46682358,https://nrs.objectstore.gov.bc.ca/wrfdel/aermod/d02/2434/wrfout_d02_2434_2019.nc
wrfout_d02_2435_2019.nc,2435,d02,2019,242,352,251,361,60.55392551,-122.19530105,60.55880070,-121.46682358,60.91185093,-122.20917512,60.91677570,-121.47302435,https://nrs.objectstore.gov.bc.ca/wrfdel/aermod/d02/2435/wrfout_d02_2435_2019.nc
wrfout_d02_2436_2019.nc,2436,d02,2019,242,362,251,371,60.91185093,-122.20917512,60.91677570,-121.47302435,61.25475120,-122.21619800,61.25800132,-121.47615050,https://nrs.objectstore.gov.bc.ca/wrfdel/aermod/d02/2436/wrfout_d02_2436_2019.nc
wrfout_d02_2500_2019.nc,2500,d02,2019,252,2,261,11,48.01004982,-121.31114955,48.01214981,-120.77545165,48.35042477,-121.31282613,48.35124970,-120.77505110,https://nrs.objectstore.gov.bc.ca/wrfdel/aermod/d02/2500/wrfout_d02_2500_2019.nc
wrfout_d02_2501_2019.nc,2501,d02,2019,252,12,261,21,48.35042477,-121.31282613,48.35124970,-120.77505110,48.70787525,-121.31620215,48.70872593,-120.77425000,https://nrs.objectstore.gov.bc.ca/wrfdel/aermod/d02/2501/wrfout_d02_2501_2019.nc
wrfout_d02_2502_2019.nc,2502,d02,2019,252,22,261,31,48.70787525,-121.31620215,48.70872593,-120.77425000,49.06562519,-121.31962583,49.06647491,-120.77342605,https://nrs.objectstore.gov.bc.ca/wrfdel/aermod/d02/2502/wrfout_d02_2502_2019.nc
wrfout_d02_2503_2019.nc,2503,d02,2019,252,32,261,41,49.06562519,-121.31962583,49.06647491,-120.77342605,49.42357540,-121.32310102,49.42442513,-120.77257730,https://nrs.objectstore.gov.bc.ca/wrfdel/aermod/d02/2503/wrfout_d02_2503_2019.nc
wrfout_d02_2504_2019.nc,2504,d02,2019,252,42,261,51,49.42357540,-121.32310102,49.42442513,-120.77257730,49.78172493,-121.32662583,49.78260040,-120.77172470,https://nrs.objectstore.gov.bc.ca/wrfdel/aermod/d02/2504/wrfout_d02_2504_2019.nc
wrfout_d02_2505_2019.nc,2505,d02,2019,252,52,261,61,49.78172493,-121.32662583,49.78260040,-120.77172470,50.14007473,-121.33020020,50.14097405,-120.77087402,https://nrs.objectstore.gov.bc.ca/wrfdel/aermod/d02/2505/wrfout_d02_2505_2019.nc
wrfout_d02_2506_2019.nc,2506,d02,2019,252,62,261,71,50.14007473,-121.33020020,50.14097405,-120.77087402,50.49860001,-121.33385087,50.49947548,-120.77002525,https://nrs.objectstore.gov.bc.ca/wrfdel/aermod/d02/2506/wrfout_d02_2506_2019.nc
wrfout_d02_2507_2019.nc,2507,d02,2019,252,72,261,81,50.49860001,-121.33385087,50.49947548,-120.77002525,50.85732460,-121.33757402,50.85822487,-120.76912497,https://nrs.objectstore.gov.bc.ca/wrfdel/aermod/d02/2507/wrfout_d02_2507_2019.nc
wrfout_d02_2508_2019.nc,2508,d02,2019,252,82,261,91,50.85732460,-121.33757402,50.85822487,-120.76912497,51.21617508,-121.34132388,51.21707439,-120.76819993,https://nrs.objectstore.gov.bc.ca/wrfdel/aermod/d02/2508/wrfout_d02_2508_2019.nc
wrfout_d02_2509_2019.nc,2509,d02,2019,252,92,261,101,51.21617508,-121.34132388,51.21707439,-120.76819993,51.57522488,-121.34512520,51.57614994,-120.76727485,https://nrs.objectstore.gov.bc.ca/wrfdel/aermod/d02/2509/wrfout_d02_2509_2019.nc
wrfout_d02_2510_2019.nc,2510,d02,2019,252,102,261,111,51.57522488,-121.34512520,51.57614994,-120.76727485,51.93437481,-121.34902572,51.93527412,-120.76634977,https://nrs.objectstore.gov.bc.ca/wrfdel/aermod/d02/2510/wrfout_d02_2510_2019.nc
wrfout_d02_2511_2019.nc,2511,d02,2019,252,112,261,121,51.93437481,-121.34902572,51.93527412,-120.76634977,52.29362583,-121.35300065,52.29457569,-120.76542473,https://nrs.objectstore.gov.bc.ca/wrfdel/aermod/d02/2511/wrfout_d02_2511_2019.nc
wrfout_d02_2512_2019.nc,2512,d02,2019,252,122,261,131,52.29362583,-121.35300065,52.29457569,-120.76542473,52.65302467,-121.35700035,52.65394974,-120.76447487,https://nrs.objectstore.gov.bc.ca/wrfdel/aermod/d02/2512/wrfout_d02_2512_2019.nc
wrfout_d02_2513_2019.nc,2513,d02,2019,252,132,261,141,52.65302467,-121.35700035,52.65394974,-120.76447487,53.01249981,-121.36110115,53.01345062,-120.76350020,https://nrs.objectstore.gov.bc.ca/wrfdel/aermod/d02/2513/wrfout_d02_2513_2019.nc
wrfout_d02_2514_2019.nc,2514,d02,2019,252,142,261,151,53.01249981,-121.36110115,53.01345062,-120.76350020,53.37209988,-121.36529923,53.37305069,-120.76250075,https://nrs.objectstore.gov.bc.ca/wrfdel/aermod/d02/2514/wrfout_d02_2514_2019.nc
wrfout_d02_2515_2019.nc,2515,d02,2019,252,152,261,161,53.37209988,-121.36529923,53.37305069,-120.76250075,53.73169995,-121.36952400,53.73265076,-120.76147653,https://nrs.objectstore.gov.bc.ca/wrfdel/aermod/d02/2515/wrfout_d02_2515_2019.nc
wrfout_d02_2516_2019.nc,2516,d02,2019,252,162,261,171,53.73169995,-121.36952400,53.73265076,-120.76147653,54.09137535,-121.37382508,54.09235001,-120.76042557,https://nrs.objectstore.gov.bc.ca/wrfdel/aermod/d02/2516/wrfout_d02_2516_2019.nc
wrfout_d02_2517_2019.nc,2517,d02,2019,252,172,261,181,54.09137535,-121.37382508,54.09235001,-120.76042557,54.45110035,-121.37822343,54.45209980,-120.75939942,https://nrs.objectstore.gov.bc.ca/wrfdel/aermod/d02/2517/wrfout_d02_2517_2019.nc
wrfout_d02_2518_2019.nc,2518,d02,2019,252,182,261,191,54.45110035,-121.37822343,54.45209980,-120.75939942,54.81087494,-121.38267327,54.81182575,-120.75834847,https://nrs.objectstore.gov.bc.ca/wrfdel/aermod/d02/2518/wrfout_d02_2518_2019.nc
wrfout_d02_2519_2019.nc,2519,d02,2019,252,192,261,201,54.81087494,-121.38267327,54.81182575,-120.75834847,55.17062378,-121.38719940,55.17162514,-120.75724983,https://nrs.objectstore.gov.bc.ca/wrfdel/aermod/d02/2519/wrfout_d02_2519_2019.nc
wrfout_d02_2520_2019.nc,2520,d02,2019,252,202,261,211,55.17062378,-121.38719940,55.17162514,-120.75724983,55.53037453,-121.39182473,55.53139877,-120.75615120,https://nrs.objectstore.gov.bc.ca/wrfdel/aermod/d02/2520/wrfout_d02_2520_2019.nc
wrfout_d02_2521_2019.nc,2521,d02,2019,252,212,261,221,55.53037453,-121.39182473,55.53139877,-120.75615120,55.89015007,-121.39657593,55.89115048,-120.75502588,https://nrs.objectstore.gov.bc.ca/wrfdel/aermod/d02/2521/wrfout_d02_2521_2019.nc
wrfout_d02_2522_2019.nc,2522,d02,2019,252,222,261,231,55.89015007,-121.39657593,55.89115048,-120.75502588,56.24987412,-121.40140152,56.25087452,-120.75387573,https://nrs.objectstore.gov.bc.ca/wrfdel/aermod/d02/2522/wrfout_d02_2522_2019.nc
wrfout_d02_2523_2019.nc,2523,d02,2019,252,232,261,241,56.24987412,-121.40140152,56.25087452,-120.75387573,56.60954952,-121.40627672,56.61057472,-120.75270080,https://nrs.objectstore.gov.bc.ca/wrfdel/aermod/d02/2523/wrfout_d02_2523_2019.nc
wrfout_d02_2524_2019.nc,2524,d02,2019,252,242,261,251,56.60954952,-121.40627672,56.61057472,-120.75270080,56.96914959,-121.41125297,56.97017479,-120.75150110,https://nrs.objectstore.gov.bc.ca/wrfdel/aermod/d02/2524/wrfout_d02_2524_2019.nc
wrfout_d02_2525_2019.nc,2525,d02,2019,252,252,261,261,56.96914959,-121.41125297,56.97017479,-120.75150110,57.32872486,-121.41632653,57.32977390,-120.75029948,https://nrs.objectstore.gov.bc.ca/wrfdel/aermod/d02/2525/wrfout_d02_2525_2019.nc
wrfout_d02_2526_2019.nc,2526,d02,2019,252,262,261,271,57.32872486,-121.41632653,57.32977390,-120.75029948,57.68817520,-121.42152405,57.68922519,-120.74905015,https://nrs.objectstore.gov.bc.ca/wrfdel/aermod/d02/2526/wrfout_d02_2526_2019.nc
wrfout_d02_2527_2019.nc,2527,d02,2019,252,272,261,281,57.68817520,-121.42152405,57.68922519,-120.74905015,58.04749966,-121.42679978,58.04857445,-120.74777605,https://nrs.objectstore.gov.bc.ca/wrfdel/aermod/d02/2527/wrfout_d02_2527_2019.nc
wrfout_d02_2528_2019.nc,2528,d02,2019,252,282,261,291,58.04749966,-121.42679978,58.04857445,-120.74777605,58.40672493,-121.43217660,58.40782547,-120.74650002,https://nrs.objectstore.gov.bc.ca/wrfdel/aermod/d02/2528/wrfout_d02_2528_2019.nc
wrfout_d02_2529_2019.nc,2529,d02,2019,252,292,261,301,58.40672493,-121.43217660,58.40782547,-120.74650002,58.76587582,-121.43767550,58.76695156,-120.74517440,https://nrs.objectstore.gov.bc.ca/wrfdel/aermod/d02/2529/wrfout_d02_2529_2019.nc
wrfout_d02_2530_2019.nc,2530,d02,2019,252,302,261,311,58.76587582,-121.43767550,58.76695156,-120.74517440,59.12479877,-121.44327548,59.12589931,-120.74382590,https://nrs.objectstore.gov.bc.ca/wrfdel/aermod/d02/2530/wrfout_d02_2530_2019.nc
wrfout_d02_2531_2019.nc,2531,d02,2019,252,312,261,321,59.12479877,-121.44327548,59.12589931,-120.74382590,59.48357487,-121.44897463,59.48470021,-120.74247743,https://nrs.objectstore.gov.bc.ca/wrfdel/aermod/d02/2531/wrfout_d02_2531_2019.nc
wrfout_d02_2532_2019.nc,2532,d02,2019,252,322,261,331,59.48357487,-121.44897463,59.48470021,-120.74247743,59.84222507,-121.45479775,59.84332466,-120.74107552,https://nrs.objectstore.gov.bc.ca/wrfdel/aermod/d02/2532/wrfout_d02_2532_2019.nc
wrfout_d02_2533_2019.nc,2533,d02,2019,252,332,261,341,59.84222507,-121.45479775,59.84332466,-120.74107552,60.20062542,-121.46074867,60.20175076,-120.73964882,https://nrs.objectstore.gov.bc.ca/wrfdel/aermod/d02/2533/wrfout_d02_2533_2019.nc
wrfout_d02_2534_2019.nc,2534,d02,2019,252,342,261,351,60.20062542,-121.46074867,60.20175076,-120.73964882,60.55880070,-121.46682358,60.55995083,-120.73819925,https://nrs.objectstore.gov.bc.ca/wrfdel/aermod/d02/2534/wrfout_d02_2534_2019.nc
wrfout_d02_2535_2019.nc,2535,d02,2019,252,352,261,361,60.55880070,-121.46682358,60.55995083,-120.73819925,60.91677570,-121.47302435,60.91792488,-120.73670005,https://nrs.objectstore.gov.bc.ca/wrfdel/aermod/d02/2535/wrfout_d02_2535_2019.nc
wrfout_d02_2536_2019.nc,2536,d02,2019,252,362,261,371,60.91677570,-121.47302435,60.91792488,-120.73670005,61.25800132,-121.47615050,61.25745010,-120.73595045,https://nrs.objectstore.gov.bc.ca/wrfdel/aermod/d02/2536/wrfout_d02_2536_2019.nc
wrfout_d02_2600_2019.nc,2600,d02,2019,262,2,271,11,48.01214981,-120.77545165,48.01144981,-120.23974990,48.35124970,-120.77505110,48.34934998,-120.23727417,https://nrs.objectstore.gov.bc.ca/wrfdel/aermod/d02/2600/wrfout_d02_2600_2019.nc
wrfout_d02_2601_2019.nc,2601,d02,2019,262,12,271,21,48.35124970,-120.77505110,48.34934998,-120.23727417,48.70872593,-120.77425000,48.70682526,-120.23229980,https://nrs.objectstore.gov.bc.ca/wrfdel/aermod/d02/2601/wrfout_d02_2601_2019.nc
wrfout_d02_2602_2019.nc,2602,d02,2019,262,22,271,31,48.70872593,-120.77425000,48.70682526,-120.23229980,49.06647491,-120.77342605,49.06452560,-120.22725103,https://nrs.objectstore.gov.bc.ca/wrfdel/aermod/d02/2602/wrfout_d02_2602_2019.nc
wrfout_d02_2603_2019.nc,2603,d02,2019,262,32,271,41,49.06647491,-120.77342605,49.06452560,-120.22725103,49.42442513,-120.77257730,49.42245006,-120.22209930,https://nrs.objectstore.gov.bc.ca/wrfdel/aermod/d02/2603/wrfout_d02_2603_2019.nc
wrfout_d02_2604_2019.nc,2604,d02,2019,262,42,271,51,49.42442513,-120.77257730,49.42245006,-120.22209930,49.78260040,-120.77172470,49.78060055,-120.21687317,https://nrs.objectstore.gov.bc.ca/wrfdel/aermod/d02/2604/wrfout_d02_2604_2019.nc
wrfout_d02_2605_2019.nc,2605,d02,2019,262,52,271,61,49.78260040,-120.77172470,49.78060055,-120.21687317,50.14097405,-120.77087402,50.13897419,-120.21159745,https://nrs.objectstore.gov.bc.ca/wrfdel/aermod/d02/2605/wrfout_d02_2605_2019.nc
wrfout_d02_2606_2019.nc,2606,d02,2019,262,62,271,71,50.14097405,-120.77087402,50.13897419,-120.21159745,50.49947548,-120.77002525,50.49747563,-120.20619775,https://nrs.objectstore.gov.bc.ca/wrfdel/aermod/d02/2606/wrfout_d02_2606_2019.nc
wrfout_d02_2607_2019.nc,2607,d02,2019,262,72,271,81,50.49947548,-120.77002525,50.49747563,-120.20619775,50.85822487,-120.76912497,50.85620022,-120.20069885,https://nrs.objectstore.gov.bc.ca/wrfdel/aermod/d02/2607/wrfout_d02_2607_2019.nc
wrfout_d02_2608_2019.nc,2608,d02,2019,262,82,271,91,50.85822487,-120.76912497,50.85620022,-120.20069885,51.21707439,-120.76819993,51.21504974,-120.19514845,https://nrs.objectstore.gov.bc.ca/wrfdel/aermod/d02/2608/wrfout_d02_2608_2019.nc
wrfout_d02_2609_2019.nc,2609,d02,2019,262,92,271,101,51.21707439,-120.76819993,51.21504974,-120.19514845,51.57614994,-120.76727485,51.57407475,-120.18947407,https://nrs.objectstore.gov.bc.ca/wrfdel/aermod/d02/2609/wrfout_d02_2609_2019.nc
wrfout_d02_2610_2019.nc,2610,d02,2019,262,102,271,111,51.57614994,-120.76727485,51.57407475,-120.18947407,51.93527412,-120.76634977,51.93322468,-120.18369865,https://nrs.objectstore.gov.bc.ca/wrfdel/aermod/d02/2610/wrfout_d02_2610_2019.nc
wrfout_d02_2611_2019.nc,2611,d02,2019,262,112,271,121,51.93527412,-120.76634977,51.93322468,-120.18369865,52.29457569,-120.76542473,52.29247570,-120.17787363,https://nrs.objectstore.gov.bc.ca/wrfdel/aermod/d02/2611/wrfout_d02_2611_2019.nc
wrfout_d02_2612_2019.nc,2612,d02,2019,262,122,271,131,52.29457569,-120.76542473,52.29247570,-120.17787363,52.65394974,-120.76447487,52.65182495,-120.17194937,https://nrs.objectstore.gov.bc.ca/wrfdel/aermod/d02/2612/wrfout_d02_2612_2019.nc
wrfout_d02_2613_2019.nc,2613,d02,2019,262,132,271,141,52.65394974,-120.76447487,52.65182495,-120.17194937,53.01345062,-120.76350020,53.01132584,-120.16589925,https://nrs.objectstore.gov.bc.ca/wrfdel/aermod/d02/2613/wrfout_d02_2613_2019.nc
wrfout_d02_2614_2019.nc,2614,d02,2019,262,142,271,151,53.01345062,-120.76350020,53.01132584,-120.16589925,53.37305069,-120.76250075,53.37090111,-120.15972518,https://nrs.objectstore.gov.bc.ca/wrfdel/aermod/d02/2614/wrfout_d02_2614_2019.nc
wrfout_d02_2615_2019.nc,2615,d02,2019,262,152,271,161,53.37305069,-120.76250075,53.37090111,-120.15972518,53.73265076,-120.76147653,53.73047543,-120.15345000,https://nrs.objectstore.gov.bc.ca/wrfdel/aermod/d02/2615/wrfout_d02_2615_2019.nc
wrfout_d02_2616_2019.nc,2616,d02,2019,262,162,271,171,53.73265076,-120.76147653,53.73047543,-120.15345000,54.09235001,-120.76042557,54.09017563,-120.14709852,https://nrs.objectstore.gov.bc.ca/wrfdel/aermod/d02/2616/wrfout_d02_2616_2019.nc
wrfout_d02_2617_2019.nc,2617,d02,2019,262,172,271,181,54.09235001,-120.76042557,54.09017563,-120.14709852,54.45209980,-120.75939942,54.44989967,-120.14059828,https://nrs.objectstore.gov.bc.ca/wrfdel/aermod/d02/2617/wrfout_d02_2617_2019.nc
wrfout_d02_2618_2019.nc,2618,d02,2019,262,182,271,191,54.45209980,-120.75939942,54.44989967,-120.14059828,54.81182575,-120.75834847,54.80959988,-120.13397407,https://nrs.objectstore.gov.bc.ca/wrfdel/aermod/d02/2618/wrfout_d02_2618_2019.nc
wrfout_d02_2619_2019.nc,2619,d02,2019,262,192,271,201,54.81182575,-120.75834847,54.80959988,-120.13397407,55.17162514,-120.75724983,55.16937542,-120.12724880,https://nrs.objectstore.gov.bc.ca/wrfdel/aermod/d02/2619/wrfout_d02_2619_2019.nc
wrfout_d02_2620_2019.nc,2620,d02,2019,262,202,271,211,55.17162514,-120.75724983,55.16937542,-120.12724880,55.53139877,-120.75615120,55.52914905,-120.12042428,https://nrs.objectstore.gov.bc.ca/wrfdel/aermod/d02/2620/wrfout_d02_2620_2019.nc
wrfout_d02_2621_2019.nc,2621,d02,2019,262,212,271,221,55.53139877,-120.75615120,55.52914905,-120.12042428,55.89115048,-120.75502588,55.88887501,-120.11347577,https://nrs.objectstore.gov.bc.ca/wrfdel/aermod/d02/2621/wrfout_d02_2621_2019.nc
wrfout_d02_2622_2019.nc,2622,d02,2019,262,222,271,231,55.89115048,-120.75502588,55.88887501,-120.11347577,56.25087452,-120.75387573,56.24857521,-120.10635185,https://nrs.objectstore.gov.bc.ca/wrfdel/aermod/d02/2622/wrfout_d02_2622_2019.nc
wrfout_d02_2623_2019.nc,2623,d02,2019,262,232,271,241,56.25087452,-120.75387573,56.24857521,-120.10635185,56.61057472,-120.75270080,56.60825062,-120.09912682,https://nrs.objectstore.gov.bc.ca/wrfdel/aermod/d02/2623/wrfout_d02_2623_2019.nc
wrfout_d02_2624_2019.nc,2624,d02,2019,262,242,271,251,56.61057472,-120.75270080,56.60825062,-120.09912682,56.97017479,-120.75150110,56.96785068,-120.09177400,https://nrs.objectstore.gov.bc.ca/wrfdel/aermod/d02/2624/wrfout_d02_2624_2019.nc
wrfout_d02_2625_2019.nc,2625,d02,2019,262,252,271,261,56.97017479,-120.75150110,56.96785068,-120.09177400,57.32977390,-120.75029948,57.32739926,-120.08424760,https://nrs.objectstore.gov.bc.ca/wrfdel/aermod/d02/2625/wrfout_d02_2625_2019.nc
wrfout_d02_2626_2019.nc,2626,d02,2019,262,262,271,271,57.32977390,-120.75029948,57.32739926,-120.08424760,57.68922519,-120.74905015,57.68682480,-120.07657240,https://nrs.objectstore.gov.bc.ca/wrfdel/aermod/d02/2626/wrfout_d02_2626_2019.nc
wrfout_d02_2627_2019.nc,2627,d02,2019,262,272,271,281,57.68922519,-120.74905015,57.68682480,-120.07657240,58.04857445,-120.74777605,58.04617500,-120.06877325,https://nrs.objectstore.gov.bc.ca/wrfdel/aermod/d02/2627/wrfout_d02_2627_2019.nc
wrfout_d02_2628_2019.nc,2628,d02,2019,262,282,271,291,58.04857445,-120.74777605,58.04617500,-120.06877325,58.40782547,-120.74650002,58.40537548,-120.06082535,https://nrs.objectstore.gov.bc.ca/wrfdel/aermod/d02/2628/wrfout_d02_2628_2019.nc
wrfout_d02_2629_2019.nc,2629,d02,2019,262,292,271,301,58.40782547,-120.74650002,58.40537548,-120.06082535,58.76695156,-120.74517440,58.76447582,-120.05272485,https://nrs.objectstore.gov.bc.ca/wrfdel/aermod/d02/2629/wrfout_d02_2629_2019.nc
wrfout_d02_2630_2019.nc,2630,d02,2019,262,302,271,311,58.76695156,-120.74517440,58.76447582,-120.05272485,59.12589931,-120.74382590,59.12342453,-120.04445078,https://nrs.objectstore.gov.bc.ca/wrfdel/aermod/d02/2630/wrfout_d02_2630_2019.nc
wrfout_d02_2631_2019.nc,2631,d02,2019,262,312,271,321,59.12589931,-120.74382590,59.12342453,-120.04445078,59.48470021,-120.74247743,59.48217582,-120.03600123,https://nrs.objectstore.gov.bc.ca/wrfdel/aermod/d02/2631/wrfout_d02_2631_2019.nc
wrfout_d02_2632_2019.nc,2632,d02,2019,262,322,271,331,59.48470021,-120.74247743,59.48217582,-120.03600123,59.84332466,-120.74107552,59.84077454,-120.02737427,https://nrs.objectstore.gov.bc.ca/wrfdel/aermod/d02/2632/wrfout_d02_2632_2019.nc
wrfout_d02_2633_2019.nc,2633,d02,2019,262,332,271,341,59.84332466,-120.74107552,59.84077454,-120.02737427,60.20175076,-120.73964882,60.19917584,-120.01857567,https://nrs.objectstore.gov.bc.ca/wrfdel/aermod/d02/2633/wrfout_d02_2633_2019.nc
wrfout_d02_2634_2019.nc,2634,d02,2019,262,342,271,351,60.20175076,-120.73964882,60.19917584,-120.01857567,60.55995083,-120.73819925,60.55737591,-120.00962640,https://nrs.objectstore.gov.bc.ca/wrfdel/aermod/d02/2634/wrfout_d02_2634_2019.nc
wrfout_d02_2635_2019.nc,2635,d02,2019,262,352,271,361,60.55995083,-120.73819925,60.55737591,-120.00962640,60.91792488,-120.73670005,60.91529941,-120.00045013,https://nrs.objectstore.gov.bc.ca/wrfdel/aermod/d02/2635/wrfout_d02_2635_2019.nc
wrfout_d02_2636_2019.nc,2636,d02,2019,262,362,271,371,60.91792488,-120.73670005,60.91529941,-120.00045013,61.25745010,-120.73595045,61.25309944,-119.99580000,https://nrs.objectstore.gov.bc.ca/wrfdel/aermod/d02/2636/wrfout_d02_2636_2019.nc
wrfout_d02_2700_2019.nc,2700,d02,2019,272,2,281,11,48.01144981,-120.23974990,48.00804901,-119.70409775,48.34934998,-120.23727417,48.34469986,-119.69957542,https://nrs.objectstore.gov.bc.ca/wrfdel/aermod/d02/2700/wrfout_d02_2700_2019.nc
wrfout_d02_2701_2019.nc,2701,d02,2019,272,12,281,21,48.34934998,-120.23727417,48.34469986,-119.69957542,48.70682526,-120.23229980,48.70212460,-119.69042778,https://nrs.objectstore.gov.bc.ca/wrfdel/aermod/d02/2701/wrfout_d02_2701_2019.nc
wrfout_d02_2702_2019.nc,2702,d02,2019,272,22,281,31,48.70682526,-120.23229980,48.70212460,-119.69042778,49.06452560,-120.22725103,49.05977535,-119.68112563,https://nrs.objectstore.gov.bc.ca/wrfdel/aermod/d02/2702/wrfout_d02_2702_2019.nc
wrfout_d02_2703_2019.nc,2703,d02,2019,272,32,281,41,49.06452560,-120.22725103,49.05977535,-119.68112563,49.42245006,-120.22209930,49.41767502,-119.67167473,https://nrs.objectstore.gov.bc.ca/wrfdel/aermod/d02/2703/wrfout_d02_2703_2019.nc
wrfout_d02_2704_2019.nc,2704,d02,2019,272,42,281,51,49.42245006,-120.22209930,49.41767502,-119.67167473,49.78060055,-120.21687317,49.77577496,-119.66207505,https://nrs.objectstore.gov.bc.ca/wrfdel/aermod/d02/2704/wrfout_d02_2704_2019.nc
wrfout_d02_2705_2019.nc,2705,d02,2019,272,52,281,61,49.78060055,-120.21687317,49.77577496,-119.66207505,50.13897419,-120.21159745,50.13412476,-119.65232468,https://nrs.objectstore.gov.bc.ca/wrfdel/aermod/d02/2705/wrfout_d02_2705_2019.nc
wrfout_d02_2706_2019.nc,2706,d02,2019,272,62,281,71,50.13897419,-120.21159745,50.13412476,-119.65232468,50.49747563,-120.20619775,50.49257469,-119.64242555,https://nrs.objectstore.gov.bc.ca/wrfdel/aermod/d02/2706/wrfout_d02_2706_2019.nc
wrfout_d02_2707_2019.nc,2707,d02,2019,272,72,281,81,50.49747563,-120.20619775,50.49257469,-119.64242555,50.85620022,-120.20069885,50.85124970,-119.63237573,https://nrs.objectstore.gov.bc.ca/wrfdel/aermod/d02/2707/wrfout_d02_2707_2019.nc
wrfout_d02_2708_2019.nc,2708,d02,2019,272,82,281,91,50.85620022,-120.20069885,50.85124970,-119.63237573,51.21504974,-120.19514845,51.21007538,-119.62215040,https://nrs.objectstore.gov.bc.ca/wrfdel/aermod/d02/2708/wrfout_d02_2708_2019.nc
wrfout_d02_2709_2019.nc,2709,d02,2019,272,92,281,101,51.21504974,-120.19514845,51.21007538,-119.62215040,51.57407475,-120.18947407,51.56902504,-119.61177442,https://nrs.objectstore.gov.bc.ca/wrfdel/aermod/d02/2709/wrfout_d02_2709_2019.nc
wrfout_d02_2710_2019.nc,2710,d02,2019,272,102,281,111,51.57407475,-120.18947407,51.56902504,-119.61177442,51.93322468,-120.18369865,51.92815018,-119.60117530,https://nrs.objectstore.gov.bc.ca/wrfdel/aermod/d02/2710/wrfout_d02_2710_2019.nc
wrfout_d02_2711_2019.nc,2711,d02,2019,272,112,281,121,51.93322468,-120.18369865,51.92815018,-119.60117530,52.29247570,-120.17787363,52.28735065,-119.59040070,https://nrs.objectstore.gov.bc.ca/wrfdel/aermod/d02/2711/wrfout_d02_2711_2019.nc
wrfout_d02_2712_2019.nc,2712,d02,2019,272,122,281,131,52.29247570,-120.17787363,52.28735065,-119.59040070,52.65182495,-120.17194937,52.64667511,-119.57947542,https://nrs.objectstore.gov.bc.ca/wrfdel/aermod/d02/2712/wrfout_d02_2712_2019.nc
wrfout_d02_2713_2019.nc,2713,d02,2019,272,132,281,141,52.65182495,-120.17194937,52.64667511,-119.57947542,53.01132584,-120.16589925,53.00609970,-119.56835175,https://nrs.objectstore.gov.bc.ca/wrfdel/aermod/d02/2713/wrfout_d02_2713_2019.nc
wrfout_d02_2714_2019.nc,2714,d02,2019,272,142,281,151,53.01132584,-120.16589925,53.00609970,-119.56835175,53.37090111,-120.15972518,53.36562538,-119.55705070,https://nrs.objectstore.gov.bc.ca/wrfdel/aermod/d02/2714/wrfout_d02_2714_2019.nc
wrfout_d02_2715_2019.nc,2715,d02,2019,272,152,281,161,53.37090111,-120.15972518,53.36562538,-119.55705070,53.73047543,-120.15345000,53.72517490,-119.54555130,https://nrs.objectstore.gov.bc.ca/wrfdel/aermod/d02/2715/wrfout_d02_2715_2019.nc
wrfout_d02_2716_2019.nc,2716,d02,2019,272,162,281,171,53.73047543,-120.15345000,53.72517490,-119.54555130,54.09017563,-120.14709852,54.08482552,-119.53385160,https://nrs.objectstore.gov.bc.ca/wrfdel/aermod/d02/2716/wrfout_d02_2716_2019.nc
wrfout_d02_2717_2019.nc,2717,d02,2019,272,172,281,181,54.09017563,-120.14709852,54.08482552,-119.53385160,54.44989967,-120.14059828,54.44447518,-119.52192495,https://nrs.objectstore.gov.bc.ca/wrfdel/aermod/d02/2717/wrfout_d02_2717_2019.nc
wrfout_d02_2718_2019.nc,2718,d02,2019,272,182,281,191,54.44989967,-120.14059828,54.44447518,-119.52192495,54.80959988,-120.13397407,54.80417442,-119.50977515,https://nrs.objectstore.gov.bc.ca/wrfdel/aermod/d02/2718/wrfout_d02_2718_2019.nc
wrfout_d02_2719_2019.nc,2719,d02,2019,272,192,281,201,54.80959988,-120.13397407,54.80417442,-119.50977515,55.16937542,-120.12724880,55.16387558,-119.49742507,https://nrs.objectstore.gov.bc.ca/wrfdel/aermod/d02/2719/wrfout_d02_2719_2019.nc
wrfout_d02_2720_2019.nc,2720,d02,2019,272,202,281,211,55.16937542,-120.12724880,55.16387558,-119.49742507,55.52914905,-120.12042428,55.52357483,-119.48484992,https://nrs.objectstore.gov.bc.ca/wrfdel/aermod/d02/2720/wrfout_d02_2720_2019.nc
wrfout_d02_2721_2019.nc,2721,d02,2019,272,212,281,221,55.52914905,-120.12042428,55.52357483,-119.48484992,55.88887501,-120.11347577,55.88327503,-119.47202492,https://nrs.objectstore.gov.bc.ca/wrfdel/aermod/d02/2721/wrfout_d02_2721_2019.nc
wrfout_d02_2722_2019.nc,2722,d02,2019,272,222,281,231,55.88887501,-120.11347577,55.88327503,-119.47202492,56.24857521,-120.10635185,56.24292564,-119.45897485,https://nrs.objectstore.gov.bc.ca/wrfdel/aermod/d02/2722/wrfout_d02_2722_2019.nc
wrfout_d02_2723_2019.nc,2723,d02,2019,272,232,281,241,56.24857521,-120.10635185,56.24292564,-119.45897485,56.60825062,-120.09912682,56.60255051,-119.44569968,https://nrs.objectstore.gov.bc.ca/wrfdel/aermod/d02/2723/wrfout_d02_2723_2019.nc
wrfout_d02_2724_2019.nc,2724,d02,2019,272,242,281,251,56.60825062,-120.09912682,56.60255051,-119.44569968,56.96785068,-120.09177400,56.96212483,-119.43214988,https://nrs.objectstore.gov.bc.ca/wrfdel/aermod/d02/2724/wrfout_d02_2724_2019.nc
wrfout_d02_2725_2019.nc,2725,d02,2019,272,252,281,261,56.96785068,-120.09177400,56.96212483,-119.43214988,57.32739926,-120.08424760,57.32157517,-119.41835022,https://nrs.objectstore.gov.bc.ca/wrfdel/aermod/d02/2725/wrfout_d02_2725_2019.nc
wrfout_d02_2726_2019.nc,2726,d02,2019,272,262,281,271,57.32739926,-120.08424760,57.32157517,-119.41835022,57.68682480,-120.07657240,57.68097401,-119.40430070,https://nrs.objectstore.gov.bc.ca/wrfdel/aermod/d02/2726/wrfout_d02_2726_2019.nc
wrfout_d02_2727_2019.nc,2727,d02,2019,272,272,281,281,57.68682480,-120.07657240,57.68097401,-119.40430070,58.04617500,-120.06877325,58.04024982,-119.38995170,https://nrs.objectstore.gov.bc.ca/wrfdel/aermod/d02/2727/wrfout_d02_2727_2019.nc
wrfout_d02_2728_2019.nc,2728,d02,2019,272,282,281,291,58.04617500,-120.06877325,58.04024982,-119.38995170,58.40537548,-120.06082535,58.39939976,-119.37532613,https://nrs.objectstore.gov.bc.ca/wrfdel/aermod/d02/2728/wrfout_d02_2728_2019.nc
wrfout_d02_2729_2019.nc,2729,d02,2019,272,292,281,301,58.40537548,-120.06082535,58.39939976,-119.37532613,58.76447582,-120.05272485,58.75844955,-119.36042400,https://nrs.objectstore.gov.bc.ca/wrfdel/aermod/d02/2729/wrfout_d02_2729_2019.nc
wrfout_d02_2730_2019.nc,2730,d02,2019,272,302,281,311,58.76447582,-120.05272485,58.75844955,-119.36042400,59.12342453,-120.04445078,59.11734963,-119.34522438,https://nrs.objectstore.gov.bc.ca/wrfdel/aermod/d02/2730/wrfout_d02_2730_2019.nc
wrfout_d02_2731_2019.nc,2731,d02,2019,272,312,281,321,59.12342453,-120.04445078,59.11734963,-119.34522438,59.48217582,-120.03600123,59.47602558,-119.32970047,https://nrs.objectstore.gov.bc.ca/wrfdel/aermod/d02/2731/wrfout_d02_2731_2019.nc
wrfout_d02_2732_2019.nc,2732,d02,2019,272,322,281,331,59.48217582,-120.03600123,59.47602558,-119.32970047,59.84077454,-120.02737427,59.83457565,-119.31384850,https://nrs.objectstore.gov.bc.ca/wrfdel/aermod/d02/2732/wrfout_d02_2732_2019.nc
wrfout_d02_2733_2019.nc,2733,d02,2019,272,332,281,341,59.84077454,-120.02737427,59.83457565,-119.31384850,60.19917584,-120.01857567,60.19292546,-119.29769708,https://nrs.objectstore.gov.bc.ca/wrfdel/aermod/d02/2733/wrfout_d02_2733_2019.nc
wrfout_d02_2734_2019.nc,2734,d02,2019,272,342,281,351,60.19917584,-120.01857567,60.19292546,-119.29769708,60.55737591,-120.00962640,60.55105114,-119.28122330,https://nrs.objectstore.gov.bc.ca/wrfdel/aermod/d02/2734/wrfout_d02_2734_2019.nc
wrfout_d02_2735_2019.nc,2735,d02,2019,272,352,281,361,60.55737591,-120.00962640,60.55105114,-119.28122330,60.91529941,-120.00045013,60.90892505,-119.26437567,https://nrs.objectstore.gov.bc.ca/wrfdel/aermod/d02/2735/wrfout_d02_2735_2019.nc
wrfout_d02_2736_2019.nc,2736,d02,2019,272,362,281,371,60.91529941,-120.00045013,60.90892505,-119.26437567,61.25309944,-119.99580000,61.24494934,-119.25585170,https://nrs.objectstore.gov.bc.ca/wrfdel/aermod/d02/2736/wrfout_d02_2736_2019.nc
wrfout_d02_2800_2019.nc,2800,d02,2019,282,2,291,11,48.00804901,-119.70409775,48.00194931,-119.16864775,48.34469986,-119.69957542,48.33730030,-119.16202353,https://nrs.objectstore.gov.bc.ca/wrfdel/aermod/d02/2800/wrfout_d02_2800_2019.nc
wrfout_d02_2801_2019.nc,2801,d02,2019,282,12,291,21,48.34469986,-119.69957542,48.33730030,-119.16202353,48.70212460,-119.69042778,48.69462490,-119.14870070,https://nrs.objectstore.gov.bc.ca/wrfdel/aermod/d02/2801/wrfout_d02_2801_2019.nc
wrfout_d02_2802_2019.nc,2802,d02,2019,282,22,291,31,48.70212460,-119.69042778,48.69462490,-119.14870070,49.05977535,-119.68112563,49.05224991,-119.13520050,https://nrs.objectstore.gov.bc.ca/wrfdel/aermod/d02/2802/wrfout_d02_2802_2019.nc
wrfout_d02_2803_2019.nc,2803,d02,2019,282,32,291,41,49.05977535,-119.68112563,49.05224991,-119.13520050,49.41767502,-119.67167473,49.41009998,-119.12145043,https://nrs.objectstore.gov.bc.ca/wrfdel/aermod/d02/2803/wrfout_d02_2803_2019.nc
wrfout_d02_2804_2019.nc,2804,d02,2019,282,42,291,51,49.41767502,-119.67167473,49.41009998,-119.12145043,49.77577496,-119.66207505,49.76812553,-119.10747720,https://nrs.objectstore.gov.bc.ca/wrfdel/aermod/d02/2804/wrfout_d02_2804_2019.nc
wrfout_d02_2805_2019.nc,2805,d02,2019,282,52,291,61,49.77577496,-119.66207505,49.76812553,-119.10747720,50.13412476,-119.65232468,50.12639999,-119.09329987,https://nrs.objectstore.gov.bc.ca/wrfdel/aermod/d02/2805/wrfout_d02_2805_2019.nc
wrfout_d02_2806_2019.nc,2806,d02,2019,282,62,291,71,50.13412476,-119.65232468,50.12639999,-119.09329987,50.49257469,-119.64242555,50.48477459,-119.07887268,https://nrs.objectstore.gov.bc.ca/wrfdel/aermod/d02/2806/wrfout_d02_2806_2019.nc
wrfout_d02_2807_2019.nc,2807,d02,2019,282,72,291,81,50.49257469,-119.64242555,50.48477459,-119.07887268,50.85124970,-119.63237573,50.84337426,-119.06419945,https://nrs.objectstore.gov.bc.ca/wrfdel/aermod/d02/2807/wrfout_d02_2807_2019.nc
wrfout_d02_2808_2019.nc,2808,d02,2019,282,82,291,91,50.85124970,-119.63237573,50.84337426,-119.06419945,51.21007538,-119.62215040,51.20214939,-119.04932405,https://nrs.objectstore.gov.bc.ca/wrfdel/aermod/d02/2808/wrfout_d02_2808_2019.nc
wrfout_d02_2809_2019.nc,2809,d02,2019,282,92,291,101,51.21007538,-119.62215040,51.20214939,-119.04932405,51.56902504,-119.61177442,51.56102562,-119.03419875,https://nrs.objectstore.gov.bc.ca/wrfdel/aermod/d02/2809/wrfout_d02_2809_2019.nc
wrfout_d02_2810_2019.nc,2810,d02,2019,282,102,291,111,51.56902504,-119.61177442,51.56102562,-119.03419875,51.92815018,-119.60117530,51.92005062,-119.01877590,https://nrs.objectstore.gov.bc.ca/wrfdel/aermod/d02/2810/wrfout_d02_2810_2019.nc
wrfout_d02_2811_2019.nc,2811,d02,2019,282,112,291,121,51.92815018,-119.60117530,51.92005062,-119.01877590,52.28735065,-119.59040070,52.27922535,-119.00312613,https://nrs.objectstore.gov.bc.ca/wrfdel/aermod/d02/2811/wrfout_d02_2811_2019.nc
wrfout_d02_2812_2019.nc,2812,d02,2019,282,122,291,131,52.28735065,-119.59040070,52.27922535,-119.00312613,52.64667511,-119.57947542,52.63847542,-118.98722650,https://nrs.objectstore.gov.bc.ca/wrfdel/aermod/d02/2812/wrfout_d02_2812_2019.nc
wrfout_d02_2813_2019.nc,2813,d02,2019,282,132,291,141,52.64667511,-119.57947542,52.63847542,-118.98722650,53.00609970,-119.56835175,52.99779892,-118.97105027,https://nrs.objectstore.gov.bc.ca/wrfdel/aermod/d02/2813/wrfout_d02_2813_2019.nc
wrfout_d02_2814_2019.nc,2814,d02,2019,282,142,291,151,53.00609970,-119.56835175,52.99779892,-118.97105027,53.36562538,-119.55705070,53.35725021,-118.95459938,https://nrs.objectstore.gov.bc.ca/wrfdel/aermod/d02/2814/wrfout_d02_2814_2019.nc
wrfout_d02_2815_2019.nc,2815,d02,2019,282,152,291,161,53.36562538,-119.55705070,53.35725021,-118.95459938,53.72517490,-119.54555130,53.71675014,-118.93782615,https://nrs.objectstore.gov.bc.ca/wrfdel/aermod/d02/2815/wrfout_d02_2815_2019.nc
wrfout_d02_2816_2019.nc,2816,d02,2019,282,162,291,171,53.72517490,-119.54555130,53.71675014,-118.93782615,54.08482552,-119.53385160,54.07630063,-118.92077638,https://nrs.objectstore.gov.bc.ca/wrfdel/aermod/d02/2816/wrfout_d02_2816_2019.nc
wrfout_d02_2817_2019.nc,2817,d02,2019,282,172,291,181,54.08482552,-119.53385160,54.07630063,-118.92077638,54.44447518,-119.52192495,54.43587589,-118.90345002,https://nrs.objectstore.gov.bc.ca/wrfdel/aermod/d02/2817/wrfout_d02_2817_2019.nc
wrfout_d02_2818_2019.nc,2818,d02,2019,282,182,291,191,54.44447518,-119.52192495,54.43587589,-118.90345002,54.80417442,-119.50977515,54.79549980,-118.88577460,https://nrs.objectstore.gov.bc.ca/wrfdel/aermod/d02/2818/wrfout_d02_2818_2019.nc
wrfout_d02_2819_2019.nc,2819,d02,2019,282,192,291,201,54.80417442,-119.50977515,54.79549980,-118.88577460,55.16387558,-119.49742507,55.15512562,-118.86780165,https://nrs.objectstore.gov.bc.ca/wrfdel/aermod/d02/2819/wrfout_d02_2819_2019.nc
wrfout_d02_2820_2019.nc,2820,d02,2019,282,202,291,211,55.16387558,-119.49742507,55.15512562,-118.86780165,55.52357483,-119.48484992,55.51475048,-118.84950255,https://nrs.objectstore.gov.bc.ca/wrfdel/aermod/d02/2820/wrfout_d02_2820_2019.nc
wrfout_d02_2821_2019.nc,2821,d02,2019,282,212,291,221,55.52357483,-119.48484992,55.51475048,-118.84950255,55.88327503,-119.47202492,55.87437534,-118.83085060,https://nrs.objectstore.gov.bc.ca/wrfdel/aermod/d02/2821/wrfout_d02_2821_2019.nc
wrfout_d02_2822_2019.nc,2822,d02,2019,282,222,291,231,55.88327503,-119.47202492,55.87437534,-118.83085060,56.24292564,-119.45897485,56.23395061,-118.81187630,https://nrs.objectstore.gov.bc.ca/wrfdel/aermod/d02/2822/wrfout_d02_2822_2019.nc
wrfout_d02_2823_2019.nc,2823,d02,2019,282,232,291,241,56.24292564,-119.45897485,56.23395061,-118.81187630,56.60255051,-119.44569968,56.59347439,-118.79252625,https://nrs.objectstore.gov.bc.ca/wrfdel/aermod/d02/2823/wrfout_d02_2823_2019.nc
wrfout_d02_2824_2019.nc,2824,d02,2019,282,242,291,251,56.60255051,-119.44569968,56.59347439,-118.79252625,56.96212483,-119.43214988,56.95294952,-118.77282525,https://nrs.objectstore.gov.bc.ca/wrfdel/aermod/d02/2824/wrfout_d02_2824_2019.nc
wrfout_d02_2825_2019.nc,2825,d02,2019,282,252,291,261,56.96212483,-119.43214988,56.95294952,-118.77282525,57.32157517,-119.41835022,57.31232548,-118.75275038,https://nrs.objectstore.gov.bc.ca/wrfdel/aermod/d02/2825/wrfout_d02_2825_2019.nc
wrfout_d02_2826_2019.nc,2826,d02,2019,282,262,291,271,57.32157517,-119.41835022,57.31232548,-118.75275038,57.68097401,-119.40430070,57.67162418,-118.73227497,https://nrs.objectstore.gov.bc.ca/wrfdel/aermod/d02/2826/wrfout_d02_2826_2019.nc
wrfout_d02_2827_2019.nc,2827,d02,2019,282,272,291,281,57.68097401,-119.40430070,57.67162418,-118.73227497,58.04024982,-119.38995170,58.03082466,-118.71142575,https://nrs.objectstore.gov.bc.ca/wrfdel/aermod/d02/2827/wrfout_d02_2827_2019.nc
wrfout_d02_2828_2019.nc,2828,d02,2019,282,282,291,291,58.04024982,-119.38995170,58.03082466,-118.71142575,58.39939976,-119.37532613,58.38992501,-118.69012640,https://nrs.objectstore.gov.bc.ca/wrfdel/aermod/d02/2828/wrfout_d02_2828_2019.nc
wrfout_d02_2829_2019.nc,2829,d02,2019,282,292,291,301,58.39939976,-119.37532613,58.38992501,-118.69012640,58.75844955,-119.36042400,58.74884892,-118.66842463,https://nrs.objectstore.gov.bc.ca/wrfdel/aermod/d02/2829/wrfout_d02_2829_2019.nc
wrfout_d02_2830_2019.nc,2830,d02,2019,282,302,291,311,58.75844955,-119.36042400,58.74884892,-118.66842463,59.11734963,-119.34522438,59.10764981,-118.64632417,https://nrs.objectstore.gov.bc.ca/wrfdel/aermod/d02/2830/wrfout_d02_2830_2019.nc
wrfout_d02_2831_2019.nc,2831,d02,2019,282,312,291,321,59.11734963,-119.34522438,59.10764981,-118.64632417,59.47602558,-119.32970047,59.46625042,-118.62372400,https://nrs.objectstore.gov.bc.ca/wrfdel/aermod/d02/2831/wrfout_d02_2831_2019.nc
wrfout_d02_2832_2019.nc,2832,d02,2019,282,322,291,331,59.47602558,-119.32970047,59.46625042,-118.62372400,59.83457565,-119.31384850,59.82472515,-118.60067370,https://nrs.objectstore.gov.bc.ca/wrfdel/aermod/d02/2832/wrfout_d02_2832_2019.nc
wrfout_d02_2833_2019.nc,2833,d02,2019,282,332,291,341,59.83457565,-119.31384850,59.82472515,-118.60067370,60.19292546,-119.29769708,60.18297482,-118.57717512,https://nrs.objectstore.gov.bc.ca/wrfdel/aermod/d02/2833/wrfout_d02_2833_2019.nc
wrfout_d02_2834_2019.nc,2834,d02,2019,282,342,291,351,60.19292546,-119.29769708,60.18297482,-118.57717512,60.55105114,-119.28122330,60.54097557,-118.55317495,https://nrs.objectstore.gov.bc.ca/wrfdel/aermod/d02/2834/wrfout_d02_2834_2019.nc
wrfout_d02_2835_2019.nc,2835,d02,2019,282,352,291,361,60.55105114,-119.28122330,60.54097557,-118.55317495,60.90892505,-119.26437567,60.89877510,-118.52867507,https://nrs.objectstore.gov.bc.ca/wrfdel/aermod/d02/2835/wrfout_d02_2835_2019.nc
wrfout_d02_2836_2019.nc,2836,d02,2019,282,362,291,371,60.90892505,-119.26437567,60.89877510,-118.52867507,61.24494934,-119.25585170,61.23295021,-118.51630020,https://nrs.objectstore.gov.bc.ca/wrfdel/aermod/d02/2836/wrfout_d02_2836_2019.nc
wrfout_d02_2900_2019.nc,2900,d02,2019,292,2,301,11,48.00194931,-119.16864775,47.99309921,-118.63340000,48.33730030,-119.16202353,48.32712555,-118.62470055,https://nrs.objectstore.gov.bc.ca/wrfdel/aermod/d02/2900/wrfout_d02_2900_2019.nc
wrfout_d02_2901_2019.nc,2901,d02,2019,292,12,301,21,48.33730030,-119.16202353,48.32712555,-118.62470055,48.69462490,-119.14870070,48.68440056,-118.60720060,https://nrs.objectstore.gov.bc.ca/wrfdel/aermod/d02/2901/wrfout_d02_2901_2019.nc
wrfout_d02_2902_2019.nc,2902,d02,2019,292,22,301,31,48.69462490,-119.14870070,48.68440056,-118.60720060,49.05224991,-119.13520050,49.04194927,-118.58945083,https://nrs.objectstore.gov.bc.ca/wrfdel/aermod/d02/2902/wrfout_d02_2902_2019.nc
wrfout_d02_2903_2019.nc,2903,d02,2019,292,32,301,41,49.05224991,-119.13520050,49.04194927,-118.58945083,49.41009998,-119.12145043,49.39967441,-118.57140160,https://nrs.objectstore.gov.bc.ca/wrfdel/aermod/d02/2903/wrfout_d02_2903_2019.nc
wrfout_d02_2904_2019.nc,2904,d02,2019,292,42,301,51,49.41009998,-119.12145043,49.39967441,-118.57140160,49.76812553,-119.10747720,49.75762558,-118.55307580,https://nrs.objectstore.gov.bc.ca/wrfdel/aermod/d02/2904/wrfout_d02_2904_2019.nc
wrfout_d02_2905_2019.nc,2905,d02,2019,292,52,301,61,49.76812553,-119.10747720,49.75762558,-118.55307580,50.12639999,-119.09329987,50.11577511,-118.53445052,https://nrs.objectstore.gov.bc.ca/wrfdel/aermod/d02/2905/wrfout_d02_2905_2019.nc
wrfout_d02_2906_2019.nc,2906,d02,2019,292,62,301,71,50.12639999,-119.09329987,50.11577511,-118.53445052,50.48477459,-119.07887268,50.47410011,-118.51552390,https://nrs.objectstore.gov.bc.ca/wrfdel/aermod/d02/2906/wrfout_d02_2906_2019.nc
wrfout_d02_2907_2019.nc,2907,d02,2019,292,72,301,81,50.48477459,-119.07887268,50.47410011,-118.51552390,50.84337426,-119.06419945,50.83259964,-118.49629975,https://nrs.objectstore.gov.bc.ca/wrfdel/aermod/d02/2907/wrfout_d02_2907_2019.nc
wrfout_d02_2908_2019.nc,2908,d02,2019,292,82,301,91,50.84337426,-119.06419945,50.83259964,-118.49629975,51.20214939,-119.04932405,51.19124985,-118.47675135,https://nrs.objectstore.gov.bc.ca/wrfdel/aermod/d02/2908/wrfout_d02_2908_2019.nc
wrfout_d02_2909_2019.nc,2909,d02,2019,292,92,301,101,51.20214939,-119.04932405,51.19124985,-118.47675135,51.56102562,-119.03419875,51.55005073,-118.45689968,https://nrs.objectstore.gov.bc.ca/wrfdel/aermod/d02/2909/wrfout_d02_2909_2019.nc
wrfout_d02_2910_2019.nc,2910,d02,2019,292,102,301,111,51.56102562,-119.03419875,51.55005073,-118.45689968,51.92005062,-119.01877590,51.90897465,-118.43670085,https://nrs.objectstore.gov.bc.ca/wrfdel/aermod/d02/2910/wrfout_d02_2910_2019.nc
wrfout_d02_2911_2019.nc,2911,d02,2019,292,112,301,121,51.92005062,-119.01877590,51.90897465,-118.43670085,52.27922535,-119.00312613,52.26805019,-118.41612435,https://nrs.objectstore.gov.bc.ca/wrfdel/aermod/d02/2911/wrfout_d02_2911_2019.nc
wrfout_d02_2912_2019.nc,2912,d02,2019,292,122,301,131,52.27922535,-119.00312613,52.26805019,-118.41612435,52.63847542,-118.98722650,52.62720013,-118.39524840,https://nrs.objectstore.gov.bc.ca/wrfdel/aermod/d02/2912/wrfout_d02_2912_2019.nc
wrfout_d02_2913_2019.nc,2913,d02,2019,292,132,301,141,52.63847542,-118.98722650,52.62720013,-118.39524840,52.99779892,-118.97105027,52.98647499,-118.37402532,https://nrs.objectstore.gov.bc.ca/wrfdel/aermod/d02/2913/wrfout_d02_2913_2019.nc
wrfout_d02_2914_2019.nc,2914,d02,2019,292,142,301,151,52.99779892,-118.97105027,52.98647499,-118.37402532,53.35725021,-118.95459938,53.34580040,-118.35239980,https://nrs.objectstore.gov.bc.ca/wrfdel/aermod/d02/2914/wrfout_d02_2914_2019.nc
wrfout_d02_2915_2019.nc,2915,d02,2019,292,152,301,161,53.35725021,-118.95459938,53.34580040,-118.35239980,53.71675014,-118.93782615,53.70517540,-118.33042335,https://nrs.objectstore.gov.bc.ca/wrfdel/aermod/d02/2915/wrfout_d02_2915_2019.nc
wrfout_d02_2916_2019.nc,2916,d02,2019,292,162,301,171,53.71675014,-118.93782615,53.70517540,-118.33042335,54.07630063,-118.92077638,54.06462574,-118.30804825,https://nrs.objectstore.gov.bc.ca/wrfdel/aermod/d02/2916/wrfout_d02_2916_2019.nc
wrfout_d02_2917_2019.nc,2917,d02,2019,292,172,301,181,54.07630063,-118.92077638,54.06462574,-118.30804825,54.43587589,-118.90345002,54.42410088,-118.28527450,https://nrs.objectstore.gov.bc.ca/wrfdel/aermod/d02/2917/wrfout_d02_2917_2019.nc
wrfout_d02_2918_2019.nc,2918,d02,2019,292,182,301,191,54.43587589,-118.90345002,54.42410088,-118.28527450,54.79549980,-118.88577460,54.78362560,-118.26210023,https://nrs.objectstore.gov.bc.ca/wrfdel/aermod/d02/2918/wrfout_d02_2918_2019.nc
wrfout_d02_2919_2019.nc,2919,d02,2019,292,192,301,201,54.79549980,-118.88577460,54.78362560,-118.26210023,55.15512562,-118.86780165,55.14315033,-118.23850060,https://nrs.objectstore.gov.bc.ca/wrfdel/aermod/d02/2919/wrfout_d02_2919_2019.nc
wrfout_d02_2920_2019.nc,2920,d02,2019,292,202,301,211,55.15512562,-118.86780165,55.14315033,-118.23850060,55.51475048,-118.84950255,55.50267506,-118.21447563,https://nrs.objectstore.gov.bc.ca/wrfdel/aermod/d02/2920/wrfout_d02_2920_2019.nc
wrfout_d02_2921_2019.nc,2921,d02,2019,292,212,301,221,55.51475048,-118.84950255,55.50267506,-118.21447563,55.87437534,-118.83085060,55.86217499,-118.19000052,https://nrs.objectstore.gov.bc.ca/wrfdel/aermod/d02/2921/wrfout_d02_2921_2019.nc
wrfout_d02_2922_2019.nc,2922,d02,2019,292,222,301,231,55.87437534,-118.83085060,55.86217499,-118.19000052,56.23395061,-118.81187630,56.22165108,-118.16510007,https://nrs.objectstore.gov.bc.ca/wrfdel/aermod/d02/2922/wrfout_d02_2922_2019.nc
wrfout_d02_2923_2019.nc,2923,d02,2019,292,232,301,241,56.23395061,-118.81187630,56.22165108,-118.16510007,56.59347439,-118.79252625,56.58104897,-118.13972470,https://nrs.objectstore.gov.bc.ca/wrfdel/aermod/d02/2923/wrfout_d02_2923_2019.nc
wrfout_d02_2924_2019.nc,2924,d02,2019,292,242,301,251,56.59347439,-118.79252625,56.58104897,-118.13972470,56.95294952,-118.77282525,56.94040012,-118.11384963,https://nrs.objectstore.gov.bc.ca/wrfdel/aermod/d02/2924/wrfout_d02_2924_2019.nc
wrfout_d02_2925_2019.nc,2925,d02,2019,292,252,301,261,56.95294952,-118.77282525,56.94040012,-118.11384963,57.31232548,-118.75275038,57.29967499,-118.08749960,https://nrs.objectstore.gov.bc.ca/wrfdel/aermod/d02/2925/wrfout_d02_2925_2019.nc
wrfout_d02_2926_2019.nc,2926,d02,2019,292,262,301,271,57.31232548,-118.75275038,57.29967499,-118.08749960,57.67162418,-118.73227497,57.65887451,-118.06064985,https://nrs.objectstore.gov.bc.ca/wrfdel/aermod/d02/2926/wrfout_d02_2926_2019.nc
wrfout_d02_2927_2019.nc,2927,d02,2019,292,272,301,281,57.67162418,-118.73227497,57.65887451,-118.06064985,58.03082466,-118.71142575,58.01794911,-118.03325080,https://nrs.objectstore.gov.bc.ca/wrfdel/aermod/d02/2927/wrfout_d02_2927_2019.nc
wrfout_d02_2928_2019.nc,2928,d02,2019,292,282,301,291,58.03082466,-118.71142575,58.01794911,-118.03325080,58.38992501,-118.69012640,58.37690068,-118.00532723,https://nrs.objectstore.gov.bc.ca/wrfdel/aermod/d02/2928/wrfout_d02_2928_2019.nc
wrfout_d02_2929_2019.nc,2929,d02,2019,292,292,301,301,58.38992501,-118.69012640,58.37690068,-118.00532723,58.74884892,-118.66842463,58.73569966,-117.97687720,https://nrs.objectstore.gov.bc.ca/wrfdel/aermod/d02/2929/wrfout_d02_2929_2019.nc
wrfout_d02_2930_2019.nc,2930,d02,2019,292,302,301,311,58.74884892,-118.66842463,58.73569966,-117.97687720,59.10764981,-118.64632417,59.09437466,-117.94782635,https://nrs.objectstore.gov.bc.ca/wrfdel/aermod/d02/2930/wrfout_d02_2930_2019.nc
wrfout_d02_2931_2019.nc,2931,d02,2019,292,312,301,321,59.10764981,-118.64632417,59.09437466,-117.94782635,59.46625042,-118.62372400,59.45285034,-117.91820142,https://nrs.objectstore.gov.bc.ca/wrfdel/aermod/d02/2931/wrfout_d02_2931_2019.nc
wrfout_d02_2932_2019.nc,2932,d02,2019,292,322,301,331,59.46625042,-118.62372400,59.45285034,-117.91820142,59.82472515,-118.60067370,59.81122494,-117.88797570,https://nrs.objectstore.gov.bc.ca/wrfdel/aermod/d02/2932/wrfout_d02_2932_2019.nc
wrfout_d02_2933_2019.nc,2933,d02,2019,292,332,301,341,59.82472515,-118.60067370,59.81122494,-117.88797570,60.18297482,-118.57717512,60.16329956,-117.86963400,https://nrs.objectstore.gov.bc.ca/wrfdel/aermod/d02/2933/wrfout_d02_2933_2019.nc
wrfout_d02_2934_2019.nc,2934,d02,2019,292,342,301,351,60.18297482,-118.57717512,60.16329956,-117.86963400,60.54097557,-118.55317495,60.53499985,-117.84765245,https://nrs.objectstore.gov.bc.ca/wrfdel/aermod/d02/2934/wrfout_d02_2934_2019.nc
wrfout_d02_2935_2019.nc,2935,d02,2019,292,352,301,361,60.54097557,-118.55317495,60.53499985,-117.84765245,60.89877510,-118.52867507,60.89274978,-117.81560135,https://nrs.objectstore.gov.bc.ca/wrfdel/aermod/d02/2935/wrfout_d02_2935_2019.nc
wrfout_d02_2936_2019.nc,2936,d02,2019,292,362,301,371,60.89877510,-118.52867507,60.89274978,-117.81560135,61.23295021,-118.51630020,61.22600174,-117.79940030,https://nrs.objectstore.gov.bc.ca/wrfdel/aermod/d02/2936/wrfout_d02_2936_2019.nc
wrfout_d02_3000_2019.nc,3000,d02,2019,302,2,311,11,47.99309921,-118.63340000,47.98149872,-118.09835050,48.32712555,-118.62470055,48.31422519,-118.08762550,https://nrs.objectstore.gov.bc.ca/wrfdel/aermod/d02/3000/wrfout_d02_3000_2019.nc
wrfout_d02_3001_2019.nc,3001,d02,2019,302,12,311,21,48.32712555,-118.62470055,48.31422519,-118.08762550,48.68440056,-118.60720060,48.67140007,-118.06597710,https://nrs.objectstore.gov.bc.ca/wrfdel/aermod/d02/3001/wrfout_d02_3001_2019.nc
wrfout_d02_3002_2019.nc,3002,d02,2019,302,22,311,31,48.68440056,-118.60720060,48.67140007,-118.06597710,49.04194927,-118.58945083,49.02882385,-118.04397772,https://nrs.objectstore.gov.bc.ca/wrfdel/aermod/d02/3002/wrfout_d02_3002_2019.nc
wrfout_d02_3003_2019.nc,3003,d02,2019,302,32,311,41,49.04194927,-118.58945083,49.02882385,-118.04397772,49.39967441,-118.57140160,49.38642502,-118.02165030,https://nrs.objectstore.gov.bc.ca/wrfdel/aermod/d02/3003/wrfout_d02_3003_2019.nc
wrfout_d02_3004_2019.nc,3004,d02,2019,302,42,311,51,49.39967441,-118.57140160,49.38642502,-118.02165030,49.75762558,-118.55307580,49.74427509,-117.99897385,https://nrs.objectstore.gov.bc.ca/wrfdel/aermod/d02/3004/wrfout_d02_3004_2019.nc
wrfout_d02_3005_2019.nc,3005,d02,2019,302,52,311,61,49.75762558,-118.55307580,49.74427509,-117.99897385,50.11577511,-118.53445052,50.10229969,-117.97592355,https://nrs.objectstore.gov.bc.ca/wrfdel/aermod/d02/3005/wrfout_d02_3005_2019.nc
wrfout_d02_3006_2019.nc,3006,d02,2019,302,62,311,71,50.11577511,-118.53445052,50.10229969,-117.97592355,50.47410011,-118.51552390,50.46052456,-117.95247457,https://nrs.objectstore.gov.bc.ca/wrfdel/aermod/d02/3006/wrfout_d02_3006_2019.nc
wrfout_d02_3007_2019.nc,3007,d02,2019,302,72,311,81,50.47410011,-118.51552390,50.46052456,-117.95247457,50.83259964,-118.49629975,50.81890011,-117.92867660,https://nrs.objectstore.gov.bc.ca/wrfdel/aermod/d02/3007/wrfout_d02_3007_2019.nc
wrfout_d02_3008_2019.nc,3008,d02,2019,302,82,311,91,50.83259964,-118.49629975,50.81890011,-117.92867660,51.19124985,-118.47675135,51.17742538,-117.90450290,https://nrs.objectstore.gov.bc.ca/wrfdel/aermod/d02/3008/wrfout_d02_3008_2019.nc
wrfout_d02_3009_2019.nc,3009,d02,2019,302,92,311,101,51.19124985,-118.47675135,51.17742538,-117.90450290,51.55005073,-118.45689968,51.53612518,-117.87990190,https://nrs.objectstore.gov.bc.ca/wrfdel/aermod/d02/3009/wrfout_d02_3009_2019.nc
wrfout_d02_3010_2019.nc,3010,d02,2019,302,102,311,111,51.55005073,-118.45689968,51.53612518,-117.87990190,51.90897465,-118.43670085,51.89492417,-117.85490035,https://nrs.objectstore.gov.bc.ca/wrfdel/aermod/d02/3010/wrfout_d02_3010_2019.nc
wrfout_d02_3011_2019.nc,3011,d02,2019,302,112,311,121,51.90897465,-118.43670085,51.89492417,-117.85490035,52.26805019,-118.41612435,52.25384998,-117.82950020,https://nrs.objectstore.gov.bc.ca/wrfdel/aermod/d02/3011/wrfout_d02_3011_2019.nc
wrfout_d02_3012_2019.nc,3012,d02,2019,302,122,311,131,52.26805019,-118.41612435,52.25384998,-117.82950020,52.62720013,-118.39524840,52.61287498,-117.80364990,https://nrs.objectstore.gov.bc.ca/wrfdel/aermod/d02/3012/wrfout_d02_3012_2019.nc
wrfout_d02_3013_2019.nc,3013,d02,2019,302,132,311,141,52.62720013,-118.39524840,52.61287498,-117.80364990,52.98647499,-118.37402532,52.97205067,-117.77734948,https://nrs.objectstore.gov.bc.ca/wrfdel/aermod/d02/3013/wrfout_d02_3013_2019.nc
wrfout_d02_3014_2019.nc,3014,d02,2019,302,142,311,151,52.98647499,-118.37402532,52.97205067,-117.77734948,53.34580040,-118.35239980,53.33124924,-117.75062370,https://nrs.objectstore.gov.bc.ca/wrfdel/aermod/d02/3014/wrfout_d02_3014_2019.nc
wrfout_d02_3015_2019.nc,3015,d02,2019,302,152,311,161,53.34580040,-118.35239980,53.33124924,-117.75062370,53.70517540,-118.33042335,53.68453344,-117.73399860,https://nrs.objectstore.gov.bc.ca/wrfdel/aermod/d02/3015/wrfout_d02_3015_2019.nc
wrfout_d02_3016_2019.nc,3016,d02,2019,302,162,311,171,53.70517540,-118.33042335,53.68453344,-117.73399860,54.06462574,-118.30804825,54.05800057,-117.71374895,https://nrs.objectstore.gov.bc.ca/wrfdel/aermod/d02/3016/wrfout_d02_3016_2019.nc
wrfout_d02_3017_2019.nc,3017,d02,2019,302,172,311,181,54.06462574,-118.30804825,54.05800057,-117.71374895,54.42410088,-118.28527450,54.41740036,-117.68560030,https://nrs.objectstore.gov.bc.ca/wrfdel/aermod/d02/3017/wrfout_d02_3017_2019.nc
wrfout_d02_3018_2019.nc,3018,d02,2019,302,182,311,191,54.42410088,-118.28527450,54.41740036,-117.68560030,54.78362560,-118.26210023,54.77690125,-117.65695190,https://nrs.objectstore.gov.bc.ca/wrfdel/aermod/d02/3018/wrfout_d02_3018_2019.nc
wrfout_d02_3019_2019.nc,3019,d02,2019,302,192,311,201,54.78362560,-118.26210023,54.77690125,-117.65695190,55.14315033,-118.23850060,55.13635063,-117.62779995,https://nrs.objectstore.gov.bc.ca/wrfdel/aermod/d02/3019/wrfout_d02_3019_2019.nc
wrfout_d02_3020_2019.nc,3020,d02,2019,302,202,311,211,55.14315033,-118.23850060,55.13635063,-117.62779995,55.50267506,-118.21447563,55.49580002,-117.59814830,https://nrs.objectstore.gov.bc.ca/wrfdel/aermod/d02/3020/wrfout_d02_3020_2019.nc
wrfout_d02_3021_2019.nc,3021,d02,2019,302,212,311,221,55.50267506,-118.21447563,55.49580002,-117.59814830,55.86217499,-118.19000052,55.85524940,-117.56789775,https://nrs.objectstore.gov.bc.ca/wrfdel/aermod/d02/3021/wrfout_d02_3021_2019.nc
wrfout_d02_3022_2019.nc,3022,d02,2019,302,222,311,231,55.86217499,-118.19000052,55.85524940,-117.56789775,56.22165108,-118.16510007,56.21465111,-117.53709790,https://nrs.objectstore.gov.bc.ca/wrfdel/aermod/d02/3022/wrfout_d02_3022_2019.nc
wrfout_d02_3023_2019.nc,3023,d02,2019,302,232,311,241,56.22165108,-118.16510007,56.21465111,-117.53709790,56.58104897,-118.13972470,56.57399941,-117.50574875,https://nrs.objectstore.gov.bc.ca/wrfdel/aermod/d02/3023/wrfout_d02_3023_2019.nc
wrfout_d02_3024_2019.nc,3024,d02,2019,302,242,311,251,56.58104897,-118.13972470,56.57399941,-117.50574875,56.94040012,-118.11384963,56.93330002,-117.47375110,https://nrs.objectstore.gov.bc.ca/wrfdel/aermod/d02/3024/wrfout_d02_3024_2019.nc
wrfout_d02_3025_2019.nc,3025,d02,2019,302,252,311,261,56.94040012,-118.11384963,56.93330002,-117.47375110,57.29967499,-118.08749960,57.29249954,-117.44115070,https://nrs.objectstore.gov.bc.ca/wrfdel/aermod/d02/3025/wrfout_d02_3025_2019.nc
wrfout_d02_3026_2019.nc,3026,d02,2019,302,262,311,271,57.29967499,-118.08749960,57.29249954,-117.44115070,57.65887451,-118.06064985,57.65164947,-117.40794755,https://nrs.objectstore.gov.bc.ca/wrfdel/aermod/d02/3026/wrfout_d02_3026_2019.nc
wrfout_d02_3027_2019.nc,3027,d02,2019,302,272,311,281,57.65887451,-118.06064985,57.65164947,-117.40794755,58.01794911,-118.03325080,58.01064873,-117.37409975,https://nrs.objectstore.gov.bc.ca/wrfdel/aermod/d02/3027/wrfout_d02_3027_2019.nc
wrfout_d02_3028_2019.nc,3028,d02,2019,302,282,311,291,58.01794911,-118.03325080,58.01064873,-117.37409975,58.37690068,-118.00532723,58.36950111,-117.33959965,https://nrs.objectstore.gov.bc.ca/wrfdel/aermod/d02/3028/wrfout_d02_3028_2019.nc
wrfout_d02_3029_2019.nc,3029,d02,2019,302,292,311,301,58.37690068,-118.00532723,58.36950111,-117.33959965,58.73569966,-117.97687720,58.72825051,-117.30439760,https://nrs.objectstore.gov.bc.ca/wrfdel/aermod/d02/3029/wrfout_d02_3029_2019.nc
wrfout_d02_3030_2019.nc,3030,d02,2019,302,302,311,311,58.73569966,-117.97687720,58.72825051,-117.30439760,59.09437466,-117.94782635,59.08684921,-117.26849745,https://nrs.objectstore.gov.bc.ca/wrfdel/aermod/d02/3030/wrfout_d02_3030_2019.nc
wrfout_d02_3031_2019.nc,3031,d02,2019,302,312,311,321,59.09437466,-117.94782635,59.08684921,-117.26849745,59.45285034,-117.91820142,59.44524956,-117.23189925,https://nrs.objectstore.gov.bc.ca/wrfdel/aermod/d02/3031/wrfout_d02_3031_2019.nc
wrfout_d02_3032_2019.nc,3032,d02,2019,302,322,311,331,59.45285034,-117.91820142,59.44524956,-117.23189925,59.81122494,-117.88797570,59.80355072,-117.19449995,https://nrs.objectstore.gov.bc.ca/wrfdel/aermod/d02/3032/wrfout_d02_3032_2019.nc
wrfout_d02_3033_2019.nc,3033,d02,2019,302,332,311,341,59.81122494,-117.88797570,59.80355072,-117.19449995,60.16329956,-117.86963400,60.13579941,-117.17559810,https://nrs.objectstore.gov.bc.ca/wrfdel/aermod/d02/3033/wrfout_d02_3033_2019.nc
wrfout_d02_3100_2019.nc,3100,d02,2019,312,2,321,11,47.98149872,-118.09835050,47.96714973,-117.56370165,48.31422519,-118.08762550,48.29857540,-117.55087470,https://nrs.objectstore.gov.bc.ca/wrfdel/aermod/d02/3100/wrfout_d02_3100_2019.nc
wrfout_d02_3101_2019.nc,3101,d02,2019,312,12,321,21,48.31422519,-118.08762550,48.29857540,-117.55087470,48.67140007,-118.06597710,48.65559959,-117.52504730,https://nrs.objectstore.gov.bc.ca/wrfdel/aermod/d02/3101/wrfout_d02_3101_2019.nc
wrfout_d02_3102_2019.nc,3102,d02,2019,312,22,321,31,48.67140007,-118.06597710,48.65559959,-117.52504730,49.02882385,-118.04397772,49.01287460,-117.49884800,https://nrs.objectstore.gov.bc.ca/wrfdel/aermod/d02/3102/wrfout_d02_3102_2019.nc
wrfout_d02_3103_2019.nc,3103,d02,2019,312,32,321,41,49.02882385,-118.04397772,49.01287460,-117.49884800,49.38642502,-118.02165030,49.37037564,-117.47222330,https://nrs.objectstore.gov.bc.ca/wrfdel/aermod/d02/3103/wrfout_d02_3103_2019.nc
wrfout_d02_3104_2019.nc,3104,d02,2019,312,42,321,51,49.38642502,-118.02165030,49.37037564,-117.47222330,49.74427509,-117.99897385,49.72807503,-117.44519805,https://nrs.objectstore.gov.bc.ca/wrfdel/aermod/d02/3104/wrfout_d02_3104_2019.nc
wrfout_d02_3105_2019.nc,3105,d02,2019,312,52,321,61,49.74427509,-117.99897385,49.72807503,-117.44519805,50.10229969,-117.97592355,50.08597374,-117.41772270,https://nrs.objectstore.gov.bc.ca/wrfdel/aermod/d02/3105/wrfout_d02_3105_2019.nc
wrfout_d02_3106_2019.nc,3106,d02,2019,312,62,321,71,50.10229969,-117.97592355,50.08597374,-117.41772270,50.46052456,-117.95247457,50.44404984,-117.38979722,https://nrs.objectstore.gov.bc.ca/wrfdel/aermod/d02/3106/wrfout_d02_3106_2019.nc
wrfout_d02_3107_2019.nc,3107,d02,2019,312,72,321,81,50.46052456,-117.95247457,50.44404984,-117.38979722,50.81890011,-117.92867660,50.80227566,-117.36147500,https://nrs.objectstore.gov.bc.ca/wrfdel/aermod/d02/3107/wrfout_d02_3107_2019.nc
wrfout_d02_3108_2019.nc,3108,d02,2019,312,82,321,91,50.81890011,-117.92867660,50.80227566,-117.36147500,51.17742538,-117.90450290,51.16069984,-117.33265112,https://nrs.objectstore.gov.bc.ca/wrfdel/aermod/d02/3108/wrfout_d02_3108_2019.nc
wrfout_d02_3109_2019.nc,3109,d02,2019,312,92,321,101,51.17742538,-117.90450290,51.16069984,-117.33265112,51.53612518,-117.87990190,51.51924992,-117.30332562,https://nrs.objectstore.gov.bc.ca/wrfdel/aermod/d02/3109/wrfout_d02_3109_2019.nc
wrfout_d02_3110_2019.nc,3110,d02,2019,312,102,321,111,51.53612518,-117.87990190,51.51924992,-117.30332562,51.89492417,-117.85490035,51.87790013,-117.27355002,https://nrs.objectstore.gov.bc.ca/wrfdel/aermod/d02/3110/wrfout_d02_3110_2019.nc
wrfout_d02_3111_2019.nc,3111,d02,2019,312,112,321,121,51.89492417,-117.85490035,51.87790013,-117.27355002,52.25384998,-117.82950020,52.23667431,-117.24324990,https://nrs.objectstore.gov.bc.ca/wrfdel/aermod/d02/3111/wrfout_d02_3111_2019.nc
wrfout_d02_3112_2019.nc,3112,d02,2019,312,122,321,131,52.25384998,-117.82950020,52.23667431,-117.24324990,52.61287498,-117.80364990,52.59552479,-117.21242522,https://nrs.objectstore.gov.bc.ca/wrfdel/aermod/d02/3112/wrfout_d02_3112_2019.nc
wrfout_d02_3113_2019.nc,3113,d02,2019,312,132,321,141,52.61287498,-117.80364990,52.59552479,-117.21242522,52.97205067,-117.77734948,52.95452499,-117.18109895,https://nrs.objectstore.gov.bc.ca/wrfdel/aermod/d02/3113/wrfout_d02_3113_2019.nc
wrfout_d02_3114_2019.nc,3114,d02,2019,312,142,321,151,52.97205067,-117.77734948,52.95452499,-117.18109895,53.33124924,-117.75062370,53.30769857,-117.15980023,https://nrs.objectstore.gov.bc.ca/wrfdel/aermod/d02/3114/wrfout_d02_3114_2019.nc
wrfout_d02_3115_2019.nc,3115,d02,2019,312,152,321,161,53.33124924,-117.75062370,53.30769857,-117.15980023,53.68453344,-117.73399860,53.65639877,-117.14880370,https://nrs.objectstore.gov.bc.ca/wrfdel/aermod/d02/3115/wrfout_d02_3115_2019.nc
wrfout_d02_3200_2019.nc,3200,d02,2019,322,2,331,11,47.96714973,-117.56370165,47.95015144,-117.02935030,48.29857540,-117.55087470,48.28015041,-117.01449967,https://nrs.objectstore.gov.bc.ca/wrfdel/aermod/d02/3200/wrfout_d02_3200_2019.nc
wrfout_d02_3201_2019.nc,3201,d02,2019,322,12,331,21,48.29857540,-117.55087470,48.28015041,-117.01449967,48.65559959,-117.52504730,48.63702488,-116.98455047,https://nrs.objectstore.gov.bc.ca/wrfdel/aermod/d02/3201/wrfout_d02_3201_2019.nc
wrfout_d02_3202_2019.nc,3202,d02,2019,322,22,331,31,48.65559959,-117.52504730,48.63702488,-116.98455047,49.01287460,-117.49884800,48.99415016,-116.95412635,https://nrs.objectstore.gov.bc.ca/wrfdel/aermod/d02/3202/wrfout_d02_3202_2019.nc
wrfout_d02_3203_2019.nc,3203,d02,2019,322,32,331,41,49.01287460,-117.49884800,48.99415016,-116.95412635,49.37037564,-117.47222330,49.35150051,-116.92325020,https://nrs.objectstore.gov.bc.ca/wrfdel/aermod/d02/3203/wrfout_d02_3203_2019.nc
wrfout_d02_3204_2019.nc,3204,d02,2019,322,42,331,51,49.37037564,-117.47222330,49.35150051,-116.92325020,49.72807503,-117.44519805,49.70902538,-116.89187623,https://nrs.objectstore.gov.bc.ca/wrfdel/aermod/d02/3204/wrfout_d02_3204_2019.nc
wrfout_d02_3205_2019.nc,3205,d02,2019,322,52,331,61,49.72807503,-117.44519805,49.70902538,-116.89187623,50.08597374,-117.41772270,50.06680011,-116.86000060,https://nrs.objectstore.gov.bc.ca/wrfdel/aermod/d02/3205/wrfout_d02_3205_2019.nc
wrfout_d02_3206_2019.nc,3206,d02,2019,322,62,331,71,50.08597374,-117.41772270,50.06680011,-116.86000060,50.44404984,-117.38979722,50.42469979,-116.82762335,https://nrs.objectstore.gov.bc.ca/wrfdel/aermod/d02/3206/wrfout_d02_3206_2019.nc
wrfout_d02_3207_2019.nc,3207,d02,2019,322,72,331,81,50.44404984,-117.38979722,50.42469979,-116.82762335,50.80227566,-117.36147500,50.78277588,-116.79469870,https://nrs.objectstore.gov.bc.ca/wrfdel/aermod/d02/3207/wrfout_d02_3207_2019.nc
wrfout_d02_3208_2019.nc,3208,d02,2019,322,82,331,91,50.80227566,-117.36147500,50.78277588,-116.79469870,51.16069984,-117.33265112,51.14099979,-116.76124952,https://nrs.objectstore.gov.bc.ca/wrfdel/aermod/d02/3208/wrfout_d02_3208_2019.nc
wrfout_d02_3209_2019.nc,3209,d02,2019,322,92,331,101,51.16069984,-117.33265112,51.14099979,-116.76124952,51.51924992,-117.30332562,51.49937439,-116.72727582,https://nrs.objectstore.gov.bc.ca/wrfdel/aermod/d02/3209/wrfout_d02_3209_2019.nc
wrfout_d02_3210_2019.nc,3210,d02,2019,322,102,331,111,51.51924992,-117.30332562,51.49937439,-116.72727582,51.87790013,-117.27355002,51.85787582,-116.69270133,https://nrs.objectstore.gov.bc.ca/wrfdel/aermod/d02/3210/wrfout_d02_3210_2019.nc
wrfout_d02_3211_2019.nc,3211,d02,2019,322,112,331,121,51.87790013,-117.27355002,51.85787582,-116.69270133,52.23667431,-117.24324990,52.21647453,-116.65752602,https://nrs.objectstore.gov.bc.ca/wrfdel/aermod/d02/3211/wrfout_d02_3211_2019.nc
wrfout_d02_3212_2019.nc,3212,d02,2019,322,122,331,131,52.23667431,-117.24324990,52.21647453,-116.65752602,52.59552479,-117.21242522,52.57515049,-116.62180140,https://nrs.objectstore.gov.bc.ca/wrfdel/aermod/d02/3212/wrfout_d02_3212_2019.nc
wrfout_d02_3213_2019.nc,3213,d02,2019,322,132,331,141,52.59552479,-117.21242522,52.57515049,-116.62180140,52.95452499,-117.18109895,52.92809931,-116.59600070,https://nrs.objectstore.gov.bc.ca/wrfdel/aermod/d02/3213/wrfout_d02_3213_2019.nc
wrfout_d02_3214_2019.nc,3214,d02,2019,322,142,331,151,52.95452499,-117.18109895,52.92809931,-116.59600070,53.30769857,-117.15980023,53.27669907,-116.58039860,https://nrs.objectstore.gov.bc.ca/wrfdel/aermod/d02/3214/wrfout_d02_3214_2019.nc
wrfout_d02_3300_2019.nc,3300,d02,2019,332,2,341,11,47.95015144,-117.02935030,47.93040085,-116.49550250,48.28015041,-117.01449967,48.25899982,-116.47857667,https://nrs.objectstore.gov.bc.ca/wrfdel/aermod/d02/3300/wrfout_d02_3300_2019.nc
wrfout_d02_3301_2019.nc,3301,d02,2019,332,12,341,21,48.28015041,-117.01449967,48.25899982,-116.47857667,48.63702488,-116.98455047,48.61569977,-116.44450187,https://nrs.objectstore.gov.bc.ca/wrfdel/aermod/d02/3301/wrfout_d02_3301_2019.nc
wrfout_d02_3302_2019.nc,3302,d02,2019,332,22,341,31,48.63702488,-116.98455047,48.61569977,-116.44450187,48.99415016,-116.95412635,48.97267532,-116.40992545,https://nrs.objectstore.gov.bc.ca/wrfdel/aermod/d02/3302/wrfout_d02_3302_2019.nc
wrfout_d02_3303_2019.nc,3303,d02,2019,332,32,341,41,48.99415016,-116.95412635,48.97267532,-116.40992545,49.35150051,-116.92325020,49.32982445,-116.37477302,https://nrs.objectstore.gov.bc.ca/wrfdel/aermod/d02/3303/wrfout_d02_3303_2019.nc
wrfout_d02_3304_2019.nc,3304,d02,2019,332,42,341,51,49.35150051,-116.92325020,49.32982445,-116.37477302,49.70902538,-116.89187623,49.68717480,-116.33907318,https://nrs.objectstore.gov.bc.ca/wrfdel/aermod/d02/3304/wrfout_d02_3304_2019.nc
wrfout_d02_3305_2019.nc,3305,d02,2019,332,52,341,61,49.70902538,-116.89187623,49.68717480,-116.33907318,50.06680011,-116.86000060,50.04475021,-116.30282400,https://nrs.objectstore.gov.bc.ca/wrfdel/aermod/d02/3305/wrfout_d02_3305_2019.nc
wrfout_d02_3306_2019.nc,3306,d02,2019,332,62,341,71,50.06680011,-116.86000060,50.04475021,-116.30282400,50.42469979,-116.82762335,50.40244961,-116.26594925,https://nrs.objectstore.gov.bc.ca/wrfdel/aermod/d02/3306/wrfout_d02_3306_2019.nc
wrfout_d02_3307_2019.nc,3307,d02,2019,332,72,341,81,50.42469979,-116.82762335,50.40244961,-116.26594925,50.78277588,-116.79469870,50.76035023,-116.22847558,https://nrs.objectstore.gov.bc.ca/wrfdel/aermod/d02/3307/wrfout_d02_3307_2019.nc
wrfout_d02_3308_2019.nc,3308,d02,2019,332,82,341,91,50.78277588,-116.79469870,50.76035023,-116.22847558,51.14099979,-116.76124952,51.11835003,-116.19042778,https://nrs.objectstore.gov.bc.ca/wrfdel/aermod/d02/3308/wrfout_d02_3308_2019.nc
wrfout_d02_3309_2019.nc,3309,d02,2019,332,92,341,101,51.14099979,-116.76124952,51.11835003,-116.19042778,51.49937439,-116.72727582,51.47654915,-116.15175247,https://nrs.objectstore.gov.bc.ca/wrfdel/aermod/d02/3309/wrfout_d02_3309_2019.nc
wrfout_d02_3310_2019.nc,3310,d02,2019,332,102,341,111,51.49937439,-116.72727582,51.47654915,-116.15175247,51.85787582,-116.69270133,51.83485031,-116.11240005,https://nrs.objectstore.gov.bc.ca/wrfdel/aermod/d02/3310/wrfout_d02_3310_2019.nc
wrfout_d02_3311_2019.nc,3311,d02,2019,332,112,341,121,51.85787582,-116.69270133,51.83485031,-116.11240005,52.21647453,-116.65752602,52.19325066,-116.07239912,https://nrs.objectstore.gov.bc.ca/wrfdel/aermod/d02/3311/wrfout_d02_3311_2019.nc
wrfout_d02_3312_2019.nc,3312,d02,2019,332,122,341,131,52.21647453,-116.65752602,52.19325066,-116.07239912,52.57515049,-116.62180140,52.54596710,-116.04223377,https://nrs.objectstore.gov.bc.ca/wrfdel/aermod/d02/3312/wrfout_d02_3312_2019.nc
wrfout_d02_3313_2019.nc,3313,d02,2019,332,132,341,141,52.57515049,-116.62180140,52.54596710,-116.04223377,52.92809931,-116.59600070,52.89429855,-116.02220150,https://nrs.objectstore.gov.bc.ca/wrfdel/aermod/d02/3313/wrfout_d02_3313_2019.nc
wrfout_d02_3400_2019.nc,3400,d02,2019,342,2,351,11,47.93040085,-116.49550250,47.90789985,-115.96215055,48.25899982,-116.47857667,48.23512459,-115.94319915,https://nrs.objectstore.gov.bc.ca/wrfdel/aermod/d02/3400/wrfout_d02_3400_2019.nc
wrfout_d02_3401_2019.nc,3401,d02,2019,342,12,351,21,48.25899982,-116.47857667,48.23512459,-115.94319915,48.61569977,-116.44450187,48.59162426,-115.90502358,https://nrs.objectstore.gov.bc.ca/wrfdel/aermod/d02/3401/wrfout_d02_3401_2019.nc
wrfout_d02_3402_2019.nc,3402,d02,2019,342,22,351,31,48.61569977,-116.44450187,48.59162426,-115.90502358,48.97267532,-116.40992545,48.94842529,-115.86622430,https://nrs.objectstore.gov.bc.ca/wrfdel/aermod/d02/3402/wrfout_d02_3402_2019.nc
wrfout_d02_3403_2019.nc,3403,d02,2019,342,32,351,41,48.97267532,-116.40992545,48.94842529,-115.86622430,49.32982445,-116.37477302,49.30534839,-115.82682420,https://nrs.objectstore.gov.bc.ca/wrfdel/aermod/d02/3403/wrfout_d02_3403_2019.nc
wrfout_d02_3404_2019.nc,3404,d02,2019,342,42,351,51,49.32982445,-116.37477302,49.30534839,-115.82682420,49.68717480,-116.33907318,49.66249943,-115.78682517,https://nrs.objectstore.gov.bc.ca/wrfdel/aermod/d02/3404/wrfout_d02_3404_2019.nc
wrfout_d02_3405_2019.nc,3405,d02,2019,342,52,351,61,49.68717480,-116.33907318,49.66249943,-115.78682517,50.04475021,-116.30282400,50.01982403,-115.74615097,https://nrs.objectstore.gov.bc.ca/wrfdel/aermod/d02/3405/wrfout_d02_3405_2019.nc
wrfout_d02_3406_2019.nc,3406,d02,2019,342,62,351,71,50.04475021,-116.30282400,50.01982403,-115.74615097,50.40244961,-116.26594925,50.37732506,-115.70484925,https://nrs.objectstore.gov.bc.ca/wrfdel/aermod/d02/3406/wrfout_d02_3406_2019.nc
wrfout_d02_3407_2019.nc,3407,d02,2019,342,72,351,81,50.40244961,-116.26594925,50.37732506,-115.70484925,50.76035023,-116.22847558,50.73500061,-115.66289903,https://nrs.objectstore.gov.bc.ca/wrfdel/aermod/d02/3407/wrfout_d02_3407_2019.nc
wrfout_d02_3408_2019.nc,3408,d02,2019,342,82,351,91,50.76035023,-116.22847558,50.73500061,-115.66289903,51.11835003,-116.19042778,51.09280014,-115.62022590,https://nrs.objectstore.gov.bc.ca/wrfdel/aermod/d02/3408/wrfout_d02_3408_2019.nc
wrfout_d02_3409_2019.nc,3409,d02,2019,342,92,351,101,51.11835003,-116.19042778,51.09280014,-115.62022590,51.47654915,-116.15175247,51.45077419,-115.57685088,https://nrs.objectstore.gov.bc.ca/wrfdel/aermod/d02/3409/wrfout_d02_3409_2019.nc
wrfout_d02_3410_2019.nc,3410,d02,2019,342,102,351,111,51.47654915,-116.15175247,51.45077419,-115.57685088,51.83485031,-116.11240005,51.80884933,-115.53277587,https://nrs.objectstore.gov.bc.ca/wrfdel/aermod/d02/3410/wrfout_d02_3410_2019.nc
wrfout_d02_3411_2019.nc,3411,d02,2019,342,112,351,121,51.83485031,-116.11240005,51.80884933,-115.53277587,52.19325066,-116.07239912,52.16130066,-115.49843343,https://nrs.objectstore.gov.bc.ca/wrfdel/aermod/d02/3411/wrfout_d02_3411_2019.nc
wrfout_d02_3412_2019.nc,3412,d02,2019,342,122,351,131,52.19325066,-116.07239912,52.16130066,-115.49843343,52.54596710,-116.04223377,52.50949860,-115.47419740,https://nrs.objectstore.gov.bc.ca/wrfdel/aermod/d02/3412/wrfout_d02_3412_2019.nc
wrfout_d02_3500_2019.nc,3500,d02,2019,352,2,361,11,47.90789985,-115.96215055,47.88274956,-115.42940140,48.23512459,-115.94319915,48.20855045,-115.40840147,https://nrs.objectstore.gov.bc.ca/wrfdel/aermod/d02/3500/wrfout_d02_3500_2019.nc
wrfout_d02_3501_2019.nc,3501,d02,2019,352,12,361,21,48.23512459,-115.94319915,48.20855045,-115.40840147,48.59162426,-115.90502358,48.56479931,-115.36610030,https://nrs.objectstore.gov.bc.ca/wrfdel/aermod/d02/3501/wrfout_d02_3501_2019.nc
wrfout_d02_3502_2019.nc,3502,d02,2019,352,22,361,31,48.59162426,-115.90502358,48.56479931,-115.36610030,48.94842529,-115.86622430,48.92137528,-115.32314873,https://nrs.objectstore.gov.bc.ca/wrfdel/aermod/d02/3502/wrfout_d02_3502_2019.nc
wrfout_d02_3503_2019.nc,3503,d02,2019,352,32,361,41,48.94842529,-115.86622430,48.92137528,-115.32314873,49.30534839,-115.82682420,49.27807427,-115.27952385,https://nrs.objectstore.gov.bc.ca/wrfdel/aermod/d02/3503/wrfout_d02_3503_2019.nc
wrfout_d02_3504_2019.nc,3504,d02,2019,352,42,361,51,49.30534839,-115.82682420,49.27807427,-115.27952385,49.66249943,-115.78682517,49.63497543,-115.23522378,https://nrs.objectstore.gov.bc.ca/wrfdel/aermod/d02/3504/wrfout_d02_3504_2019.nc
wrfout_d02_3505_2019.nc,3505,d02,2019,352,52,361,61,49.66249943,-115.78682517,49.63497543,-115.23522378,50.01982403,-115.74615097,49.99207497,-115.19019890,https://nrs.objectstore.gov.bc.ca/wrfdel/aermod/d02/3505/wrfout_d02_3505_2019.nc
wrfout_d02_3506_2019.nc,3506,d02,2019,352,62,361,71,50.01982403,-115.74615097,49.99207497,-115.19019890,50.37732506,-115.70484925,50.34934997,-115.14444925,https://nrs.objectstore.gov.bc.ca/wrfdel/aermod/d02/3506/wrfout_d02_3506_2019.nc
wrfout_d02_3507_2019.nc,3507,d02,2019,352,72,361,81,50.37732506,-115.70484925,50.34934997,-115.14444925,50.73500061,-115.66289903,50.70677566,-115.09797290,https://nrs.objectstore.gov.bc.ca/wrfdel/aermod/d02/3507/wrfout_d02_3507_2019.nc
wrfout_d02_3508_2019.nc,3508,d02,2019,352,82,361,91,50.73500061,-115.66289903,50.70677566,-115.09797290,51.09280014,-115.62022590,51.06435012,-115.05074692,https://nrs.objectstore.gov.bc.ca/wrfdel/aermod/d02/3508/wrfout_d02_3508_2019.nc
wrfout_d02_3509_2019.nc,3509,d02,2019,352,92,361,101,51.09280014,-115.62022590,51.06435012,-115.05074692,51.45077419,-115.57685088,51.42204952,-115.00274848,https://nrs.objectstore.gov.bc.ca/wrfdel/aermod/d02/3509/wrfout_d02_3509_2019.nc
wrfout_d02_3510_2019.nc,3510,d02,2019,352,102,361,111,51.45077419,-115.57685088,51.42204952,-115.00274848,51.80884933,-115.53277587,51.77419917,-114.96436563,https://nrs.objectstore.gov.bc.ca/wrfdel/aermod/d02/3510/wrfout_d02_3510_2019.nc
wrfout_d02_3511_2019.nc,3511,d02,2019,352,112,361,121,51.80884933,-115.53277587,51.77419917,-114.96436563,52.16130066,-115.49843343,52.12210083,-114.93599700,https://nrs.objectstore.gov.bc.ca/wrfdel/aermod/d02/3511/wrfout_d02_3511_2019.nc
wrfout_d02_3600_2019.nc,3600,d02,2019,362,2,371,11,47.88274956,-115.42940140,47.85490036,-114.89724730,48.20855045,-115.40840147,48.17922497,-114.87424850,https://nrs.objectstore.gov.bc.ca/wrfdel/aermod/d02/3600/wrfout_d02_3600_2019.nc
wrfout_d02_3601_2019.nc,3601,d02,2019,362,12,371,21,48.20855045,-115.40840147,48.17922497,-114.87424850,48.56479931,-115.36610030,48.53522491,-114.82787512,https://nrs.objectstore.gov.bc.ca/wrfdel/aermod/d02/3601/wrfout_d02_3601_2019.nc
wrfout_d02_3602_2019.nc,3602,d02,2019,362,22,371,31,48.56479931,-115.36610030,48.53522491,-114.82787512,48.92137528,-115.32314873,48.89152527,-114.78075025,https://nrs.objectstore.gov.bc.ca/wrfdel/aermod/d02/3602/wrfout_d02_3602_2019.nc
wrfout_d02_3603_2019.nc,3603,d02,2019,362,32,371,41,48.92137528,-115.32314873,48.89152527,-114.78075025,49.27807427,-115.27952385,49.24800015,-114.73290060,https://nrs.objectstore.gov.bc.ca/wrfdel/aermod/d02/3603/wrfout_d02_3603_2019.nc
wrfout_d02_3604_2019.nc,3604,d02,2019,362,42,371,51,49.27807427,-115.27952385,49.24800015,-114.73290060,49.63497543,-115.23522378,49.60462475,-114.68430137,https://nrs.objectstore.gov.bc.ca/wrfdel/aermod/d02/3604/wrfout_d02_3604_2019.nc
wrfout_d02_3605_2019.nc,3605,d02,2019,362,52,371,61,49.63497543,-115.23522378,49.60462475,-114.68430137,49.99207497,-115.19019890,49.96150112,-114.63495065,https://nrs.objectstore.gov.bc.ca/wrfdel/aermod/d02/3605/wrfout_d02_3605_2019.nc
wrfout_d02_3606_2019.nc,3606,d02,2019,362,62,371,71,49.99207497,-115.19019890,49.96150112,-114.63495065,50.34934997,-115.14444925,50.31849956,-114.58479883,https://nrs.objectstore.gov.bc.ca/wrfdel/aermod/d02/3606/wrfout_d02_3606_2019.nc
wrfout_d02_3607_2019.nc,3607,d02,2019,362,72,371,81,50.34934997,-115.14444925,50.31849956,-114.58479883,50.70677566,-115.09797290,50.67565060,-114.53379822,https://nrs.objectstore.gov.bc.ca/wrfdel/aermod/d02/3607/wrfout_d02_3607_2019.nc
wrfout_d02_3608_2019.nc,3608,d02,2019,362,82,371,91,50.70677566,-115.09797290,50.67565060,-114.53379822,51.06435012,-115.05074692,51.03297520,-114.48200035,https://nrs.objectstore.gov.bc.ca/wrfdel/aermod/d02/3608/wrfout_d02_3608_2019.nc
wrfout_d02_3609_2019.nc,3609,d02,2019,362,92,371,101,51.06435012,-115.05074692,51.03297520,-114.48200035,51.42204952,-115.00274848,51.38476690,-114.43976847,https://nrs.objectstore.gov.bc.ca/wrfdel/aermod/d02/3609/wrfout_d02_3609_2019.nc
wrfout_d02_3610_2019.nc,3610,d02,2019,362,102,371,111,51.42204952,-115.00274848,51.38476690,-114.43976847,51.77419917,-114.96436563,51.73239899,-114.40750120,https://nrs.objectstore.gov.bc.ca/wrfdel/aermod/d02/3610/wrfout_d02_3610_2019.nc
wrfout_d02_3700_2019.nc,3700,d02,2019,372,2,381,11,47.85490036,-114.89724730,47.82430077,-114.36580275,48.17922497,-114.87424850,48.14714909,-114.34077643,https://nrs.objectstore.gov.bc.ca/wrfdel/aermod/d02/3700/wrfout_d02_3700_2019.nc
wrfout_d02_3701_2019.nc,3701,d02,2019,372,12,381,21,48.17922497,-114.87424850,48.14714909,-114.34077643,48.53522491,-114.82787512,48.50292492,-114.29032515,https://nrs.objectstore.gov.bc.ca/wrfdel/aermod/d02/3701/wrfout_d02_3701_2019.nc
wrfout_d02_3702_2019.nc,3702,d02,2019,372,22,381,31,48.53522491,-114.82787512,48.50292492,-114.29032515,48.89152527,-114.78075025,48.85890007,-114.23907662,https://nrs.objectstore.gov.bc.ca/wrfdel/aermod/d02/3702/wrfout_d02_3702_2019.nc
wrfout_d02_3703_2019.nc,3703,d02,2019,372,32,381,41,48.89152527,-114.78075025,48.85890007,-114.23907662,49.24800015,-114.73290060,49.21512509,-114.18702700,https://nrs.objectstore.gov.bc.ca/wrfdel/aermod/d02/3703/wrfout_d02_3703_2019.nc
wrfout_d02_3704_2019.nc,3704,d02,2019,372,42,381,51,49.24800015,-114.73290060,49.21512509,-114.18702700,49.60462475,-114.68430137,49.57147408,-114.13417627,https://nrs.objectstore.gov.bc.ca/wrfdel/aermod/d02/3704/wrfout_d02_3704_2019.nc
wrfout_d02_3705_2019.nc,3705,d02,2019,372,52,381,61,49.60462475,-114.68430137,49.57147408,-114.13417627,49.96150112,-114.63495065,49.92807579,-114.08050157,https://nrs.objectstore.gov.bc.ca/wrfdel/aermod/d02/3705/wrfout_d02_3705_2019.nc
wrfout_d02_3706_2019.nc,3706,d02,2019,372,62,381,71,49.96150112,-114.63495065,49.92807579,-114.08050157,50.31849956,-114.58479883,50.28477382,-114.02592660,https://nrs.objectstore.gov.bc.ca/wrfdel/aermod/d02/3706/wrfout_d02_3706_2019.nc
wrfout_d02_3707_2019.nc,3707,d02,2019,372,72,381,81,50.31849956,-114.58479883,50.28477382,-114.02592660,50.67565060,-114.53379822,50.64165116,-113.97044945,https://nrs.objectstore.gov.bc.ca/wrfdel/aermod/d02/3707/wrfout_d02_3707_2019.nc
wrfout_d02_3708_2019.nc,3708,d02,2019,372,82,381,91,50.67565060,-114.53379822,50.64165116,-113.97044945,51.03297520,-114.48200035,50.99310048,-113.92449697,https://nrs.objectstore.gov.bc.ca/wrfdel/aermod/d02/3708/wrfout_d02_3708_2019.nc
wrfout_d02_3709_2019.nc,3709,d02,2019,372,92,381,101,51.03297520,-114.48200035,50.99310048,-113.92449697,51.38476690,-114.43976847,51.34040070,-113.88849640,https://nrs.objectstore.gov.bc.ca/wrfdel/aermod/d02/3709/wrfout_d02_3709_2019.nc
wrfout_d02_3800_2019.nc,3800,d02,2019,382,2,391,11,47.82430077,-114.36580275,47.80830002,-113.83750150,48.14714909,-114.34077643,48.13044929,-113.81035230,https://nrs.objectstore.gov.bc.ca/wrfdel/aermod/d02/3800/wrfout_d02_3800_2019.nc
wrfout_d02_3801_2019.nc,3801,d02,2019,382,12,391,21,48.14714909,-114.34077643,48.13044929,-113.81035230,48.50292492,-114.29032515,48.48609924,-113.75565335,https://nrs.objectstore.gov.bc.ca/wrfdel/aermod/d02/3801/wrfout_d02_3801_2019.nc
wrfout_d02_3802_2019.nc,3802,d02,2019,382,22,391,31,48.50292492,-114.29032515,48.48609924,-113.75565335,48.85890007,-114.23907662,48.84189987,-113.70015335,https://nrs.objectstore.gov.bc.ca/wrfdel/aermod/d02/3802/wrfout_d02_3802_2019.nc
wrfout_d02_3803_2019.nc,3803,d02,2019,382,32,391,41,48.85890007,-114.23907662,48.84189987,-113.70015335,49.21512509,-114.18702700,49.19799996,-113.64375305,https://nrs.objectstore.gov.bc.ca/wrfdel/aermod/d02/3803/wrfout_d02_3803_2019.nc
wrfout_d02_3804_2019.nc,3804,d02,2019,382,42,391,51,49.21512509,-114.18702700,49.19799996,-113.64375305,49.57147408,-114.13417627,49.55419922,-113.58645245,https://nrs.objectstore.gov.bc.ca/wrfdel/aermod/d02/3804/wrfout_d02_3804_2019.nc
wrfout_d02_3805_2019.nc,3805,d02,2019,382,52,391,61,49.57147408,-114.13417627,49.55419922,-113.58645245,49.92807579,-114.08050157,49.91065026,-113.52825165,https://nrs.objectstore.gov.bc.ca/wrfdel/aermod/d02/3805/wrfout_d02_3805_2019.nc
wrfout_d02_3806_2019.nc,3806,d02,2019,382,62,391,71,49.92807579,-114.08050157,49.91065026,-113.52825165,50.28477382,-114.02592660,50.26719856,-113.46910095,https://nrs.objectstore.gov.bc.ca/wrfdel/aermod/d02/3806/wrfout_d02_3806_2019.nc
wrfout_d02_3807_2019.nc,3807,d02,2019,382,72,391,81,50.28477382,-114.02592660,50.26719856,-113.46910095,50.64165116,-113.97044945,50.62395096,-113.40900040,https://nrs.objectstore.gov.bc.ca/wrfdel/aermod/d02/3807/wrfout_d02_3807_2019.nc
wrfout_d02_3808_2019.nc,3808,d02,2019,382,82,391,91,50.64165116,-113.97044945,50.62395096,-113.40900040,50.99310048,-113.92449697,50.94620132,-113.37870030,https://nrs.objectstore.gov.bc.ca/wrfdel/aermod/d02/3808/wrfout_d02_3808_2019.nc