filename,tile,domain,year,I0,J0,I1,J1,lat0,lon0,lat1,lon1,url
wrfout_d02_0026_2019.nc,26,d02,2019,2,262,11,271,56.61759949,-137.2774048,56.22669983,-137.7082062,https://nrs.objectstore.gov.bc.ca/wrfdel/aermod/d02/0026/wrfout_d02_0026_2019.nc
wrfout_d02_0027_2019.nc,27,d02,2019,2,272,11,281,56.96720123,-137.4309998,56.57590103,-137.8641968,https://nrs.objectstore.gov.bc.ca/wrfdel/aermod/d02/0027/wrfout_d02_0027_2019.nc
wrfout_d02_0028_2019.nc,28,d02,2019,2,282,11,291,57.31669998,-137.5872955,56.92480087,-138.0229034,https://nrs.objectstore.gov.bc.ca/wrfdel/aermod/d02/0028/wrfout_d02_0028_2019.nc
wrfout_d02_0029_2019.nc,29,d02,2019,2,292,11,301,57.66579819,-137.7465973,57.27349854,-138.1846008,https://nrs.objectstore.gov.bc.ca/wrfdel/aermod/d02/0029/wrfout_d02_0029_2019.nc
wrfout_d02_0030_2019.nc,30,d02,2019,2,302,11,311,58.01459885,-137.9089966,57.62189865,-138.3493042,https://nrs.objectstore.gov.bc.ca/wrfdel/aermod/d02/0030/wrfout_d02_0030_2019.nc
wrfout_d02_0031_2019.nc,31,d02,2019,2,312,11,321,58.36320114,-138.0744019,57.97000122,-138.5171051,https://nrs.objectstore.gov.bc.ca/wrfdel/aermod/d02/0031/wrfout_d02_0031_2019.nc
wrfout_d02_0032_2019.nc,32,d02,2019,2,322,11,331,58.71139908,-138.2429047,58.31779861,-138.6880035,https://nrs.objectstore.gov.bc.ca/wrfdel/aermod/d02/0032/wrfout_d02_0032_2019.nc
wrfout_d02_0033_2019.nc,33,d02,2019,2,332,11,341,59.05920029,-138.4147949,58.66519928,-138.8623047,https://nrs.objectstore.gov.bc.ca/wrfdel/aermod/d02/0033/wrfout_d02_0033_2019.nc
wrfout_d02_0034_2019.nc,34,d02,2019,2,342,11,351,59.40670013,-138.5899963,59.0121994,-139.0399017,https://nrs.objectstore.gov.bc.ca/wrfdel/aermod/d02/0034/wrfout_d02_0034_2019.nc
wrfout_d02_0035_2019.nc,35,d02,2019,2,352,11,361,59.75370026,-138.7686005,59.35889816,-139.220993,https://nrs.objectstore.gov.bc.ca/wrfdel/aermod/d02/0035/wrfout_d02_0035_2019.nc
wrfout_d02_0036_2019.nc,36,d02,2019,2,362,11,371,60.10039902,-138.9508972,59.7052002,-139.4055939,https://nrs.objectstore.gov.bc.ca/wrfdel/aermod/d02/0036/wrfout_d02_0036_2019.nc
wrfout_d02_0037_2019.nc,37,d02,2019,2,372,11,373,60.16970062,-138.987793,60.05099869,-139.5939026,https://nrs.objectstore.gov.bc.ca/wrfdel/aermod/d02/0037/wrfout_d02_0037_2019.nc
wrfout_d02_0123_2019.nc,123,d02,2019,12,232,21,241,55.64720154,-136.2120972,55.25979996,-136.6428986,https://nrs.objectstore.gov.bc.ca/wrfdel/aermod/d02/0123/wrfout_d02_0123_2019.nc
wrfout_d02_0124_2019.nc,124,d02,2019,12,242,21,251,55.99819946,-136.3522949,55.61040115,-136.7855072,https://nrs.objectstore.gov.bc.ca/wrfdel/aermod/d02/0124/wrfout_d02_0124_2019.nc
wrfout_d02_0125_2019.nc,125,d02,2019,12,252,21,261,56.34899902,-136.4949951,55.96080017,-136.9306946,https://nrs.objectstore.gov.bc.ca/wrfdel/aermod/d02/0125/wrfout_d02_0125_2019.nc
wrfout_d02_0126_2019.nc,126,d02,2019,12,262,21,271,56.6996994,-136.6403046,56.31100082,-137.0785065,https://nrs.objectstore.gov.bc.ca/wrfdel/aermod/d02/0126/wrfout_d02_0126_2019.nc
wrfout_d02_0127_2019.nc,127,d02,2019,12,272,21,281,57.05009842,-136.7882996,56.66090012,-137.2290039,https://nrs.objectstore.gov.bc.ca/wrfdel/aermod/d02/0127/wrfout_d02_0127_2019.nc
wrfout_d02_0128_2019.nc,128,d02,2019,12,282,21,291,57.40029907,-136.9391022,57.01060104,-137.3822937,https://nrs.objectstore.gov.bc.ca/wrfdel/aermod/d02/0128/wrfout_d02_0128_2019.nc
wrfout_d02_0129_2019.nc,129,d02,2019,12,292,21,301,57.75019836,-137.0926056,57.36009979,-137.5384064,https://nrs.objectstore.gov.bc.ca/wrfdel/aermod/d02/0129/wrfout_d02_0129_2019.nc
wrfout_d02_0130_2019.nc,130,d02,2019,12,302,21,311,58.09980011,-137.2492065,57.70930099,-137.697403,https://nrs.objectstore.gov.bc.ca/wrfdel/aermod/d02/0130/wrfout_d02_0130_2019.nc
wrfout_d02_0131_2019.nc,131,d02,2019,12,312,21,321,58.44910049,-137.4085999,58.05820084,-137.8594055,https://nrs.objectstore.gov.bc.ca/wrfdel/aermod/d02/0131/wrfout_d02_0131_2019.nc
wrfout_d02_0132_2019.nc,132,d02,2019,12,322,21,331,58.79809952,-137.5711975,58.40670013,-138.0245972,https://nrs.objectstore.gov.bc.ca/wrfdel/aermod/d02/0132/wrfout_d02_0132_2019.nc
wrfout_d02_0133_2019.nc,133,d02,2019,12,332,21,341,59.14670181,-137.7368927,58.75500107,-138.1929016,https://nrs.objectstore.gov.bc.ca/wrfdel/aermod/d02/0133/wrfout_d02_0133_2019.nc
wrfout_d02_0134_2019.nc,134,d02,2019,12,342,21,351,59.49499893,-137.905899,59.10290146,-138.3643951,https://nrs.objectstore.gov.bc.ca/wrfdel/aermod/d02/0134/wrfout_d02_0134_2019.nc
wrfout_d02_0135_2019.nc,135,d02,2019,12,352,21,361,59.84289932,-138.0782928,59.45040131,-138.5393982,https://nrs.objectstore.gov.bc.ca/wrfdel/aermod/d02/0135/wrfout_d02_0135_2019.nc
wrfout_d02_0136_2019.nc,136,d02,2019,12,362,21,371,60.19039917,-138.2541046,59.79750061,-138.717804,https://nrs.objectstore.gov.bc.ca/wrfdel/aermod/d02/0136/wrfout_d02_0136_2019.nc
wrfout_d02_0137_2019.nc,137,d02,2019,12,372,21,373,60.25989914,-138.2895966,60.14419937,-138.899704,https://nrs.objectstore.gov.bc.ca/wrfdel/aermod/d02/0137/wrfout_d02_0137_2019.nc
wrfout_d02_0216_2019.nc,216,d02,2019,22,162,31,171,53.2582016,-134.7086029,52.87649918,-135.1286926,https://nrs.objectstore.gov.bc.ca/wrfdel/aermod/d02/0216/wrfout_d02_0216_2019.nc
wrfout_d02_0217_2019.nc,217,d02,2019,22,172,31,181,53.6108017,-134.8278961,53.22850037,-135.2505035,https://nrs.objectstore.gov.bc.ca/wrfdel/aermod/d02/0217/wrfout_d02_0217_2019.nc
wrfout_d02_0218_2019.nc,218,d02,2019,22,182,31,191,53.96319962,-134.949295,53.58050156,-135.3742981,https://nrs.objectstore.gov.bc.ca/wrfdel/aermod/d02/0218/wrfout_d02_0218_2019.nc
wrfout_d02_0219_2019.nc,219,d02,2019,22,192,31,201,54.31560135,-135.0726929,53.93239975,-135.5001984,https://nrs.objectstore.gov.bc.ca/wrfdel/aermod/d02/0219/wrfout_d02_0219_2019.nc
wrfout_d02_0220_2019.nc,220,d02,2019,22,202,31,211,54.66790009,-135.1983032,54.28419876,-135.6284027,https://nrs.objectstore.gov.bc.ca/wrfdel/aermod/d02/0220/wrfout_d02_0220_2019.nc
wrfout_d02_0221_2019.nc,221,d02,2019,22,212,31,221,55.02009964,-135.3262024,54.63579941,-135.7586975,https://nrs.objectstore.gov.bc.ca/wrfdel/aermod/d02/0221/wrfout_d02_0221_2019.nc
wrfout_d02_0222_2019.nc,222,d02,2019,22,222,31,231,55.37210083,-135.4562073,54.98740005,-135.8914032,https://nrs.objectstore.gov.bc.ca/wrfdel/aermod/d02/0222/wrfout_d02_0222_2019.nc
wrfout_d02_0223_2019.nc,223,d02,2019,22,232,31,241,55.72399902,-135.5886993,55.33879852,-136.0263977,https://nrs.objectstore.gov.bc.ca/wrfdel/aermod/d02/0223/wrfout_d02_0223_2019.nc
wrfout_d02_0224_2019.nc,224,d02,2019,22,242,31,251,56.07569885,-135.7234955,55.69010162,-136.1638031,https://nrs.objectstore.gov.bc.ca/wrfdel/aermod/d02/0224/wrfout_d02_0224_2019.nc
wrfout_d02_0225_2019.nc,225,d02,2019,22,252,31,261,56.42720032,-135.8607941,56.04119873,-136.3036041,https://nrs.objectstore.gov.bc.ca/wrfdel/aermod/d02/0225/wrfout_d02_0225_2019.nc
wrfout_d02_0226_2019.nc,226,d02,2019,22,262,31,271,56.77859879,-136.0005951,56.39210129,-136.446106,https://nrs.objectstore.gov.bc.ca/wrfdel/aermod/d02/0226/wrfout_d02_0226_2019.nc
wrfout_d02_0227_2019.nc,227,d02,2019,22,272,31,281,57.12969971,-136.1428986,56.74280167,-136.591095,https://nrs.objectstore.gov.bc.ca/wrfdel/aermod/d02/0227/wrfout_d02_0227_2019.nc
wrfout_d02_0228_2019.nc,228,d02,2019,22,282,31,291,57.48059845,-136.2879944,57.09320068,-136.7388,https://nrs.objectstore.gov.bc.ca/wrfdel/aermod/d02/0228/wrfout_d02_0228_2019.nc
wrfout_d02_0229_2019.nc,229,d02,2019,22,292,31,301,57.83119965,-136.4358063,57.44340134,-136.8892059,https://nrs.objectstore.gov.bc.ca/wrfdel/aermod/d02/0229/wrfout_d02_0229_2019.nc
wrfout_d02_0230_2019.nc,230,d02,2019,22,302,31,311,58.18159866,-136.5863953,57.79339981,-137.0426025,https://nrs.objectstore.gov.bc.ca/wrfdel/aermod/d02/0230/wrfout_d02_0230_2019.nc
wrfout_d02_0231_2019.nc,231,d02,2019,22,312,31,321,58.53170013,-136.7398071,58.14310074,-137.1988068,https://nrs.objectstore.gov.bc.ca/wrfdel/aermod/d02/0231/wrfout_d02_0231_2019.nc
wrfout_d02_0232_2019.nc,232,d02,2019,22,322,31,331,58.88140106,-136.8963013,58.49240112,-137.3580017,https://nrs.objectstore.gov.bc.ca/wrfdel/aermod/d02/0232/wrfout_d02_0232_2019.nc
wrfout_d02_0233_2019.nc,233,d02,2019,22,332,31,341,59.23080063,-137.0558014,58.84140015,-137.5202026,https://nrs.objectstore.gov.bc.ca/wrfdel/aermod/d02/0233/wrfout_d02_0233_2019.nc
wrfout_d02_0234_2019.nc,234,d02,2019,22,342,31,351,59.57989883,-137.2185059,59.19010162,-137.6855927,https://nrs.objectstore.gov.bc.ca/wrfdel/aermod/d02/0234/wrfout_d02_0234_2019.nc
wrfout_d02_0235_2019.nc,235,d02,2019,22,352,31,361,59.92860031,-137.3843994,59.53850174,-137.8544006,https://nrs.objectstore.gov.bc.ca/wrfdel/aermod/d02/0235/wrfout_d02_0235_2019.nc
wrfout_d02_0236_2019.nc,236,d02,2019,22,362,31,371,60.27690125,-137.5536957,59.88639832,-138.0263977,https://nrs.objectstore.gov.bc.ca/wrfdel/aermod/d02/0236/wrfout_d02_0236_2019.nc
wrfout_d02_0237_2019.nc,237,d02,2019,22,372,31,373,60.3465004,-137.5879974,60.23389816,-138.2019043,https://nrs.objectstore.gov.bc.ca/wrfdel/aermod/d02/0237/wrfout_d02_0237_2019.nc
wrfout_d02_0314_2019.nc,314,d02,2019,32,142,41,151,52.62110138,-133.8950043,52.24250031,-134.3161011,https://nrs.objectstore.gov.bc.ca/wrfdel/aermod/d02/0314/wrfout_d02_0314_2019.nc
wrfout_d02_0315_2019.nc,315,d02,2019,32,152,41,161,52.97430038,-134.0057068,52.59519958,-134.429306,https://nrs.objectstore.gov.bc.ca/wrfdel/aermod/d02/0315/wrfout_d02_0315_2019.nc
wrfout_d02_0316_2019.nc,316,d02,2019,32,162,41,171,53.32749939,-134.1181946,52.94789886,-134.5444031,https://nrs.objectstore.gov.bc.ca/wrfdel/aermod/d02/0316/wrfout_d02_0316_2019.nc
wrfout_d02_0317_2019.nc,317,d02,2019,32,172,41,181,53.68059921,-134.2326965,53.30049896,-134.6614075,https://nrs.objectstore.gov.bc.ca/wrfdel/aermod/d02/0317/wrfout_d02_0317_2019.nc
wrfout_d02_0318_2019.nc,318,d02,2019,32,182,41,191,54.03369904,-134.3491974,53.65309906,-134.7805023,https://nrs.objectstore.gov.bc.ca/wrfdel/aermod/d02/0318/wrfout_d02_0318_2019.nc
wrfout_d02_0319_2019.nc,319,d02,2019,32,192,41,201,54.38669968,-134.4676056,54.00559998,-134.9015961,https://nrs.objectstore.gov.bc.ca/wrfdel/aermod/d02/0319/wrfout_d02_0319_2019.nc
wrfout_d02_0320_2019.nc,320,d02,2019,32,202,41,211,54.73960114,-134.5881958,54.35810089,-135.024704,https://nrs.objectstore.gov.bc.ca/wrfdel/aermod/d02/0320/wrfout_d02_0320_2019.nc
wrfout_d02_0321_2019.nc,321,d02,2019,32,212,41,221,55.0923996,-134.7108002,54.71039963,-135.1499939,https://nrs.objectstore.gov.bc.ca/wrfdel/aermod/d02/0321/wrfout_d02_0321_2019.nc
wrfout_d02_0322_2019.nc,322,d02,2019,32,222,41,231,55.44509888,-134.8356934,55.06259918,-135.2776031,https://nrs.objectstore.gov.bc.ca/wrfdel/aermod/d02/0322/wrfout_d02_0322_2019.nc
wrfout_d02_0323_2019.nc,323,d02,2019,32,232,41,241,55.79759979,-134.9627991,55.41469955,-135.4073944,https://nrs.objectstore.gov.bc.ca/wrfdel/aermod/d02/0323/wrfout_d02_0323_2019.nc
wrfout_d02_0324_2019.nc,324,d02,2019,32,242,41,251,56.15000153,-135.0921936,55.76670074,-135.539505,https://nrs.objectstore.gov.bc.ca/wrfdel/aermod/d02/0324/wrfout_d02_0324_2019.nc
wrfout_d02_0325_2019.nc,325,d02,2019,32,252,41,261,56.50220108,-135.223999,56.11849976,-135.673996,https://nrs.objectstore.gov.bc.ca/wrfdel/aermod/d02/0325/wrfout_d02_0325_2019.nc
wrfout_d02_0326_2019.nc,326,d02,2019,32,262,41,271,56.85430145,-135.3582001,56.47000122,-135.8110046,https://nrs.objectstore.gov.bc.ca/wrfdel/aermod/d02/0326/wrfout_d02_0326_2019.nc
wrfout_d02_0327_2019.nc,327,d02,2019,32,272,41,281,57.20610046,-135.4949036,56.82139969,-135.9505005,https://nrs.objectstore.gov.bc.ca/wrfdel/aermod/d02/0327/wrfout_d02_0327_2019.nc
wrfout_d02_0328_2019.nc,328,d02,2019,32,282,41,291,57.55770111,-135.634201,57.17259979,-136.0926056,https://nrs.objectstore.gov.bc.ca/wrfdel/aermod/d02/0328/wrfout_d02_0328_2019.nc
wrfout_d02_0329_2019.nc,329,d02,2019,32,292,41,301,57.9090004,-135.776001,57.52349854,-136.2373047,https://nrs.objectstore.gov.bc.ca/wrfdel/aermod/d02/0329/wrfout_d02_0329_2019.nc
wrfout_d02_0330_2019.nc,330,d02,2019,32,302,41,311,58.26010132,-135.9207001,57.87419891,-136.3847961,https://nrs.objectstore.gov.bc.ca/wrfdel/aermod/d02/0330/wrfout_d02_0330_2019.nc
wrfout_d02_0331_2019.nc,331,d02,2019,32,312,41,321,58.61090088,-136.0681,58.22460175,-136.5350952,https://nrs.objectstore.gov.bc.ca/wrfdel/aermod/d02/0331/wrfout_d02_0331_2019.nc
wrfout_d02_0332_2019.nc,332,d02,2019,32,322,41,331,58.96139908,-136.218399,58.5746994,-136.6882019,https://nrs.objectstore.gov.bc.ca/wrfdel/aermod/d02/0332/wrfout_d02_0332_2019.nc
wrfout_d02_0333_2019.nc,333,d02,2019,32,332,41,341,59.31150055,-136.3715973,58.92449951,-136.8444061,https://nrs.objectstore.gov.bc.ca/wrfdel/aermod/d02/0333/wrfout_d02_0333_2019.nc
wrfout_d02_0334_2019.nc,334,d02,2019,32,342,41,351,59.66139984,-136.5278931,59.27399826,-137.0036011,https://nrs.objectstore.gov.bc.ca/wrfdel/aermod/d02/0334/wrfout_d02_0334_2019.nc
wrfout_d02_0335_2019.nc,335,d02,2019,32,352,41,361,60.01079941,-136.6873016,59.62310028,-137.1660004,https://nrs.objectstore.gov.bc.ca/wrfdel/aermod/d02/0335/wrfout_d02_0335_2019.nc
wrfout_d02_0336_2019.nc,336,d02,2019,32,362,41,371,60.35990143,-136.8498993,59.97180176,-137.331604,https://nrs.objectstore.gov.bc.ca/wrfdel/aermod/d02/0336/wrfout_d02_0336_2019.nc
wrfout_d02_0337_2019.nc,337,d02,2019,32,372,41,373,60.42969894,-136.8827972,60.32020187,-137.5005035,https://nrs.objectstore.gov.bc.ca/wrfdel/aermod/d02/0337/wrfout_d02_0337_2019.nc
wrfout_d02_0412_2019.nc,412,d02,2019,42,122,51,131,51.97869873,-133.1056976,51.60329819,-133.5274048,https://nrs.objectstore.gov.bc.ca/wrfdel/aermod/d02/0412/wrfout_d02_0412_2019.nc
wrfout_d02_0413_2019.nc,413,d02,2019,42,132,51,141,52.33250046,-133.2080994,51.95660019,-133.6324005,https://nrs.objectstore.gov.bc.ca/wrfdel/aermod/d02/0413/wrfout_d02_0413_2019.nc
wrfout_d02_0414_2019.nc,414,d02,2019,42,142,51,151,52.68629837,-133.3123016,52.30979919,-133.7391968,https://nrs.objectstore.gov.bc.ca/wrfdel/aermod/d02/0414/wrfout_d02_0414_2019.nc
wrfout_d02_0415_2019.nc,415,d02,2019,42,152,51,161,53.04000092,-133.4181976,52.6631012,-133.8477936,https://nrs.objectstore.gov.bc.ca/wrfdel/aermod/d02/0415/wrfout_d02_0415_2019.nc
wrfout_d02_0416_2019.nc,416,d02,2019,42,162,51,171,53.39379883,-133.526001,53.01639938,-133.9582062,https://nrs.objectstore.gov.bc.ca/wrfdel/aermod/d02/0416/wrfout_d02_0416_2019.nc
wrfout_d02_0417_2019.nc,417,d02,2019,42,172,51,181,53.74750137,-133.6356049,53.36959839,-134.0704041,https://nrs.objectstore.gov.bc.ca/wrfdel/aermod/d02/0417/wrfout_d02_0417_2019.nc
wrfout_d02_0418_2019.nc,418,d02,2019,42,182,51,191,54.1012001,-133.746994,53.72280121,-134.1846008,https://nrs.objectstore.gov.bc.ca/wrfdel/aermod/d02/0418/wrfout_d02_0418_2019.nc
wrfout_d02_0419_2019.nc,419,d02,2019,42,192,51,201,54.45479965,-133.8605042,54.07590103,-134.3007965,https://nrs.objectstore.gov.bc.ca/wrfdel/aermod/d02/0419/wrfout_d02_0419_2019.nc
wrfout_d02_0420_2019.nc,420,d02,2019,42,202,51,211,54.80830002,-133.9759064,54.42900085,-134.4188995,https://nrs.objectstore.gov.bc.ca/wrfdel/aermod/d02/0420/wrfout_d02_0420_2019.nc
wrfout_d02_0421_2019.nc,421,d02,2019,42,212,51,221,55.1617012,-134.093399,54.7818985,-134.5391998,https://nrs.objectstore.gov.bc.ca/wrfdel/aermod/d02/0421/wrfout_d02_0421_2019.nc
wrfout_d02_0422_2019.nc,422,d02,2019,42,222,51,231,55.51499939,-134.2129059,55.13479996,-134.661499,https://nrs.objectstore.gov.bc.ca/wrfdel/aermod/d02/0422/wrfout_d02_0422_2019.nc
wrfout_d02_0423_2019.nc,423,d02,2019,42,232,51,241,55.86819839,-134.3345947,55.48749924,-134.7861023,https://nrs.objectstore.gov.bc.ca/wrfdel/aermod/d02/0423/wrfout_d02_0423_2019.nc
wrfout_d02_0424_2019.nc,424,d02,2019,42,242,51,251,56.22119904,-134.4586029,55.84009933,-134.9129028,https://nrs.objectstore.gov.bc.ca/wrfdel/aermod/d02/0424/wrfout_d02_0424_2019.nc
wrfout_d02_0425_2019.nc,425,d02,2019,42,252,51,261,56.57400131,-134.5847931,56.19250107,-135.0420074,https://nrs.objectstore.gov.bc.ca/wrfdel/aermod/d02/0425/wrfout_d02_0425_2019.nc
wrfout_d02_0426_2019.nc,426,d02,2019,42,262,51,271,56.92670059,-134.7133026,56.5447998,-135.1734009,https://nrs.objectstore.gov.bc.ca/wrfdel/aermod/d02/0426/wrfout_d02_0426_2019.nc
wrfout_d02_0427_2019.nc,427,d02,2019,42,272,51,281,57.27920151,-134.8442993,56.89690018,-135.3072968,https://nrs.objectstore.gov.bc.ca/wrfdel/aermod/d02/0427/wrfout_d02_0427_2019.nc
wrfout_d02_0428_2019.nc,428,d02,2019,42,282,51,291,57.63140106,-134.9777069,57.24869919,-135.4436951,https://nrs.objectstore.gov.bc.ca/wrfdel/aermod/d02/0428/wrfout_d02_0428_2019.nc
wrfout_d02_0429_2019.nc,429,d02,2019,42,292,51,301,57.98339844,-135.1136017,57.60029984,-135.5825958,https://nrs.objectstore.gov.bc.ca/wrfdel/aermod/d02/0429/wrfout_d02_0429_2019.nc
wrfout_d02_0430_2019.nc,430,d02,2019,42,302,51,311,58.33520126,-135.2521973,57.9516983,-135.7241974,https://nrs.objectstore.gov.bc.ca/wrfdel/aermod/d02/0430/wrfout_d02_0430_2019.nc
wrfout_d02_0431_2019.nc,431,d02,2019,42,312,51,321,58.68669891,-135.3934021,58.30279922,-135.8684998,https://nrs.objectstore.gov.bc.ca/wrfdel/aermod/d02/0431/wrfout_d02_0431_2019.nc
wrfout_d02_0432_2019.nc,432,d02,2019,42,322,51,331,59.03789902,-135.5373993,58.65370178,-136.0155945,https://nrs.objectstore.gov.bc.ca/wrfdel/aermod/d02/0432/wrfout_d02_0432_2019.nc
wrfout_d02_0433_2019.nc,433,d02,2019,42,332,51,341,59.38880157,-135.6842957,59.00419998,-136.1654968,https://nrs.objectstore.gov.bc.ca/wrfdel/aermod/d02/0433/wrfout_d02_0433_2019.nc
wrfout_d02_0434_2019.nc,434,d02,2019,42,342,51,351,59.73929977,-135.8341064,59.35440063,-136.3184052,https://nrs.objectstore.gov.bc.ca/wrfdel/aermod/d02/0434/wrfout_d02_0434_2019.nc
wrfout_d02_0435_2019.nc,435,d02,2019,42,352,51,361,60.08950043,-135.9868927,59.70429993,-136.4743958,https://nrs.objectstore.gov.bc.ca/wrfdel/aermod/d02/0435/wrfout_d02_0435_2019.nc
wrfout_d02_0436_2019.nc,436,d02,2019,42,362,51,371,60.43939972,-136.142807,60.05379868,-136.6334076,https://nrs.objectstore.gov.bc.ca/wrfdel/aermod/d02/0436/wrfout_d02_0436_2019.nc
wrfout_d02_0437_2019.nc,437,d02,2019,42,372,51,373,60.50930023,-136.1743011,60.4029007,-136.7957001,https://nrs.objectstore.gov.bc.ca/wrfdel/aermod/d02/0437/wrfout_d02_0437_2019.nc
wrfout_d02_0509_2019.nc,509,d02,2019,52,92,61,101,50.97729874,-132.2465057,50.60549927,-132.6658936,https://nrs.objectstore.gov.bc.ca/wrfdel/aermod/d02/0509/wrfout_d02_0509_2019.nc
wrfout_d02_0510_2019.nc,510,d02,2019,52,102,61,111,51.33140182,-132.3395996,50.95909882,-132.7617035,https://nrs.objectstore.gov.bc.ca/wrfdel/aermod/d02/0510/wrfout_d02_0510_2019.nc
wrfout_d02_0511_2019.nc,511,d02,2019,52,112,61,121,51.68560028,-132.4342957,51.31280136,-132.8589935,https://nrs.objectstore.gov.bc.ca/wrfdel/aermod/d02/0511/wrfout_d02_0511_2019.nc
wrfout_d02_0512_2019.nc,512,d02,2019,52,122,61,131,52.03990173,-132.5305023,51.66659927,-132.9577942,https://nrs.objectstore.gov.bc.ca/wrfdel/aermod/d02/0512/wrfout_d02_0512_2019.nc
wrfout_d02_0513_2019.nc,513,d02,2019,52,132,61,141,52.39419937,-132.6284027,52.020401,-133.0583954,https://nrs.objectstore.gov.bc.ca/wrfdel/aermod/d02/0513/wrfout_d02_0513_2019.nc
wrfout_d02_0514_2019.nc,514,d02,2019,52,142,61,151,52.74850082,-132.7277985,52.37419891,-133.1605072,https://nrs.objectstore.gov.bc.ca/wrfdel/aermod/d02/0514/wrfout_d02_0514_2019.nc
wrfout_d02_0515_2019.nc,515,d02,2019,52,152,61,161,53.10279846,-132.8289948,52.72800064,-133.2644043,https://nrs.objectstore.gov.bc.ca/wrfdel/aermod/d02/0515/wrfout_d02_0515_2019.nc
wrfout_d02_0516_2019.nc,516,d02,2019,52,162,61,171,53.45709991,-132.9319,53.08179855,-133.3699951,https://nrs.objectstore.gov.bc.ca/wrfdel/aermod/d02/0516/wrfout_d02_0516_2019.nc
wrfout_d02_0517_2019.nc,517,d02,2019,52,172,61,181,53.81129837,-133.036499,53.43560028,-133.4774933,https://nrs.objectstore.gov.bc.ca/wrfdel/aermod/d02/0517/wrfout_d02_0517_2019.nc
wrfout_d02_0518_2019.nc,518,d02,2019,52,182,61,191,54.16559982,-133.1430054,53.78939819,-133.5868073,https://nrs.objectstore.gov.bc.ca/wrfdel/aermod/d02/0518/wrfout_d02_0518_2019.nc
wrfout_d02_0519_2019.nc,519,d02,2019,52,192,61,201,54.5196991,-133.251297,54.14310074,-133.6979065,https://nrs.objectstore.gov.bc.ca/wrfdel/aermod/d02/0519/wrfout_d02_0519_2019.nc
wrfout_d02_0520_2019.nc,520,d02,2019,52,202,61,211,54.87379837,-133.3616028,54.49679947,-133.8110046,https://nrs.objectstore.gov.bc.ca/wrfdel/aermod/d02/0520/wrfout_d02_0520_2019.nc
wrfout_d02_0521_2019.nc,521,d02,2019,52,212,61,221,55.22779846,-133.4738007,54.85029984,-133.9261932,https://nrs.objectstore.gov.bc.ca/wrfdel/aermod/d02/0521/wrfout_d02_0521_2019.nc
wrfout_d02_0522_2019.nc,522,d02,2019,52,222,61,231,55.58169937,-133.5879974,55.2038002,-134.0433044,https://nrs.objectstore.gov.bc.ca/wrfdel/aermod/d02/0522/wrfout_d02_0522_2019.nc
wrfout_d02_0523_2019.nc,523,d02,2019,52,232,61,241,55.9355011,-133.7041931,55.55709839,-134.1625061,https://nrs.objectstore.gov.bc.ca/wrfdel/aermod/d02/0523/wrfout_d02_0523_2019.nc
wrfout_d02_0524_2019.nc,524,d02,2019,52,242,61,251,56.28910065,-133.8226013,55.91030121,-134.283905,https://nrs.objectstore.gov.bc.ca/wrfdel/aermod/d02/0524/wrfout_d02_0524_2019.nc
wrfout_d02_0525_2019.nc,525,d02,2019,52,252,61,261,56.64260101,-133.9432068,56.26340103,-134.4075928,https://nrs.objectstore.gov.bc.ca/wrfdel/aermod/d02/0525/wrfout_d02_0525_2019.nc
wrfout_d02_0526_2019.nc,526,d02,2019,52,262,61,271,56.9958992,-134.0659943,56.61629868,-134.5334015,https://nrs.objectstore.gov.bc.ca/wrfdel/aermod/d02/0526/wrfout_d02_0526_2019.nc
wrfout_d02_0527_2019.nc,527,d02,2019,52,272,61,281,57.34899902,-134.1911926,56.96900177,-134.6616058,https://nrs.objectstore.gov.bc.ca/wrfdel/aermod/d02/0527/wrfout_d02_0527_2019.nc
wrfout_d02_0528_2019.nc,528,d02,2019,52,282,61,291,57.7018013,-134.3186951,57.32149887,-134.7922058,https://nrs.objectstore.gov.bc.ca/wrfdel/aermod/d02/0528/wrfout_d02_0528_2019.nc
wrfout_d02_0529_2019.nc,529,d02,2019,52,292,61,301,58.05450058,-134.4485931,57.67380142,-134.925293,https://nrs.objectstore.gov.bc.ca/wrfdel/aermod/d02/0529/wrfout_d02_0529_2019.nc
wrfout_d02_0530_2019.nc,530,d02,2019,52,302,61,311,58.4068985,-134.5809937,58.02590179,-135.0608978,https://nrs.objectstore.gov.bc.ca/wrfdel/aermod/d02/0530/wrfout_d02_0530_2019.nc
wrfout_d02_0531_2019.nc,531,d02,2019,52,312,61,321,58.75910187,-134.7160034,58.37770081,-135.1990967,https://nrs.objectstore.gov.bc.ca/wrfdel/aermod/d02/0531/wrfout_d02_0531_2019.nc
wrfout_d02_0532_2019.nc,532,d02,2019,52,322,61,331,59.11100006,-134.8536987,58.72919846,-135.3399963,https://nrs.objectstore.gov.bc.ca/wrfdel/aermod/d02/0532/wrfout_d02_0532_2019.nc
wrfout_d02_0533_2019.nc,533,d02,2019,52,332,61,341,59.46260071,-134.9940948,59.08050156,-135.4837036,https://nrs.objectstore.gov.bc.ca/wrfdel/aermod/d02/0533/wrfout_d02_0533_2019.nc
wrfout_d02_0534_2019.nc,534,d02,2019,52,342,61,351,59.81380081,-135.1372986,59.4314003,-135.6302032,https://nrs.objectstore.gov.bc.ca/wrfdel/aermod/d02/0534/wrfout_d02_0534_2019.nc
wrfout_d02_0535_2019.nc,535,d02,2019,52,352,61,361,60.16469955,-135.2834015,59.7820015,-135.7796021,https://nrs.objectstore.gov.bc.ca/wrfdel/aermod/d02/0535/wrfout_d02_0535_2019.nc
wrfout_d02_0536_2019.nc,536,d02,2019,52,362,61,371,60.51530075,-135.4324036,60.13219833,-135.9320068,https://nrs.objectstore.gov.bc.ca/wrfdel/aermod/d02/0536/wrfout_d02_0536_2019.nc
wrfout_d02_0537_2019.nc,537,d02,2019,52,372,61,373,60.58539963,-135.4626007,60.48210144,-136.0876007,https://nrs.objectstore.gov.bc.ca/wrfdel/aermod/d02/0537/wrfout_d02_0537_2019.nc
wrfout_d02_0609_2019.nc,609,d02,2019,62,92,71,101,51.0340004,-131.6833038,50.66439819,-132.1080933,https://nrs.objectstore.gov.bc.ca/wrfdel/aermod/d02/0609/wrfout_d02_0609_2019.nc
wrfout_d02_0610_2019.nc,610,d02,2019,62,102,71,111,51.38869858,-131.7720032,51.01850128,-132.1994019,https://nrs.objectstore.gov.bc.ca/wrfdel/aermod/d02/0610/wrfout_d02_0610_2019.nc
wrfout_d02_0611_2019.nc,611,d02,2019,62,112,71,121,51.74340057,-131.8621979,51.37269974,-132.2922974,https://nrs.objectstore.gov.bc.ca/wrfdel/aermod/d02/0611/wrfout_d02_0611_2019.nc
wrfout_d02_0612_2019.nc,612,d02,2019,62,122,71,131,52.09809875,-131.9537964,51.72700119,-132.3867035,https://nrs.objectstore.gov.bc.ca/wrfdel/aermod/d02/0612/wrfout_d02_0612_2019.nc
wrfout_d02_0613_2019.nc,613,d02,2019,62,132,71,141,52.45289993,-132.0469971,52.08129883,-132.482605,https://nrs.objectstore.gov.bc.ca/wrfdel/aermod/d02/0613/wrfout_d02_0613_2019.nc
wrfout_d02_0614_2019.nc,614,d02,2019,62,142,71,151,52.80770111,-132.1416931,52.43560028,-132.5800934,https://nrs.objectstore.gov.bc.ca/wrfdel/aermod/d02/0614/wrfout_d02_0614_2019.nc
wrfout_d02_0615_2019.nc,615,d02,2019,62,152,71,161,53.16249847,-132.2380066,52.79000092,-132.679306,https://nrs.objectstore.gov.bc.ca/wrfdel/aermod/d02/0615/wrfout_d02_0615_2019.nc
wrfout_d02_0616_2019.nc,616,d02,2019,62,162,71,171,53.51739883,-132.3359985,53.14429855,-132.7801056,https://nrs.objectstore.gov.bc.ca/wrfdel/aermod/d02/0616/wrfout_d02_0616_2019.nc
wrfout_d02_0617_2019.nc,617,d02,2019,62,172,71,181,53.87210083,-132.4356995,53.49869919,-132.8827057,https://nrs.objectstore.gov.bc.ca/wrfdel/aermod/d02/0617/wrfout_d02_0617_2019.nc
wrfout_d02_0618_2019.nc,618,d02,2019,62,182,71,191,54.22689819,-132.5370941,53.85300064,-132.9869995,https://nrs.objectstore.gov.bc.ca/wrfdel/aermod/d02/0618/wrfout_d02_0618_2019.nc
wrfout_d02_0619_2019.nc,619,d02,2019,62,192,71,201,54.58160019,-132.6403046,54.20729828,-133.0932007,https://nrs.objectstore.gov.bc.ca/wrfdel/aermod/d02/0619/wrfout_d02_0619_2019.nc
wrfout_d02_0620_2019.nc,620,d02,2019,62,202,71,211,54.93619919,-132.7453003,54.56150055,-133.2012024,https://nrs.objectstore.gov.bc.ca/wrfdel/aermod/d02/0620/wrfout_d02_0620_2019.nc
wrfout_d02_0621_2019.nc,621,d02,2019,62,212,71,221,55.29079819,-132.8522034,54.91559982,-133.3110962,https://nrs.objectstore.gov.bc.ca/wrfdel/aermod/d02/0621/wrfout_d02_0621_2019.nc
wrfout_d02_0622_2019.nc,622,d02,2019,62,222,71,231,55.64519882,-132.9609985,55.2696991,-133.4230042,https://nrs.objectstore.gov.bc.ca/wrfdel/aermod/d02/0622/wrfout_d02_0622_2019.nc
wrfout_d02_0623_2019.nc,623,d02,2019,62,232,71,241,55.99959946,-133.0717926,55.62360001,-133.5368042,https://nrs.objectstore.gov.bc.ca/wrfdel/aermod/d02/0623/wrfout_d02_0623_2019.nc
wrfout_d02_0624_2019.nc,624,d02,2019,62,242,71,251,56.35380173,-133.1846008,55.97740173,-133.6528015,https://nrs.objectstore.gov.bc.ca/wrfdel/aermod/d02/0624/wrfout_d02_0624_2019.nc
wrfout_d02_0625_2019.nc,625,d02,2019,62,252,71,261,56.70780182,-133.2993927,56.33110046,-133.7707977,https://nrs.objectstore.gov.bc.ca/wrfdel/aermod/d02/0625/wrfout_d02_0625_2019.nc
wrfout_d02_0626_2019.nc,626,d02,2019,62,262,71,271,57.06169891,-133.4165039,56.68460083,-133.891098,https://nrs.objectstore.gov.bc.ca/wrfdel/aermod/d02/0626/wrfout_d02_0626_2019.nc
wrfout_d02_0627_2019.nc,627,d02,2019,62,272,71,281,57.41540146,-133.5357056,57.03789902,-134.0135956,https://nrs.objectstore.gov.bc.ca/wrfdel/aermod/d02/0627/wrfout_d02_0627_2019.nc
wrfout_d02_0628_2019.nc,628,d02,2019,62,282,71,291,57.76890182,-133.657196,57.39110184,-134.1383057,https://nrs.objectstore.gov.bc.ca/wrfdel/aermod/d02/0628/wrfout_d02_0628_2019.nc
wrfout_d02_0629_2019.nc,629,d02,2019,62,292,71,301,58.12220001,-133.7810974,57.74399948,-134.2655029,https://nrs.objectstore.gov.bc.ca/wrfdel/aermod/d02/0629/wrfout_d02_0629_2019.nc
wrfout_d02_0630_2019.nc,630,d02,2019,62,302,71,311,58.47529984,-133.9073029,58.09669876,-134.3950043,https://nrs.objectstore.gov.bc.ca/wrfdel/aermod/d02/0630/wrfout_d02_0630_2019.nc
wrfout_d02_0631_2019.nc,631,d02,2019,62,312,71,321,58.8280983,-134.0359955,58.44919968,-134.5270996,https://nrs.objectstore.gov.bc.ca/wrfdel/aermod/d02/0631/wrfout_d02_0631_2019.nc
wrfout_d02_0632_2019.nc,632,d02,2019,62,322,71,331,59.18059921,-134.1672058,58.80139923,-134.6616974,https://nrs.objectstore.gov.bc.ca/wrfdel/aermod/d02/0632/wrfout_d02_0632_2019.nc
wrfout_d02_0633_2019.nc,633,d02,2019,62,332,71,341,59.53279877,-134.3011017,59.15330124,-134.798996,https://nrs.objectstore.gov.bc.ca/wrfdel/aermod/d02/0633/wrfout_d02_0633_2019.nc
wrfout_d02_0634_2019.nc,634,d02,2019,62,342,71,351,59.88479996,-134.4376068,59.50490189,-134.9389954,https://nrs.objectstore.gov.bc.ca/wrfdel/aermod/d02/0634/wrfout_d02_0634_2019.nc
wrfout_d02_0635_2019.nc,635,d02,2019,62,352,71,361,60.2364006,-134.5769043,59.85620117,-135.0818024,https://nrs.objectstore.gov.bc.ca/wrfdel/aermod/d02/0635/wrfout_d02_0635_2019.nc
wrfout_d02_0636_2019.nc,636,d02,2019,62,362,71,371,60.58760071,-134.7189941,60.20709991,-135.2276001,https://nrs.objectstore.gov.bc.ca/wrfdel/aermod/d02/0636/wrfout_d02_0636_2019.nc
wrfout_d02_0637_2019.nc,637,d02,2019,62,372,71,373,60.65779877,-134.7478027,60.55770111,-135.3762054,https://nrs.objectstore.gov.bc.ca/wrfdel/aermod/d02/0637/wrfout_d02_0637_2019.nc
wrfout_d02_0709_2019.nc,709,d02,2019,72,92,81,101,51.08789825,-131.1188049,50.72040176,-131.5487061,https://nrs.objectstore.gov.bc.ca/wrfdel/aermod/d02/0709/wrfout_d02_0709_2019.nc
wrfout_d02_0710_2019.nc,710,d02,2019,72,102,81,111,51.44300079,-131.2028961,51.07500076,-131.6356964,https://nrs.objectstore.gov.bc.ca/wrfdel/aermod/d02/0710/wrfout_d02_0710_2019.nc
wrfout_d02_0711_2019.nc,711,d02,2019,72,112,81,121,51.7981987,-131.2884979,51.42969894,-131.7241058,https://nrs.objectstore.gov.bc.ca/wrfdel/aermod/d02/0711/wrfout_d02_0711_2019.nc
wrfout_d02_0712_2019.nc,712,d02,2019,72,122,81,131,52.15340042,-131.3755035,51.78440094,-131.8139038,https://nrs.objectstore.gov.bc.ca/wrfdel/aermod/d02/0712/wrfout_d02_0712_2019.nc
wrfout_d02_0713_2019.nc,713,d02,2019,72,132,81,141,52.50870132,-131.4640045,52.1393013,-131.9051971,https://nrs.objectstore.gov.bc.ca/wrfdel/aermod/d02/0713/wrfout_d02_0713_2019.nc
wrfout_d02_0714_2019.nc,714,d02,2019,72,142,81,151,52.86399841,-131.553894,52.49409866,-131.9980927,https://nrs.objectstore.gov.bc.ca/wrfdel/aermod/d02/0714/wrfout_d02_0714_2019.nc
wrfout_d02_0715_2019.nc,715,d02,2019,72,152,81,161,53.21929932,-131.645401,52.84899902,-132.0924988,https://nrs.objectstore.gov.bc.ca/wrfdel/aermod/d02/0715/wrfout_d02_0715_2019.nc
wrfout_d02_0716_2019.nc,716,d02,2019,72,162,81,171,53.57460022,-131.7384033,53.2038002,-132.1885071,https://nrs.objectstore.gov.bc.ca/wrfdel/aermod/d02/0716/wrfout_d02_0716_2019.nc
wrfout_d02_0717_2019.nc,717,d02,2019,72,172,81,181,53.92990112,-131.8330994,53.55870056,-132.2861938,https://nrs.objectstore.gov.bc.ca/wrfdel/aermod/d02/0717/wrfout_d02_0717_2019.nc
wrfout_d02_0718_2019.nc,718,d02,2019,72,182,81,191,54.28519821,-131.9293976,53.91350174,-132.385498,https://nrs.objectstore.gov.bc.ca/wrfdel/aermod/d02/0718/wrfout_d02_0718_2019.nc
wrfout_d02_0719_2019.nc,719,d02,2019,72,192,81,201,54.64039993,-132.0274048,54.2682991,-132.4866028,https://nrs.objectstore.gov.bc.ca/wrfdel/aermod/d02/0719/wrfout_d02_0719_2019.nc
wrfout_d02_0720_2019.nc,720,d02,2019,72,202,81,211,54.99549866,-132.1271057,54.62310028,-132.5894012,https://nrs.objectstore.gov.bc.ca/wrfdel/aermod/d02/0720/wrfout_d02_0720_2019.nc
wrfout_d02_0721_2019.nc,721,d02,2019,72,212,81,221,55.3506012,-132.2286072,54.97779846,-132.6941071,https://nrs.objectstore.gov.bc.ca/wrfdel/aermod/d02/0721/wrfout_d02_0721_2019.nc
wrfout_d02_0722_2019.nc,722,d02,2019,72,222,81,231,55.70560074,-132.3320007,55.33240128,-132.8005981,https://nrs.objectstore.gov.bc.ca/wrfdel/aermod/d02/0722/wrfout_d02_0722_2019.nc
wrfout_d02_0723_2019.nc,723,d02,2019,72,232,81,241,56.0605011,-132.4371948,55.68690109,-132.9091034,https://nrs.objectstore.gov.bc.ca/wrfdel/aermod/d02/0723/wrfout_d02_0723_2019.nc
wrfout_d02_0724_2019.nc,724,d02,2019,72,242,81,251,56.41519928,-132.5444031,56.04130173,-133.0195007,https://nrs.objectstore.gov.bc.ca/wrfdel/aermod/d02/0724/wrfout_d02_0724_2019.nc
wrfout_d02_0725_2019.nc,725,d02,2019,72,252,81,261,56.76990128,-132.6535034,56.39550018,-133.1320038,https://nrs.objectstore.gov.bc.ca/wrfdel/aermod/d02/0725/wrfout_d02_0725_2019.nc
wrfout_d02_0726_2019.nc,726,d02,2019,72,262,81,271,57.1242981,-132.7646942,56.74959946,-133.2465057,https://nrs.objectstore.gov.bc.ca/wrfdel/aermod/d02/0726/wrfout_d02_0726_2019.nc
wrfout_d02_0727_2019.nc,727,d02,2019,72,272,81,281,57.47859955,-132.878006,57.10350037,-133.363205,https://nrs.objectstore.gov.bc.ca/wrfdel/aermod/d02/0727/wrfout_d02_0727_2019.nc
wrfout_d02_0728_2019.nc,728,d02,2019,72,282,81,291,57.83269882,-132.9934998,57.45729828,-133.4819946,https://nrs.objectstore.gov.bc.ca/wrfdel/aermod/d02/0728/wrfout_d02_0728_2019.nc
wrfout_d02_0729_2019.nc,729,d02,2019,72,292,81,301,58.18659973,-133.1112061,57.81079865,-133.6031952,https://nrs.objectstore.gov.bc.ca/wrfdel/aermod/d02/0729/wrfout_d02_0729_2019.nc
wrfout_d02_0730_2019.nc,730,d02,2019,72,302,81,311,58.54019928,-133.2310944,58.16410065,-133.726593,https://nrs.objectstore.gov.bc.ca/wrfdel/aermod/d02/0730/wrfout_d02_0730_2019.nc
wrfout_d02_0731_2019.nc,731,d02,2019,72,312,81,321,58.89360046,-133.3533936,58.51720047,-133.8524933,https://nrs.objectstore.gov.bc.ca/wrfdel/aermod/d02/0731/wrfout_d02_0731_2019.nc
wrfout_d02_0732_2019.nc,732,d02,2019,72,322,81,331,59.24679947,-133.4781036,58.87009811,-133.9808044,https://nrs.objectstore.gov.bc.ca/wrfdel/aermod/d02/0732/wrfout_d02_0732_2019.nc
wrfout_d02_0733_2019.nc,733,d02,2019,72,332,81,341,59.59960175,-133.6053925,59.22259903,-134.1116028,https://nrs.objectstore.gov.bc.ca/wrfdel/aermod/d02/0733/wrfout_d02_0733_2019.nc
wrfout_d02_0734_2019.nc,734,d02,2019,72,342,81,351,59.95220184,-133.7351074,59.57490158,-134.2451019,https://nrs.objectstore.gov.bc.ca/wrfdel/aermod/d02/0734/wrfout_d02_0734_2019.nc
wrfout_d02_0735_2019.nc,735,d02,2019,72,352,81,361,60.3044014,-133.8675995,59.92689896,-134.3811951,https://nrs.objectstore.gov.bc.ca/wrfdel/aermod/d02/0735/wrfout_d02_0735_2019.nc
wrfout_d02_0736_2019.nc,736,d02,2019,72,362,81,371,60.65629959,-134.0027008,60.2784996,-134.5200958,https://nrs.objectstore.gov.bc.ca/wrfdel/aermod/d02/0736/wrfout_d02_0736_2019.nc
wrfout_d02_0737_2019.nc,737,d02,2019,72,372,81,373,60.72669983,-134.0301056,60.62979889,-134.6618958,https://nrs.objectstore.gov.bc.ca/wrfdel/aermod/d02/0737/wrfout_d02_0737_2019.nc
wrfout_d02_0808_2019.nc,808,d02,2019,82,82,91,91,50.78350067,-130.4745026,50.41859818,-130.9067993,https://nrs.objectstore.gov.bc.ca/wrfdel/aermod/d02/0808/wrfout_d02_0808_2019.nc
wrfout_d02_0809_2019.nc,809,d02,2019,82,92,91,101,51.13890076,-130.5527954,50.77360153,-130.9880066,https://nrs.objectstore.gov.bc.ca/wrfdel/aermod/d02/0809/wrfout_d02_0809_2019.nc
wrfout_d02_0810_2019.nc,810,d02,2019,82,102,91,111,51.49449921,-130.6325073,51.12870026,-131.0704956,https://nrs.objectstore.gov.bc.ca/wrfdel/aermod/d02/0810/wrfout_d02_0810_2019.nc
wrfout_d02_0811_2019.nc,811,d02,2019,82,112,91,121,51.85010147,-130.713501,51.48379898,-131.1544037,https://nrs.objectstore.gov.bc.ca/wrfdel/aermod/d02/0811/wrfout_d02_0811_2019.nc
wrfout_d02_0812_2019.nc,812,d02,2019,82,122,91,131,52.20569992,-130.7958069,51.8390007,-131.2397003,https://nrs.objectstore.gov.bc.ca/wrfdel/aermod/d02/0812/wrfout_d02_0812_2019.nc
wrfout_d02_0813_2019.nc,813,d02,2019,82,132,91,141,52.56150055,-130.8795013,52.19430161,-131.3262939,https://nrs.objectstore.gov.bc.ca/wrfdel/aermod/d02/0813/wrfout_d02_0813_2019.nc
wrfout_d02_0814_2019.nc,814,d02,2019,82,142,91,151,52.91719818,-130.9645996,52.54959869,-131.414505,https://nrs.objectstore.gov.bc.ca/wrfdel/aermod/d02/0814/wrfout_d02_0814_2019.nc
wrfout_d02_0815_2019.nc,815,d02,2019,82,152,91,161,53.27299881,-131.0511932,52.90499878,-131.5041046,https://nrs.objectstore.gov.bc.ca/wrfdel/aermod/d02/0815/wrfout_d02_0815_2019.nc
wrfout_d02_0816_2019.nc,816,d02,2019,82,162,91,171,53.62879944,-131.1392059,53.26029968,-131.5951996,https://nrs.objectstore.gov.bc.ca/wrfdel/aermod/d02/0816/wrfout_d02_0816_2019.nc
wrfout_d02_0817_2019.nc,817,d02,2019,82,172,91,181,53.98460007,-131.2288055,53.61569977,-131.6878967,https://nrs.objectstore.gov.bc.ca/wrfdel/aermod/d02/0817/wrfout_d02_0817_2019.nc
wrfout_d02_0818_2019.nc,818,d02,2019,82,182,91,191,54.34030151,-131.3200073,53.97100067,-131.782196,https://nrs.objectstore.gov.bc.ca/wrfdel/aermod/d02/0818/wrfout_d02_0818_2019.nc
wrfout_d02_0819_2019.nc,819,d02,2019,82,192,91,201,54.69599915,-131.412796,54.32630157,-131.8782043,https://nrs.objectstore.gov.bc.ca/wrfdel/aermod/d02/0819/wrfout_d02_0819_2019.nc
wrfout_d02_0820_2019.nc,820,d02,2019,82,202,91,211,55.05170059,-131.5072021,54.68159866,-131.9757996,https://nrs.objectstore.gov.bc.ca/wrfdel/aermod/d02/0820/wrfout_d02_0820_2019.nc
wrfout_d02_0821_2019.nc,821,d02,2019,82,212,91,221,55.40729904,-131.603302,55.03680038,-132.0751953,https://nrs.objectstore.gov.bc.ca/wrfdel/aermod/d02/0821/wrfout_d02_0821_2019.nc
wrfout_d02_0822_2019.nc,822,d02,2019,82,222,91,231,55.76279831,-131.7010956,55.39189911,-132.1764069,https://nrs.objectstore.gov.bc.ca/wrfdel/aermod/d02/0822/wrfout_d02_0822_2019.nc
wrfout_d02_0823_2019.nc,823,d02,2019,82,232,91,241,56.11819839,-131.800705,55.74700165,-132.2794037,https://nrs.objectstore.gov.bc.ca/wrfdel/aermod/d02/0823/wrfout_d02_0823_2019.nc
wrfout_d02_0824_2019.nc,824,d02,2019,82,242,91,251,56.47340012,-131.9022064,56.10189819,-132.384201,https://nrs.objectstore.gov.bc.ca/wrfdel/aermod/d02/0824/wrfout_d02_0824_2019.nc
wrfout_d02_0825_2019.nc,825,d02,2019,82,252,91,261,56.82860184,-132.0056,56.45669937,-132.4909973,https://nrs.objectstore.gov.bc.ca/wrfdel/aermod/d02/0825/wrfout_d02_0825_2019.nc
wrfout_d02_0826_2019.nc,826,d02,2019,82,262,91,271,57.18360138,-132.1107941,56.81129837,-132.5997925,https://nrs.objectstore.gov.bc.ca/wrfdel/aermod/d02/0826/wrfout_d02_0826_2019.nc
wrfout_d02_0827_2019.nc,827,d02,2019,82,272,91,281,57.53839874,-132.2180939,57.16579819,-132.7106018,https://nrs.objectstore.gov.bc.ca/wrfdel/aermod/d02/0827/wrfout_d02_0827_2019.nc
wrfout_d02_0828_2019.nc,828,d02,2019,82,282,91,291,57.89300156,-132.3274994,57.52009964,-132.8235016,https://nrs.objectstore.gov.bc.ca/wrfdel/aermod/d02/0828/wrfout_d02_0828_2019.nc
wrfout_d02_0829_2019.nc,829,d02,2019,82,292,91,301,58.24750137,-132.4389038,57.8742981,-132.9385986,https://nrs.objectstore.gov.bc.ca/wrfdel/aermod/d02/0829/wrfout_d02_0829_2019.nc
wrfout_d02_0830_2019.nc,830,d02,2019,82,302,91,311,58.60169983,-132.552597,58.22819901,-133.0558014,https://nrs.objectstore.gov.bc.ca/wrfdel/aermod/d02/0830/wrfout_d02_0830_2019.nc
wrfout_d02_0831_2019.nc,831,d02,2019,82,312,91,321,58.95569992,-132.668396,58.58190155,-133.1753998,https://nrs.objectstore.gov.bc.ca/wrfdel/aermod/d02/0831/wrfout_d02_0831_2019.nc
wrfout_d02_0832_2019.nc,832,d02,2019,82,322,91,331,59.30939865,-132.7866058,58.93529892,-133.2973022,https://nrs.objectstore.gov.bc.ca/wrfdel/aermod/d02/0832/wrfout_d02_0832_2019.nc
wrfout_d02_0833_2019.nc,833,d02,2019,82,332,91,341,59.66289902,-132.9071045,59.28850174,-133.4216003,https://nrs.objectstore.gov.bc.ca/wrfdel/aermod/d02/0833/wrfout_d02_0833_2019.nc
wrfout_d02_0834_2019.nc,834,d02,2019,82,342,91,351,60.01599884,-133.0299988,59.64139938,-133.5484009,https://nrs.objectstore.gov.bc.ca/wrfdel/aermod/d02/0834/wrfout_d02_0834_2019.nc
wrfout_d02_0835_2019.nc,835,d02,2019,82,352,91,361,60.3689003,-133.1555023,59.99399948,-133.6777954,https://nrs.objectstore.gov.bc.ca/wrfdel/aermod/d02/0835/wrfout_d02_0835_2019.nc
wrfout_d02_0836_2019.nc,836,d02,2019,82,362,91,371,60.72140121,-133.2835999,60.34629822,-133.8097992,https://nrs.objectstore.gov.bc.ca/wrfdel/aermod/d02/0836/wrfout_d02_0836_2019.nc
wrfout_d02_0837_2019.nc,837,d02,2019,82,372,91,373,60.79190063,-133.309494,60.69820023,-133.9445038,https://nrs.objectstore.gov.bc.ca/wrfdel/aermod/d02/0837/wrfout_d02_0837_2019.nc
wrfout_d02_0907_2019.nc,907,d02,2019,92,72,101,81,50.4754982,-129.8390045,50.11330032,-130.2736053,https://nrs.objectstore.gov.bc.ca/wrfdel/aermod/d02/0907/wrfout_d02_0907_2019.nc
wrfout_d02_0908_2019.nc,908,d02,2019,92,82,101,91,50.83119965,-129.9116974,50.46860123,-130.3491974,https://nrs.objectstore.gov.bc.ca/wrfdel/aermod/d02/0908/wrfout_d02_0908_2019.nc
wrfout_d02_0909_2019.nc,909,d02,2019,92,92,101,101,51.18709946,-129.9855957,50.82389832,-130.4259949,https://nrs.objectstore.gov.bc.ca/wrfdel/aermod/d02/0909/wrfout_d02_0909_2019.nc
wrfout_d02_0910_2019.nc,910,d02,2019,92,102,101,111,51.54299927,-130.0606995,51.1794014,-130.5039978,https://nrs.objectstore.gov.bc.ca/wrfdel/aermod/d02/0910/wrfout_d02_0910_2019.nc
wrfout_d02_0911_2019.nc,911,d02,2019,92,112,101,121,51.89899826,-130.1371002,51.53499985,-130.5834045,https://nrs.objectstore.gov.bc.ca/wrfdel/aermod/d02/0911/wrfout_d02_0911_2019.nc
wrfout_d02_0912_2019.nc,912,d02,2019,92,122,101,131,52.25510025,-130.2147064,51.89070129,-130.6640015,https://nrs.objectstore.gov.bc.ca/wrfdel/aermod/d02/0912/wrfout_d02_0912_2019.nc
wrfout_d02_0913_2019.nc,913,d02,2019,92,132,101,141,52.61130142,-130.2935944,52.24639893,-130.7460022,https://nrs.objectstore.gov.bc.ca/wrfdel/aermod/d02/0913/wrfout_d02_0913_2019.nc
wrfout_d02_0914_2019.nc,914,d02,2019,92,142,101,151,52.96749878,-130.3739014,52.60219955,-130.8294067,https://nrs.objectstore.gov.bc.ca/wrfdel/aermod/d02/0914/wrfout_d02_0914_2019.nc
wrfout_d02_0915_2019.nc,915,d02,2019,92,152,101,161,53.32369995,-130.4555054,52.95800018,-130.9141998,https://nrs.objectstore.gov.bc.ca/wrfdel/aermod/d02/0915/wrfout_d02_0915_2019.nc
wrfout_d02_0916_2019.nc,916,d02,2019,92,162,101,171,53.67990112,-130.5384979,53.31380081,-131.0003967,https://nrs.objectstore.gov.bc.ca/wrfdel/aermod/d02/0916/wrfout_d02_0916_2019.nc
wrfout_d02_0917_2019.nc,917,d02,2019,92,172,101,181,54.03620148,-130.6230011,53.66960144,-131.0881042,https://nrs.objectstore.gov.bc.ca/wrfdel/aermod/d02/0917/wrfout_d02_0917_2019.nc
wrfout_d02_0918_2019.nc,918,d02,2019,92,182,101,191,54.39239883,-130.7089996,54.02539825,-131.1773071,https://nrs.objectstore.gov.bc.ca/wrfdel/aermod/d02/0918/wrfout_d02_0918_2019.nc
wrfout_d02_0919_2019.nc,919,d02,2019,92,192,101,201,54.74850082,-130.7964935,54.38119888,-131.2680969,https://nrs.objectstore.gov.bc.ca/wrfdel/aermod/d02/0919/wrfout_d02_0919_2019.nc
wrfout_d02_0920_2019.nc,920,d02,2019,92,202,101,211,55.104599,-130.885498,54.73699951,-131.3605042,https://nrs.objectstore.gov.bc.ca/wrfdel/aermod/d02/0920/wrfout_d02_0920_2019.nc
wrfout_d02_0921_2019.nc,921,d02,2019,92,212,101,221,55.46070099,-130.9761963,55.09270096,-131.4546051,https://nrs.objectstore.gov.bc.ca/wrfdel/aermod/d02/0921/wrfout_d02_0921_2019.nc
wrfout_d02_0922_2019.nc,922,d02,2019,92,222,101,231,55.81669998,-131.0684052,55.44829941,-131.550293,https://nrs.objectstore.gov.bc.ca/wrfdel/aermod/d02/0922/wrfout_d02_0922_2019.nc
wrfout_d02_0923_2019.nc,923,d02,2019,92,232,101,241,56.17259979,-131.1623993,55.80379868,-131.6477966,https://nrs.objectstore.gov.bc.ca/wrfdel/aermod/d02/0923/wrfout_d02_0923_2019.nc
wrfout_d02_0924_2019.nc,924,d02,2019,92,242,101,251,56.52840042,-131.258194,56.15930176,-131.746994,https://nrs.objectstore.gov.bc.ca/wrfdel/aermod/d02/0924/wrfout_d02_0924_2019.nc
wrfout_d02_0925_2019.nc,925,d02,2019,92,252,101,261,56.88399887,-131.3556061,56.51459885,-131.8480988,https://nrs.objectstore.gov.bc.ca/wrfdel/aermod/d02/0925/wrfout_d02_0925_2019.nc
wrfout_d02_0926_2019.nc,926,d02,2019,92,262,101,271,57.23949814,-131.4550018,56.86980057,-131.951004,https://nrs.objectstore.gov.bc.ca/wrfdel/aermod/d02/0926/wrfout_d02_0926_2019.nc
wrfout_d02_0927_2019.nc,927,d02,2019,92,272,101,281,57.59479904,-131.5561981,57.22480011,-132.0558929,https://nrs.objectstore.gov.bc.ca/wrfdel/aermod/d02/0927/wrfout_d02_0927_2019.nc
wrfout_d02_0928_2019.nc,928,d02,2019,92,282,101,291,57.95000076,-131.6593933,57.57970047,-132.162796,https://nrs.objectstore.gov.bc.ca/wrfdel/aermod/d02/0928/wrfout_d02_0928_2019.nc
wrfout_d02_0929_2019.nc,929,d02,2019,92,292,101,301,58.30500031,-131.7644958,57.93429947,-132.2718048,https://nrs.objectstore.gov.bc.ca/wrfdel/aermod/d02/0929/wrfout_d02_0929_2019.nc
wrfout_d02_0930_2019.nc,930,d02,2019,92,302,101,311,58.65980148,-131.8717957,58.28879929,-132.3827972,https://nrs.objectstore.gov.bc.ca/wrfdel/aermod/d02/0930/wrfout_d02_0930_2019.nc
wrfout_d02_0931_2019.nc,931,d02,2019,92,312,101,321,59.0143013,-131.9810944,58.64310074,-132.4960022,https://nrs.objectstore.gov.bc.ca/wrfdel/aermod/d02/0931/wrfout_d02_0931_2019.nc
wrfout_d02_0932_2019.nc,932,d02,2019,92,322,101,331,59.36859894,-132.0926056,58.99710083,-132.6114044,https://nrs.objectstore.gov.bc.ca/wrfdel/aermod/d02/0932/wrfout_d02_0932_2019.nc
wrfout_d02_0933_2019.nc,933,d02,2019,92,332,101,341,59.72259903,-132.2064056,59.35089874,-132.7290955,https://nrs.objectstore.gov.bc.ca/wrfdel/aermod/d02/0933/wrfout_d02_0933_2019.nc
wrfout_d02_0934_2019.nc,934,d02,2019,92,342,101,351,60.07630157,-132.322403,59.70429993,-132.8491974,https://nrs.objectstore.gov.bc.ca/wrfdel/aermod/d02/0934/wrfout_d02_0934_2019.nc
wrfout_d02_0935_2019.nc,935,d02,2019,92,352,101,361,60.42979813,-132.4409027,60.05749893,-132.9718018,https://nrs.objectstore.gov.bc.ca/wrfdel/aermod/d02/0935/wrfout_d02_0935_2019.nc
wrfout_d02_0936_2019.nc,936,d02,2019,92,362,101,371,60.78290176,-132.5617981,60.41040039,-133.0968018,https://nrs.objectstore.gov.bc.ca/wrfdel/aermod/d02/0936/wrfout_d02_0936_2019.nc
wrfout_d02_0937_2019.nc,937,d02,2019,92,372,101,373,60.85350037,-132.5861969,60.76300049,-133.2243958,https://nrs.objectstore.gov.bc.ca/wrfdel/aermod/d02/0937/wrfout_d02_0937_2019.nc
wrfout_d02_1006_2019.nc,1006,d02,2019,102,62,111,71,50.16400146,-129.2124023,49.8044014,-129.6490021,https://nrs.objectstore.gov.bc.ca/wrfdel/aermod/d02/1006/wrfout_d02_1006_2019.nc
wrfout_d02_1007_2019.nc,1007,d02,2019,102,72,111,81,50.52000046,-129.2796021,50.15999985,-129.719101,https://nrs.objectstore.gov.bc.ca/wrfdel/aermod/d02/1007/wrfout_d02_1007_2019.nc
wrfout_d02_1008_2019.nc,1008,d02,2019,102,82,111,91,50.87609863,-129.3477936,50.5155983,-129.7902985,https://nrs.objectstore.gov.bc.ca/wrfdel/aermod/d02/1008/wrfout_d02_1008_2019.nc
wrfout_d02_1009_2019.nc,1009,d02,2019,102,92,111,101,51.2322998,-129.4172058,50.87139893,-129.8627014,https://nrs.objectstore.gov.bc.ca/wrfdel/aermod/d02/1009/wrfout_d02_1009_2019.nc
wrfout_d02_1010_2019.nc,1010,d02,2019,102,102,111,111,51.58860016,-129.4877014,51.22729874,-129.936203,https://nrs.objectstore.gov.bc.ca/wrfdel/aermod/d02/1010/wrfout_d02_1010_2019.nc
wrfout_d02_1011_2019.nc,1011,d02,2019,102,112,111,121,51.94509888,-129.5594025,51.58330154,-130.0110016,https://nrs.objectstore.gov.bc.ca/wrfdel/aermod/d02/1011/wrfout_d02_1011_2019.nc
wrfout_d02_1012_2019.nc,1012,d02,2019,102,122,111,131,52.30160141,-129.6322937,51.93939972,-130.0870056,https://nrs.objectstore.gov.bc.ca/wrfdel/aermod/d02/1012/wrfout_d02_1012_2019.nc
wrfout_d02_1013_2019.nc,1013,d02,2019,102,132,111,141,52.65810013,-129.7064056,52.29550171,-130.1643066,https://nrs.objectstore.gov.bc.ca/wrfdel/aermod/d02/1013/wrfout_d02_1013_2019.nc
wrfout_d02_1014_2019.nc,1014,d02,2019,102,142,111,151,53.01470184,-129.7817993,52.65169907,-130.2429047,https://nrs.objectstore.gov.bc.ca/wrfdel/aermod/d02/1014/wrfout_d02_1014_2019.nc
wrfout_d02_1015_2019.nc,1015,d02,2019,102,152,111,161,53.37139893,-129.8583984,53.00799942,-130.3227997,https://nrs.objectstore.gov.bc.ca/wrfdel/aermod/d02/1015/wrfout_d02_1015_2019.nc
wrfout_d02_1016_2019.nc,1016,d02,2019,102,162,111,171,53.72800064,-129.9364014,53.36420059,-130.404007,https://nrs.objectstore.gov.bc.ca/wrfdel/aermod/d02/1016/wrfout_d02_1016_2019.nc
wrfout_d02_1017_2019.nc,1017,d02,2019,102,172,111,181,54.08459854,-130.0157928,53.72050095,-130.4866943,https://nrs.objectstore.gov.bc.ca/wrfdel/aermod/d02/1017/wrfout_d02_1017_2019.nc
wrfout_d02_1018_2019.nc,1018,d02,2019,102,182,111,191,54.44129944,-130.0964966,54.0768013,-130.5708008,https://nrs.objectstore.gov.bc.ca/wrfdel/aermod/d02/1018/wrfout_d02_1018_2019.nc
wrfout_d02_1019_2019.nc,1019,d02,2019,102,192,111,201,54.79790115,-130.1786041,54.43299866,-130.6564026,https://nrs.objectstore.gov.bc.ca/wrfdel/aermod/d02/1019/wrfout_d02_1019_2019.nc
wrfout_d02_1020_2019.nc,1020,d02,2019,102,202,111,211,55.15449905,-130.2622986,54.78919983,-130.7436066,https://nrs.objectstore.gov.bc.ca/wrfdel/aermod/d02/1020/wrfout_d02_1020_2019.nc
wrfout_d02_1021_2019.nc,1021,d02,2019,102,212,111,221,55.51100159,-130.3473969,55.145401,-130.8321991,https://nrs.objectstore.gov.bc.ca/wrfdel/aermod/d02/1021/wrfout_d02_1021_2019.nc
wrfout_d02_1022_2019.nc,1022,d02,2019,102,222,111,231,55.86740112,-130.4340973,55.50149918,-130.9223938,https://nrs.objectstore.gov.bc.ca/wrfdel/aermod/d02/1022/wrfout_d02_1022_2019.nc
wrfout_d02_1023_2019.nc,1023,d02,2019,102,232,111,241,56.22380066,-130.5223999,55.85749817,-131.0144043,https://nrs.objectstore.gov.bc.ca/wrfdel/aermod/d02/1023/wrfout_d02_1023_2019.nc
wrfout_d02_1024_2019.nc,1024,d02,2019,102,242,111,251,56.58000183,-130.6123047,56.21340179,-131.1078949,https://nrs.objectstore.gov.bc.ca/wrfdel/aermod/d02/1024/wrfout_d02_1024_2019.nc
wrfout_d02_1025_2019.nc,1025,d02,2019,102,252,111,261,56.93610001,-130.7039032,56.56919861,-131.2032928,https://nrs.objectstore.gov.bc.ca/wrfdel/aermod/d02/1025/wrfout_d02_1025_2019.nc
wrfout_d02_1026_2019.nc,1026,d02,2019,102,262,111,271,57.292099,-130.7971954,56.92490005,-131.3003998,https://nrs.objectstore.gov.bc.ca/wrfdel/aermod/d02/1026/wrfout_d02_1026_2019.nc
wrfout_d02_1027_2019.nc,1027,d02,2019,102,272,111,281,57.64789963,-130.892395,57.2804985,-131.3993073,https://nrs.objectstore.gov.bc.ca/wrfdel/aermod/d02/1027/wrfout_d02_1027_2019.nc
wrfout_d02_1028_2019.nc,1028,d02,2019,102,282,111,291,58.00360107,-130.9893036,57.63579941,-131.5001068,https://nrs.objectstore.gov.bc.ca/wrfdel/aermod/d02/1028/wrfout_d02_1028_2019.nc
wrfout_d02_1029_2019.nc,1029,d02,2019,102,292,111,301,58.35900116,-131.0881042,57.99100113,-131.6027985,https://nrs.objectstore.gov.bc.ca/wrfdel/aermod/d02/1029/wrfout_d02_1029_2019.nc
wrfout_d02_1030_2019.nc,1030,d02,2019,102,302,111,311,58.71429825,-131.1889038,58.34600067,-131.7075958,https://nrs.objectstore.gov.bc.ca/wrfdel/aermod/d02/1030/wrfout_d02_1030_2019.nc
wrfout_d02_1031_2019.nc,1031,d02,2019,102,312,111,321,59.06940079,-131.2915955,58.70080185,-131.8144073,https://nrs.objectstore.gov.bc.ca/wrfdel/aermod/d02/1031/wrfout_d02_1031_2019.nc
wrfout_d02_1032_2019.nc,1032,d02,2019,102,322,111,331,59.42419815,-131.3963928,59.05540085,-131.9232025,https://nrs.objectstore.gov.bc.ca/wrfdel/aermod/d02/1032/wrfout_d02_1032_2019.nc
wrfout_d02_1033_2019.nc,1033,d02,2019,102,332,111,341,59.77870178,-131.5032959,59.40969849,-132.0343018,https://nrs.objectstore.gov.bc.ca/wrfdel/aermod/d02/1033/wrfout_d02_1033_2019.nc
wrfout_d02_1034_2019.nc,1034,d02,2019,102,342,111,351,60.13299942,-131.6123962,59.76380157,-132.1475983,https://nrs.objectstore.gov.bc.ca/wrfdel/aermod/d02/1034/wrfout_d02_1034_2019.nc
wrfout_d02_1035_2019.nc,1035,d02,2019,102,352,111,361,60.48699951,-131.7238007,60.11750031,-132.2631989,https://nrs.objectstore.gov.bc.ca/wrfdel/aermod/d02/1035/wrfout_d02_1035_2019.nc
wrfout_d02_1036_2019.nc,1036,d02,2019,102,362,111,371,60.84069824,-131.8374023,60.47100067,-132.3811951,https://nrs.objectstore.gov.bc.ca/wrfdel/aermod/d02/1036/wrfout_d02_1036_2019.nc
wrfout_d02_1037_2019.nc,1037,d02,2019,102,372,111,373,60.91139984,-131.8603973,60.82410049,-132.5016022,https://nrs.objectstore.gov.bc.ca/wrfdel/aermod/d02/1037/wrfout_d02_1037_2019.nc
wrfout_d02_1104_2019.nc,1104,d02,2019,112,42,121,51,49.49300003,-128.5337067,49.13660049,-128.9691925,https://nrs.objectstore.gov.bc.ca/wrfdel/aermod/d02/1104/wrfout_d02_1104_2019.nc
wrfout_d02_1105_2019.nc,1105,d02,2019,112,52,121,61,49.84899902,-128.5944977,49.49219894,-129.0328979,https://nrs.objectstore.gov.bc.ca/wrfdel/aermod/d02/1105/wrfout_d02_1105_2019.nc
wrfout_d02_1106_2019.nc,1106,d02,2019,112,62,121,71,50.2052002,-128.6562958,49.84790039,-129.097702,https://nrs.objectstore.gov.bc.ca/wrfdel/aermod/d02/1106/wrfout_d02_1106_2019.nc
wrfout_d02_1107_2019.nc,1107,d02,2019,112,72,121,81,50.56159973,-128.7189941,50.2038002,-129.1634979,https://nrs.objectstore.gov.bc.ca/wrfdel/aermod/d02/1107/wrfout_d02_1107_2019.nc
wrfout_d02_1108_2019.nc,1108,d02,2019,112,82,121,91,50.91809845,-128.7828064,50.55989838,-129.2303009,https://nrs.objectstore.gov.bc.ca/wrfdel/aermod/d02/1108/wrfout_d02_1108_2019.nc
wrfout_d02_1109_2019.nc,1109,d02,2019,112,92,121,101,51.27460098,-128.8475952,50.91600037,-129.2982025,https://nrs.objectstore.gov.bc.ca/wrfdel/aermod/d02/1109/wrfout_d02_1109_2019.nc
wrfout_d02_1110_2019.nc,1110,d02,2019,112,102,121,111,51.63130188,-128.9136047,51.27230072,-129.3672943,https://nrs.objectstore.gov.bc.ca/wrfdel/aermod/d02/1110/wrfout_d02_1110_2019.nc
wrfout_d02_1111_2019.nc,1111,d02,2019,112,112,121,121,51.98809814,-128.9806061,51.62870026,-129.4373932,https://nrs.objectstore.gov.bc.ca/wrfdel/aermod/d02/1111/wrfout_d02_1111_2019.nc
wrfout_d02_1112_2019.nc,1112,d02,2019,112,122,121,131,52.34500122,-129.0487061,51.98519897,-129.5088043,https://nrs.objectstore.gov.bc.ca/wrfdel/aermod/d02/1112/wrfout_d02_1112_2019.nc
wrfout_d02_1113_2019.nc,1113,d02,2019,112,132,121,141,52.70190048,-129.1179047,52.34170151,-129.5812988,https://nrs.objectstore.gov.bc.ca/wrfdel/aermod/d02/1113/wrfout_d02_1113_2019.nc
wrfout_d02_1114_2019.nc,1114,d02,2019,112,142,121,151,53.05889893,-129.1884003,52.69829941,-129.6549988,https://nrs.objectstore.gov.bc.ca/wrfdel/aermod/d02/1114/wrfout_d02_1114_2019.nc
wrfout_d02_1115_2019.nc,1115,d02,2019,112,152,121,161,53.41600037,-129.2599945,53.05490112,-129.7299957,https://nrs.objectstore.gov.bc.ca/wrfdel/aermod/d02/1115/wrfout_d02_1115_2019.nc
wrfout_d02_1116_2019.nc,1116,d02,2019,112,162,121,171,53.77299881,-129.332901,53.41159821,-129.8063049,https://nrs.objectstore.gov.bc.ca/wrfdel/aermod/d02/1116/wrfout_d02_1116_2019.nc
wrfout_d02_1117_2019.nc,1117,d02,2019,112,172,121,181,54.13000107,-129.4071045,53.7682991,-129.8838959,https://nrs.objectstore.gov.bc.ca/wrfdel/aermod/d02/1117/wrfout_d02_1117_2019.nc
wrfout_d02_1118_2019.nc,1118,d02,2019,112,182,121,191,54.48709869,-129.4824982,54.125,-129.9629059,https://nrs.objectstore.gov.bc.ca/wrfdel/aermod/d02/1118/wrfout_d02_1118_2019.nc
wrfout_d02_1119_2019.nc,1119,d02,2019,112,192,121,201,54.84410095,-129.5592957,54.4817009,-130.0431976,https://nrs.objectstore.gov.bc.ca/wrfdel/aermod/d02/1119/wrfout_d02_1119_2019.nc
wrfout_d02_1120_2019.nc,1120,d02,2019,112,202,121,211,55.2010994,-129.6374969,54.8382988,-130.125,https://nrs.objectstore.gov.bc.ca/wrfdel/aermod/d02/1120/wrfout_d02_1120_2019.nc
wrfout_d02_1121_2019.nc,1121,d02,2019,112,212,121,221,55.55799866,-129.7171021,55.19490051,-130.2082062,https://nrs.objectstore.gov.bc.ca/wrfdel/aermod/d02/1121/wrfout_d02_1121_2019.nc
wrfout_d02_1122_2019.nc,1122,d02,2019,112,222,121,231,55.91490173,-129.7982025,55.55149841,-130.2929993,https://nrs.objectstore.gov.bc.ca/wrfdel/aermod/d02/1122/wrfout_d02_1122_2019.nc
wrfout_d02_1123_2019.nc,1123,d02,2019,112,232,121,241,56.27159882,-129.8807068,55.90790176,-130.379303,https://nrs.objectstore.gov.bc.ca/wrfdel/aermod/d02/1123/wrfout_d02_1123_2019.nc
wrfout_d02_1124_2019.nc,1124,d02,2019,112,242,121,251,56.62829971,-129.964798,56.2643013,-130.4671936,https://nrs.objectstore.gov.bc.ca/wrfdel/aermod/d02/1124/wrfout_d02_1124_2019.nc
wrfout_d02_1125_2019.nc,1125,d02,2019,112,252,121,261,56.98490143,-130.0503998,56.62060165,-130.5565948,https://nrs.objectstore.gov.bc.ca/wrfdel/aermod/d02/1125/wrfout_d02_1125_2019.nc
wrfout_d02_1126_2019.nc,1126,d02,2019,112,262,121,271,57.34130096,-130.1376953,56.97669983,-130.6477966,https://nrs.objectstore.gov.bc.ca/wrfdel/aermod/d02/1126/wrfout_d02_1126_2019.nc
wrfout_d02_1127_2019.nc,1127,d02,2019,112,272,121,281,57.69760132,-130.2266998,57.33280182,-130.7407074,https://nrs.objectstore.gov.bc.ca/wrfdel/aermod/d02/1127/wrfout_d02_1127_2019.nc
wrfout_d02_1128_2019.nc,1128,d02,2019,112,282,121,291,58.05369949,-130.3173065,57.68859863,-130.8354034,https://nrs.objectstore.gov.bc.ca/wrfdel/aermod/d02/1128/wrfout_d02_1128_2019.nc
wrfout_d02_1129_2019.nc,1129,d02,2019,112,292,121,301,58.40969849,-130.4098053,58.04430008,-130.9319,https://nrs.objectstore.gov.bc.ca/wrfdel/aermod/d02/1129/wrfout_d02_1129_2019.nc
wrfout_d02_1130_2019.nc,1130,d02,2019,112,302,121,311,58.76539993,-130.5039978,58.39979935,-131.030304,https://nrs.objectstore.gov.bc.ca/wrfdel/aermod/d02/1130/wrfout_d02_1130_2019.nc
wrfout_d02_1131_2019.nc,1131,d02,2019,112,312,121,321,59.1208992,-130.6000977,58.75510025,-131.1306,https://nrs.objectstore.gov.bc.ca/wrfdel/aermod/d02/1131/wrfout_d02_1131_2019.nc
wrfout_d02_1132_2019.nc,1132,d02,2019,112,322,121,331,59.4762001,-130.6981049,59.11019897,-131.2328949,https://nrs.objectstore.gov.bc.ca/wrfdel/aermod/d02/1132/wrfout_d02_1132_2019.nc
wrfout_d02_1133_2019.nc,1133,d02,2019,112,332,121,341,59.83129883,-130.7980957,59.46500015,-131.337204,https://nrs.objectstore.gov.bc.ca/wrfdel/aermod/d02/1133/wrfout_d02_1133_2019.nc
wrfout_d02_1134_2019.nc,1134,d02,2019,112,342,121,351,60.18610001,-130.9002075,59.81959915,-131.4436035,https://nrs.objectstore.gov.bc.ca/wrfdel/aermod/d02/1134/wrfout_d02_1134_2019.nc
wrfout_d02_1135_2019.nc,1135,d02,2019,112,352,121,361,60.54059982,-131.0043945,60.1739006,-131.5523071,https://nrs.objectstore.gov.bc.ca/wrfdel/aermod/d02/1135/wrfout_d02_1135_2019.nc
wrfout_d02_1136_2019.nc,1136,d02,2019,112,362,121,371,60.89479828,-131.1107025,60.5279007,-131.6631012,https://nrs.objectstore.gov.bc.ca/wrfdel/aermod/d02/1136/wrfout_d02_1136_2019.nc
wrfout_d02_1137_2019.nc,1137,d02,2019,112,372,121,373,60.96559906,-131.1322021,60.88159943,-131.7763062,https://nrs.objectstore.gov.bc.ca/wrfdel/aermod/d02/1137/wrfout_d02_1137_2019.nc
wrfout_d02_1203_2019.nc,1203,d02,2019,122,32,131,41,49.17459869,-127.9296036,48.82089996,-128.3666992,https://nrs.objectstore.gov.bc.ca/wrfdel/aermod/d02/1203/wrfout_d02_1203_2019.nc
wrfout_d02_1204_2019.nc,1204,d02,2019,122,42,131,51,49.53079987,-127.985199,49.17660141,-128.4253998,https://nrs.objectstore.gov.bc.ca/wrfdel/aermod/d02/1204/wrfout_d02_1204_2019.nc
wrfout_d02_1205_2019.nc,1205,d02,2019,122,52,131,61,49.8871994,-128.0417023,49.53250122,-128.4848938,https://nrs.objectstore.gov.bc.ca/wrfdel/aermod/d02/1205/wrfout_d02_1205_2019.nc
wrfout_d02_1206_2019.nc,1206,d02,2019,122,62,131,71,50.24369812,-128.0991974,49.8885994,-128.5453949,https://nrs.objectstore.gov.bc.ca/wrfdel/aermod/d02/1206/wrfout_d02_1206_2019.nc
wrfout_d02_1207_2019.nc,1207,d02,2019,122,72,131,81,50.60029984,-128.1575012,50.24480057,-128.6067963,https://nrs.objectstore.gov.bc.ca/wrfdel/aermod/d02/1207/wrfout_d02_1207_2019.nc
wrfout_d02_1208_2019.nc,1208,d02,2019,122,82,131,91,50.9571991,-128.2167969,50.6012001,-128.6692047,https://nrs.objectstore.gov.bc.ca/wrfdel/aermod/d02/1208/wrfout_d02_1208_2019.nc
wrfout_d02_1209_2019.nc,1209,d02,2019,122,92,131,101,51.31409836,-128.2769928,50.95780182,-128.7326965,https://nrs.objectstore.gov.bc.ca/wrfdel/aermod/d02/1209/wrfout_d02_1209_2019.nc
wrfout_d02_1210_2019.nc,1210,d02,2019,122,102,131,111,51.67110062,-128.3383026,51.31439972,-128.7971039,https://nrs.objectstore.gov.bc.ca/wrfdel/aermod/d02/1210/wrfout_d02_1210_2019.nc
wrfout_d02_1211_2019.nc,1211,d02,2019,122,112,131,121,52.02830124,-128.4006042,51.67110062,-128.8627014,https://nrs.objectstore.gov.bc.ca/wrfdel/aermod/d02/1211/wrfout_d02_1211_2019.nc
wrfout_d02_1212_2019.nc,1212,d02,2019,122,122,131,131,52.38550186,-128.4638977,52.02799988,-128.929306,https://nrs.objectstore.gov.bc.ca/wrfdel/aermod/d02/1212/wrfout_d02_1212_2019.nc
wrfout_d02_1213_2019.nc,1213,d02,2019,122,132,131,141,52.74280167,-128.5283051,52.38489914,-128.996994,https://nrs.objectstore.gov.bc.ca/wrfdel/aermod/d02/1213/wrfout_d02_1213_2019.nc
wrfout_d02_1214_2019.nc,1214,d02,2019,122,142,131,151,53.10010147,-128.5937958,52.7419014,-129.0659943,https://nrs.objectstore.gov.bc.ca/wrfdel/aermod/d02/1214/wrfout_d02_1214_2019.nc
wrfout_d02_1215_2019.nc,1215,d02,2019,122,152,131,161,53.45750046,-128.6604004,53.09889984,-129.1360016,https://nrs.objectstore.gov.bc.ca/wrfdel/aermod/d02/1215/wrfout_d02_1215_2019.nc
wrfout_d02_1216_2019.nc,1216,d02,2019,122,162,131,171,53.81489944,-128.7281036,53.45589828,-129.2073059,https://nrs.objectstore.gov.bc.ca/wrfdel/aermod/d02/1216/wrfout_d02_1216_2019.nc
wrfout_d02_1217_2019.nc,1217,d02,2019,122,172,131,181,54.17229843,-128.7971039,53.81299973,-129.2798004,https://nrs.objectstore.gov.bc.ca/wrfdel/aermod/d02/1217/wrfout_d02_1217_2019.nc
wrfout_d02_1218_2019.nc,1218,d02,2019,122,182,131,191,54.52970123,-128.8672028,54.17010117,-129.3536072,https://nrs.objectstore.gov.bc.ca/wrfdel/aermod/d02/1218/wrfout_d02_1218_2019.nc
wrfout_d02_1219_2019.nc,1219,d02,2019,122,192,131,201,54.88710022,-128.9387054,54.52719879,-129.4286041,https://nrs.objectstore.gov.bc.ca/wrfdel/aermod/d02/1219/wrfout_d02_1219_2019.nc
wrfout_d02_1220_2019.nc,1220,d02,2019,122,202,131,211,55.24449921,-129.0113983,54.88420105,-129.5050049,https://nrs.objectstore.gov.bc.ca/wrfdel/aermod/d02/1220/wrfout_d02_1220_2019.nc
wrfout_d02_1221_2019.nc,1221,d02,2019,122,212,131,221,55.60179901,-129.0854034,55.24129868,-129.5827942,https://nrs.objectstore.gov.bc.ca/wrfdel/aermod/d02/1221/wrfout_d02_1221_2019.nc
wrfout_d02_1222_2019.nc,1222,d02,2019,122,222,131,231,55.95909882,-129.1607971,55.59820175,-129.6620026,https://nrs.objectstore.gov.bc.ca/wrfdel/aermod/d02/1222/wrfout_d02_1222_2019.nc
wrfout_d02_1223_2019.nc,1223,d02,2019,122,232,131,241,56.31629944,-129.2375031,55.95510101,-129.7425995,https://nrs.objectstore.gov.bc.ca/wrfdel/aermod/d02/1223/wrfout_d02_1223_2019.nc
wrfout_d02_1224_2019.nc,1224,d02,2019,122,242,131,251,56.6733017,-129.3157043,56.31190109,-129.824707,https://nrs.objectstore.gov.bc.ca/wrfdel/aermod/d02/1224/wrfout_d02_1224_2019.nc
wrfout_d02_1225_2019.nc,1225,d02,2019,122,252,131,261,57.03030014,-129.395401,56.66859818,-129.9084015,https://nrs.objectstore.gov.bc.ca/wrfdel/aermod/d02/1225/wrfout_d02_1225_2019.nc
wrfout_d02_1226_2019.nc,1226,d02,2019,122,262,131,271,57.3871994,-129.4765015,57.02519989,-129.9936066,https://nrs.objectstore.gov.bc.ca/wrfdel/aermod/d02/1226/wrfout_d02_1226_2019.nc
wrfout_d02_1227_2019.nc,1227,d02,2019,122,272,131,281,57.7439003,-129.5592041,57.38169861,-130.0803986,https://nrs.objectstore.gov.bc.ca/wrfdel/aermod/d02/1227/wrfout_d02_1227_2019.nc
wrfout_d02_1228_2019.nc,1228,d02,2019,122,282,131,291,58.10039902,-129.6436005,57.73799896,-130.1688995,https://nrs.objectstore.gov.bc.ca/wrfdel/aermod/d02/1228/wrfout_d02_1228_2019.nc
wrfout_d02_1229_2019.nc,1229,d02,2019,122,292,131,301,58.45679855,-129.729599,58.09420013,-130.2590942,https://nrs.objectstore.gov.bc.ca/wrfdel/aermod/d02/1229/wrfout_d02_1229_2019.nc
wrfout_d02_1230_2019.nc,1230,d02,2019,122,302,131,311,58.81299973,-129.8171997,58.45009995,-130.3511047,https://nrs.objectstore.gov.bc.ca/wrfdel/aermod/d02/1230/wrfout_d02_1230_2019.nc
wrfout_d02_1231_2019.nc,1231,d02,2019,122,312,131,321,59.16899872,-129.906601,58.80590057,-130.4447937,https://nrs.objectstore.gov.bc.ca/wrfdel/aermod/d02/1231/wrfout_d02_1231_2019.nc
wrfout_d02_1232_2019.nc,1232,d02,2019,122,322,131,331,59.52470016,-129.9978027,59.16149902,-130.5404968,https://nrs.objectstore.gov.bc.ca/wrfdel/aermod/d02/1232/wrfout_d02_1232_2019.nc
wrfout_d02_1233_2019.nc,1233,d02,2019,122,332,131,341,59.88029861,-130.0908966,59.51679993,-130.6380005,https://nrs.objectstore.gov.bc.ca/wrfdel/aermod/d02/1233/wrfout_d02_1233_2019.nc
wrfout_d02_1234_2019.nc,1234,d02,2019,122,342,131,351,60.23550034,-130.1858063,59.87179947,-130.7375031,https://nrs.objectstore.gov.bc.ca/wrfdel/aermod/d02/1234/wrfout_d02_1234_2019.nc
wrfout_d02_1235_2019.nc,1235,d02,2019,122,352,131,361,60.59049988,-130.2828064,60.22669983,-130.8390961,https://nrs.objectstore.gov.bc.ca/wrfdel/aermod/d02/1235/wrfout_d02_1235_2019.nc
wrfout_d02_1236_2019.nc,1236,d02,2019,122,362,131,371,60.94520187,-130.3816986,60.58119965,-130.9427948,https://nrs.objectstore.gov.bc.ca/wrfdel/aermod/d02/1236/wrfout_d02_1236_2019.nc
wrfout_d02_1237_2019.nc,1237,d02,2019,122,372,131,373,61.01610184,-130.4017944,60.9353981,-131.0485992,https://nrs.objectstore.gov.bc.ca/wrfdel/aermod/d02/1237/wrfout_d02_1237_2019.nc
wrfout_d02_1302_2019.nc,1302,d02,2019,132,22,141,31,48.85300064,-127.3339005,48.50189972,-127.7725983,https://nrs.objectstore.gov.bc.ca/wrfdel/aermod/d02/1302/wrfout_d02_1302_2019.nc
wrfout_d02_1303_2019.nc,1303,d02,2019,132,32,141,41,49.20930099,-127.3844986,48.85779953,-127.8262024,https://nrs.objectstore.gov.bc.ca/wrfdel/aermod/d02/1303/wrfout_d02_1303_2019.nc
wrfout_d02_1304_2019.nc,1304,d02,2019,132,42,141,51,49.56579971,-127.4358978,49.21379852,-127.8806,https://nrs.objectstore.gov.bc.ca/wrfdel/aermod/d02/1304/wrfout_d02_1304_2019.nc
wrfout_d02_1305_2019.nc,1305,d02,2019,132,52,141,61,49.92240143,-127.4880981,49.57009888,-127.9358978,https://nrs.objectstore.gov.bc.ca/wrfdel/aermod/d02/1305/wrfout_d02_1305_2019.nc
wrfout_d02_1306_2019.nc,1306,d02,2019,132,62,141,71,50.27930069,-127.5410995,49.92649841,-127.9921036,https://nrs.objectstore.gov.bc.ca/wrfdel/aermod/d02/1306/wrfout_d02_1306_2019.nc
wrfout_d02_1307_2019.nc,1307,d02,2019,132,72,141,81,50.63619995,-127.5950012,50.28300095,-128.0491028,https://nrs.objectstore.gov.bc.ca/wrfdel/aermod/d02/1307/wrfout_d02_1307_2019.nc
wrfout_d02_1308_2019.nc,1308,d02,2019,132,82,141,91,50.99340057,-127.6498032,50.63970184,-128.1071014,https://nrs.objectstore.gov.bc.ca/wrfdel/aermod/d02/1308/wrfout_d02_1308_2019.nc
wrfout_d02_1309_2019.nc,1309,d02,2019,132,92,141,101,51.3506012,-127.7053986,50.9966011,-128.1661072,https://nrs.objectstore.gov.bc.ca/wrfdel/aermod/d02/1309/wrfout_d02_1309_2019.nc
wrfout_d02_1310_2019.nc,1310,d02,2019,132,102,141,111,51.70800018,-127.762001,51.35359955,-128.2259979,https://nrs.objectstore.gov.bc.ca/wrfdel/aermod/d02/1310/wrfout_d02_1310_2019.nc
wrfout_d02_1311_2019.nc,1311,d02,2019,132,112,141,121,52.06539917,-127.8195038,51.71060181,-128.2868042,https://nrs.objectstore.gov.bc.ca/wrfdel/aermod/d02/1311/wrfout_d02_1311_2019.nc
wrfout_d02_1312_2019.nc,1312,d02,2019,132,122,141,131,52.42290115,-127.8779984,52.06779861,-128.3486938,https://nrs.objectstore.gov.bc.ca/wrfdel/aermod/d02/1312/wrfout_d02_1312_2019.nc
wrfout_d02_1313_2019.nc,1313,d02,2019,132,132,141,141,52.7806015,-127.9375,52.42509842,-128.4116974,https://nrs.objectstore.gov.bc.ca/wrfdel/aermod/d02/1313/wrfout_d02_1313_2019.nc
wrfout_d02_1314_2019.nc,1314,d02,2019,132,142,141,151,53.13819885,-127.9980011,52.78239822,-128.4756927,https://nrs.objectstore.gov.bc.ca/wrfdel/aermod/d02/1314/wrfout_d02_1314_2019.nc
wrfout_d02_1315_2019.nc,1315,d02,2019,132,152,141,161,53.4958992,-128.0596008,53.13980103,-128.540802,https://nrs.objectstore.gov.bc.ca/wrfdel/aermod/d02/1315/wrfout_d02_1315_2019.nc
wrfout_d02_1316_2019.nc,1316,d02,2019,132,162,141,171,53.85369873,-128.1221924,53.49720001,-128.6069946,https://nrs.objectstore.gov.bc.ca/wrfdel/aermod/d02/1316/wrfout_d02_1316_2019.nc
wrfout_d02_1317_2019.nc,1317,d02,2019,132,172,141,181,54.21149826,-128.1858978,53.85469818,-128.6743927,https://nrs.objectstore.gov.bc.ca/wrfdel/aermod/d02/1317/wrfout_d02_1317_2019.nc
wrfout_d02_1318_2019.nc,1318,d02,2019,132,182,141,191,54.56919861,-128.2507019,54.21210098,-128.7429047,https://nrs.objectstore.gov.bc.ca/wrfdel/aermod/d02/1318/wrfout_d02_1318_2019.nc
wrfout_d02_1319_2019.nc,1319,d02,2019,132,192,141,201,54.92699814,-128.3166962,54.56959915,-128.8126984,https://nrs.objectstore.gov.bc.ca/wrfdel/aermod/d02/1319/wrfout_d02_1319_2019.nc
wrfout_d02_1320_2019.nc,1320,d02,2019,132,202,141,211,55.28469849,-128.3838959,54.92699814,-128.8836975,https://nrs.objectstore.gov.bc.ca/wrfdel/aermod/d02/1320/wrfout_d02_1320_2019.nc
wrfout_d02_1321_2019.nc,1321,d02,2019,132,212,141,221,55.64239883,-128.452301,55.28440094,-128.9559937,https://nrs.objectstore.gov.bc.ca/wrfdel/aermod/d02/1321/wrfout_d02_1321_2019.nc
wrfout_d02_1322_2019.nc,1322,d02,2019,132,222,141,231,56,-128.5218964,55.64179993,-129.0294952,https://nrs.objectstore.gov.bc.ca/wrfdel/aermod/d02/1322/wrfout_d02_1322_2019.nc
wrfout_d02_1323_2019.nc,1323,d02,2019,132,232,141,241,56.35760117,-128.5928955,55.99900055,-129.1045074,https://nrs.objectstore.gov.bc.ca/wrfdel/aermod/d02/1323/wrfout_d02_1323_2019.nc
wrfout_d02_1324_2019.nc,1324,d02,2019,132,242,141,251,56.71500015,-128.6651001,56.35620117,-129.1808014,https://nrs.objectstore.gov.bc.ca/wrfdel/aermod/d02/1324/wrfout_d02_1324_2019.nc
wrfout_d02_1325_2019.nc,1325,d02,2019,132,252,141,261,57.07239914,-128.7388,56.71340179,-129.258606,https://nrs.objectstore.gov.bc.ca/wrfdel/aermod/d02/1325/wrfout_d02_1325_2019.nc
wrfout_d02_1326_2019.nc,1326,d02,2019,132,262,141,271,57.42959976,-128.813797,57.07040024,-129.3377991,https://nrs.objectstore.gov.bc.ca/wrfdel/aermod/d02/1326/wrfout_d02_1326_2019.nc
wrfout_d02_1327_2019.nc,1327,d02,2019,132,272,141,281,57.7867012,-128.8901978,57.42720032,-129.4185028,https://nrs.objectstore.gov.bc.ca/wrfdel/aermod/d02/1327/wrfout_d02_1327_2019.nc
wrfout_d02_1328_2019.nc,1328,d02,2019,132,282,141,291,58.14369965,-128.9682007,57.7840004,-129.5007019,https://nrs.objectstore.gov.bc.ca/wrfdel/aermod/d02/1328/wrfout_d02_1328_2019.nc
wrfout_d02_1329_2019.nc,1329,d02,2019,132,292,141,301,58.50049973,-129.047699,58.1405983,-129.5845947,https://nrs.objectstore.gov.bc.ca/wrfdel/aermod/d02/1329/wrfout_d02_1329_2019.nc
wrfout_d02_1330_2019.nc,1330,d02,2019,132,302,141,311,58.85710144,-129.1286926,58.49700165,-129.670105,https://nrs.objectstore.gov.bc.ca/wrfdel/aermod/d02/1330/wrfout_d02_1330_2019.nc
wrfout_d02_1331_2019.nc,1331,d02,2019,132,312,141,321,59.21350098,-129.2113953,58.85319901,-129.7572021,https://nrs.objectstore.gov.bc.ca/wrfdel/aermod/d02/1331/wrfout_d02_1331_2019.nc
wrfout_d02_1332_2019.nc,1332,d02,2019,132,322,141,331,59.56969833,-129.2957001,59.20920181,-129.8462067,https://nrs.objectstore.gov.bc.ca/wrfdel/aermod/d02/1332/wrfout_d02_1332_2019.nc
wrfout_d02_1333_2019.nc,1333,d02,2019,132,332,141,341,59.92559814,-129.3816986,59.56499863,-129.9367981,https://nrs.objectstore.gov.bc.ca/wrfdel/aermod/d02/1333/wrfout_d02_1333_2019.nc
wrfout_d02_1334_2019.nc,1334,d02,2019,132,342,141,351,60.28129959,-129.4694977,59.92050171,-130.0294037,https://nrs.objectstore.gov.bc.ca/wrfdel/aermod/d02/1334/wrfout_d02_1334_2019.nc
wrfout_d02_1335_2019.nc,1335,d02,2019,132,352,141,361,60.63679886,-129.5592041,60.2757988,-130.1237946,https://nrs.objectstore.gov.bc.ca/wrfdel/aermod/d02/1335/wrfout_d02_1335_2019.nc
wrfout_d02_1336_2019.nc,1336,d02,2019,132,362,141,371,60.9919014,-129.6506958,60.63079834,-130.2201996,https://nrs.objectstore.gov.bc.ca/wrfdel/aermod/d02/1336/wrfout_d02_1336_2019.nc
wrfout_d02_1337_2019.nc,1337,d02,2019,132,372,141,373,61.06290054,-129.6692047,60.98550034,-130.3186035,https://nrs.objectstore.gov.bc.ca/wrfdel/aermod/d02/1337/wrfout_d02_1337_2019.nc
wrfout_d02_1402_2019.nc,1402,d02,2019,142,22,151,31,48.88470078,-126.7921982,48.53580093,-127.2352982,https://nrs.objectstore.gov.bc.ca/wrfdel/aermod/d02/1402/wrfout_d02_1402_2019.nc
wrfout_d02_1403_2019.nc,1403,d02,2019,142,32,151,41,49.24119949,-126.8386002,48.89189911,-127.2847977,https://nrs.objectstore.gov.bc.ca/wrfdel/aermod/d02/1403/wrfout_d02_1403_2019.nc
wrfout_d02_1404_2019.nc,1404,d02,2019,142,42,151,51,49.59799957,-126.8856964,49.24829865,-127.3349991,https://nrs.objectstore.gov.bc.ca/wrfdel/aermod/d02/1404/wrfout_d02_1404_2019.nc
wrfout_d02_1405_2019.nc,1405,d02,2019,142,52,151,61,49.95489883,-126.9336014,49.60480118,-127.3860016,https://nrs.objectstore.gov.bc.ca/wrfdel/aermod/d02/1405/wrfout_d02_1405_2019.nc
wrfout_d02_1406_2019.nc,1406,d02,2019,142,62,151,71,50.31200027,-126.9822006,49.96149826,-127.4378967,https://nrs.objectstore.gov.bc.ca/wrfdel/aermod/d02/1406/wrfout_d02_1406_2019.nc
wrfout_d02_1407_2019.nc,1407,d02,2019,142,72,151,81,50.66930008,-127.031601,50.31840134,-127.4906006,https://nrs.objectstore.gov.bc.ca/wrfdel/aermod/d02/1407/wrfout_d02_1407_2019.nc
wrfout_d02_1408_2019.nc,1408,d02,2019,142,82,151,91,51.02659988,-127.0818024,50.67539978,-127.5440979,https://nrs.objectstore.gov.bc.ca/wrfdel/aermod/d02/1408/wrfout_d02_1408_2019.nc
wrfout_d02_1409_2019.nc,1409,d02,2019,142,92,151,101,51.38420105,-127.1328964,51.03250122,-127.5985031,https://nrs.objectstore.gov.bc.ca/wrfdel/aermod/d02/1409/wrfout_d02_1409_2019.nc
wrfout_d02_1410_2019.nc,1410,d02,2019,142,102,151,111,51.7417984,-127.1847992,51.38980103,-127.653801,https://nrs.objectstore.gov.bc.ca/wrfdel/aermod/d02/1410/wrfout_d02_1410_2019.nc
wrfout_d02_1411_2019.nc,1411,d02,2019,142,112,151,121,52.09960175,-127.2375031,51.74720001,-127.7099991,https://nrs.objectstore.gov.bc.ca/wrfdel/aermod/d02/1411/wrfout_d02_1411_2019.nc
wrfout_d02_1412_2019.nc,1412,d02,2019,142,122,151,131,52.45740128,-127.2911987,52.10469818,-127.7670975,https://nrs.objectstore.gov.bc.ca/wrfdel/aermod/d02/1412/wrfout_d02_1412_2019.nc
wrfout_d02_1413_2019.nc,1413,d02,2019,142,132,151,141,52.81529999,-127.3457031,52.46229935,-127.8252029,https://nrs.objectstore.gov.bc.ca/wrfdel/aermod/d02/1413/wrfout_d02_1413_2019.nc
wrfout_d02_1414_2019.nc,1414,d02,2019,142,142,151,151,53.1733017,-127.4011993,52.81990051,-127.8843002,https://nrs.objectstore.gov.bc.ca/wrfdel/aermod/d02/1414/wrfout_d02_1414_2019.nc
wrfout_d02_1415_2019.nc,1415,d02,2019,142,152,151,161,53.53129959,-127.4577026,53.17760086,-127.944397,https://nrs.objectstore.gov.bc.ca/wrfdel/aermod/d02/1415/wrfout_d02_1415_2019.nc
wrfout_d02_1416_2019.nc,1416,d02,2019,142,162,151,171,53.88940048,-127.5150986,53.53540039,-128.0056,https://nrs.objectstore.gov.bc.ca/wrfdel/aermod/d02/1416/wrfout_d02_1416_2019.nc
wrfout_d02_1417_2019.nc,1417,d02,2019,142,172,151,181,54.24750137,-127.5736008,53.89319992,-128.0677948,https://nrs.objectstore.gov.bc.ca/wrfdel/aermod/d02/1417/wrfout_d02_1417_2019.nc
wrfout_d02_1418_2019.nc,1418,d02,2019,142,182,151,191,54.60559845,-127.6330032,54.25099945,-128.1311035,https://nrs.objectstore.gov.bc.ca/wrfdel/aermod/d02/1418/wrfout_d02_1418_2019.nc
wrfout_d02_1419_2019.nc,1419,d02,2019,142,192,151,201,54.96360016,-127.6934967,54.60879898,-128.1954956,https://nrs.objectstore.gov.bc.ca/wrfdel/aermod/d02/1419/wrfout_d02_1419_2019.nc
wrfout_d02_1420_2019.nc,1420,d02,2019,142,202,151,211,55.32170105,-127.7552032,54.96659851,-128.2610016,https://nrs.objectstore.gov.bc.ca/wrfdel/aermod/d02/1420/wrfout_d02_1420_2019.nc
wrfout_d02_1421_2019.nc,1421,d02,2019,142,212,151,221,55.67969894,-127.8179016,55.32429886,-128.3278046,https://nrs.objectstore.gov.bc.ca/wrfdel/aermod/d02/1421/wrfout_d02_1421_2019.nc
wrfout_d02_1422_2019.nc,1422,d02,2019,142,222,151,231,56.03770065,-127.8817978,55.68199921,-128.3957977,https://nrs.objectstore.gov.bc.ca/wrfdel/aermod/d02/1422/wrfout_d02_1422_2019.nc
wrfout_d02_1423_2019.nc,1423,d02,2019,142,232,151,241,56.39559937,-127.9468994,56.03969955,-128.4649963,https://nrs.objectstore.gov.bc.ca/wrfdel/aermod/d02/1423/wrfout_d02_1423_2019.nc
wrfout_d02_1424_2019.nc,1424,d02,2019,142,242,151,251,56.7533989,-128.0131989,56.39730072,-128.5354004,https://nrs.objectstore.gov.bc.ca/wrfdel/aermod/d02/1424/wrfout_d02_1424_2019.nc
wrfout_d02_1425_2019.nc,1425,d02,2019,142,252,151,261,57.11109924,-128.0807953,56.75479889,-128.607193,https://nrs.objectstore.gov.bc.ca/wrfdel/aermod/d02/1425/wrfout_d02_1425_2019.nc
wrfout_d02_1426_2019.nc,1426,d02,2019,142,262,151,271,57.46870041,-128.1495972,57.11220169,-128.6804047,https://nrs.objectstore.gov.bc.ca/wrfdel/aermod/d02/1426/wrfout_d02_1426_2019.nc
wrfout_d02_1427_2019.nc,1427,d02,2019,142,272,151,281,57.82619858,-128.2198029,57.4693985,-128.7550049,https://nrs.objectstore.gov.bc.ca/wrfdel/aermod/d02/1427/wrfout_d02_1427_2019.nc
wrfout_d02_1428_2019.nc,1428,d02,2019,142,282,151,291,58.18349838,-128.2913055,57.82659912,-128.8309021,https://nrs.objectstore.gov.bc.ca/wrfdel/aermod/d02/1428/wrfout_d02_1428_2019.nc
wrfout_d02_1429_2019.nc,1429,d02,2019,142,292,151,301,58.54069901,-128.3641968,58.18349838,-128.9084015,https://nrs.objectstore.gov.bc.ca/wrfdel/aermod/d02/1429/wrfout_d02_1429_2019.nc
wrfout_d02_1430_2019.nc,1430,d02,2019,142,302,151,311,58.89759827,-128.4385986,58.54029846,-128.9873962,https://nrs.objectstore.gov.bc.ca/wrfdel/aermod/d02/1430/wrfout_d02_1430_2019.nc
wrfout_d02_1431_2019.nc,1431,d02,2019,142,312,151,321,59.25439835,-128.5144043,58.89699936,-129.0679016,https://nrs.objectstore.gov.bc.ca/wrfdel/aermod/d02/1431/wrfout_d02_1431_2019.nc
wrfout_d02_1432_2019.nc,1432,d02,2019,142,322,151,331,59.61100006,-128.5917969,59.2533989,-129.1499939,https://nrs.objectstore.gov.bc.ca/wrfdel/aermod/d02/1432/wrfout_d02_1432_2019.nc
wrfout_d02_1433_2019.nc,1433,d02,2019,142,332,151,341,59.9673996,-128.6708069,59.60960007,-129.2337952,https://nrs.objectstore.gov.bc.ca/wrfdel/aermod/d02/1433/wrfout_d02_1433_2019.nc
wrfout_d02_1434_2019.nc,1434,d02,2019,142,342,151,351,60.32350159,-128.7514038,59.96559906,-129.3193054,https://nrs.objectstore.gov.bc.ca/wrfdel/aermod/d02/1434/wrfout_d02_1434_2019.nc
wrfout_d02_1435_2019.nc,1435,d02,2019,142,352,151,361,60.6792984,-128.8336945,60.32130051,-129.406601,https://nrs.objectstore.gov.bc.ca/wrfdel/aermod/d02/1435/wrfout_d02_1435_2019.nc
wrfout_d02_1436_2019.nc,1436,d02,2019,142,362,151,371,61.03490067,-128.9176941,60.67670059,-129.495697,https://nrs.objectstore.gov.bc.ca/wrfdel/aermod/d02/1436/wrfout_d02_1436_2019.nc
wrfout_d02_1437_2019.nc,1437,d02,2019,142,372,151,373,61.10599899,-128.9346924,61.0318985,-129.5865936,https://nrs.objectstore.gov.bc.ca/wrfdel/aermod/d02/1437/wrfout_d02_1437_2019.nc
wrfout_d02_1500_2019.nc,1500,d02,2019,152,2,161,11,48.20059967,-126.1673965,47.85480118,-126.6085968,https://nrs.objectstore.gov.bc.ca/wrfdel/aermod/d02/1500/wrfout_d02_1500_2019.nc
wrfout_d02_1501_2019.nc,1501,d02,2019,152,12,161,21,48.55699921,-126.2082977,48.21080017,-126.6526031,https://nrs.objectstore.gov.bc.ca/wrfdel/aermod/d02/1501/wrfout_d02_1501_2019.nc
wrfout_d02_1502_2019.nc,1502,d02,2019,152,22,161,31,48.91360092,-126.2498016,48.56689835,-126.697197,https://nrs.objectstore.gov.bc.ca/wrfdel/aermod/d02/1502/wrfout_d02_1502_2019.nc
wrfout_d02_1503_2019.nc,1503,d02,2019,152,32,161,41,49.270401,-126.2919998,48.9233017,-126.7425995,https://nrs.objectstore.gov.bc.ca/wrfdel/aermod/d02/1503/wrfout_d02_1503_2019.nc
wrfout_d02_1504_2019.nc,1504,d02,2019,152,42,161,51,49.62730026,-126.3348007,49.2798996,-126.7885971,https://nrs.objectstore.gov.bc.ca/wrfdel/aermod/d02/1504/wrfout_d02_1504_2019.nc
wrfout_d02_1505_2019.nc,1505,d02,2019,152,52,161,61,49.98450089,-126.3783035,49.63669968,-126.8354034,https://nrs.objectstore.gov.bc.ca/wrfdel/aermod/d02/1505/wrfout_d02_1505_2019.nc
wrfout_d02_1506_2019.nc,1506,d02,2019,152,62,161,71,50.34189987,-126.4225006,49.99369812,-126.8828964,https://nrs.objectstore.gov.bc.ca/wrfdel/aermod/d02/1506/wrfout_d02_1506_2019.nc
wrfout_d02_1507_2019.nc,1507,d02,2019,152,72,161,81,50.69940186,-126.4673996,50.35079956,-126.9310989,https://nrs.objectstore.gov.bc.ca/wrfdel/aermod/d02/1507/wrfout_d02_1507_2019.nc
wrfout_d02_1508_2019.nc,1508,d02,2019,152,82,161,91,51.05699921,-126.5130997,50.70809937,-126.9802017,https://nrs.objectstore.gov.bc.ca/wrfdel/aermod/d02/1508/wrfout_d02_1508_2019.nc
wrfout_d02_1509_2019.nc,1509,d02,2019,152,92,161,101,51.41479874,-126.5595016,51.06560135,-127.0299988,https://nrs.objectstore.gov.bc.ca/wrfdel/aermod/d02/1509/wrfout_d02_1509_2019.nc
wrfout_d02_1510_2019.nc,1510,d02,2019,152,102,161,111,51.77270126,-126.6066971,51.42309952,-127.0807037,https://nrs.objectstore.gov.bc.ca/wrfdel/aermod/d02/1510/wrfout_d02_1510_2019.nc
wrfout_d02_1511_2019.nc,1511,d02,2019,152,112,161,121,52.13079834,-126.6546021,51.78079987,-127.1322021,https://nrs.objectstore.gov.bc.ca/wrfdel/aermod/d02/1511/wrfout_d02_1511_2019.nc
wrfout_d02_1512_2019.nc,1512,d02,2019,152,122,161,131,52.48889923,-126.7033997,52.1385994,-127.1846008,https://nrs.objectstore.gov.bc.ca/wrfdel/aermod/d02/1512/wrfout_d02_1512_2019.nc
wrfout_d02_1513_2019.nc,1513,d02,2019,152,132,161,141,52.8470993,-126.7529984,52.49649811,-127.2378006,https://nrs.objectstore.gov.bc.ca/wrfdel/aermod/d02/1513/wrfout_d02_1513_2019.nc
wrfout_d02_1514_2019.nc,1514,d02,2019,152,142,161,151,53.20529938,-126.8034973,52.85440063,-127.2919998,https://nrs.objectstore.gov.bc.ca/wrfdel/aermod/d02/1514/wrfout_d02_1514_2019.nc
wrfout_d02_1515_2019.nc,1515,d02,2019,152,152,161,161,53.56359863,-126.8547974,53.21239853,-127.3470001,https://nrs.objectstore.gov.bc.ca/wrfdel/aermod/d02/1515/wrfout_d02_1515_2019.nc
wrfout_d02_1516_2019.nc,1516,d02,2019,152,162,161,171,53.92200089,-126.9069977,53.57049942,-127.4030991,https://nrs.objectstore.gov.bc.ca/wrfdel/aermod/d02/1516/wrfout_d02_1516_2019.nc
wrfout_d02_1517_2019.nc,1517,d02,2019,152,172,161,181,54.28039932,-126.9601974,53.92860031,-127.4600983,https://nrs.objectstore.gov.bc.ca/wrfdel/aermod/d02/1517/wrfout_d02_1517_2019.nc
wrfout_d02_1518_2019.nc,1518,d02,2019,152,182,161,191,54.63869858,-127.0141983,54.2867012,-127.5180969,https://nrs.objectstore.gov.bc.ca/wrfdel/aermod/d02/1518/wrfout_d02_1518_2019.nc
wrfout_d02_1519_2019.nc,1519,d02,2019,152,192,161,201,54.99710083,-127.0692978,54.64479828,-127.5771027,https://nrs.objectstore.gov.bc.ca/wrfdel/aermod/d02/1519/wrfout_d02_1519_2019.nc
wrfout_d02_1520_2019.nc,1520,d02,2019,152,202,161,211,55.35549927,-127.1253967,55.00289917,-127.6371994,https://nrs.objectstore.gov.bc.ca/wrfdel/aermod/d02/1520/wrfout_d02_1520_2019.nc
wrfout_d02_1521_2019.nc,1521,d02,2019,152,212,161,221,55.71379852,-127.1824036,55.36100006,-127.6984024,https://nrs.objectstore.gov.bc.ca/wrfdel/aermod/d02/1521/wrfout_d02_1521_2019.nc
wrfout_d02_1522_2019.nc,1522,d02,2019,152,222,161,231,56.07210159,-127.2405014,55.71910095,-127.7606964,https://nrs.objectstore.gov.bc.ca/wrfdel/aermod/d02/1522/wrfout_d02_1522_2019.nc
wrfout_d02_1523_2019.nc,1523,d02,2019,152,232,161,241,56.43030167,-127.2996979,56.07709885,-127.8240967,https://nrs.objectstore.gov.bc.ca/wrfdel/aermod/d02/1523/wrfout_d02_1523_2019.nc
wrfout_d02_1524_2019.nc,1524,d02,2019,152,242,161,251,56.78839874,-127.3600006,56.43500137,-127.8888016,https://nrs.objectstore.gov.bc.ca/wrfdel/aermod/d02/1524/wrfout_d02_1524_2019.nc
wrfout_d02_1525_2019.nc,1525,d02,2019,152,252,161,261,57.14640045,-127.4215012,56.7928009,-127.9545975,https://nrs.objectstore.gov.bc.ca/wrfdel/aermod/d02/1525/wrfout_d02_1525_2019.nc
wrfout_d02_1526_2019.nc,1526,d02,2019,152,262,161,271,57.50439835,-127.4841003,57.15060043,-128.0216064,https://nrs.objectstore.gov.bc.ca/wrfdel/aermod/d02/1526/wrfout_d02_1526_2019.nc
wrfout_d02_1527_2019.nc,1527,d02,2019,152,272,161,281,57.86220169,-127.5478973,57.5082016,-128.0899963,https://nrs.objectstore.gov.bc.ca/wrfdel/aermod/d02/1527/wrfout_d02_1527_2019.nc
wrfout_d02_1528_2019.nc,1528,d02,2019,152,282,161,291,58.21979904,-127.612999,57.86569977,-128.1596985,https://nrs.objectstore.gov.bc.ca/wrfdel/aermod/d02/1528/wrfout_d02_1528_2019.nc
wrfout_d02_1529_2019.nc,1529,d02,2019,152,292,161,301,58.57730103,-127.6792984,58.22299957,-128.2306976,https://nrs.objectstore.gov.bc.ca/wrfdel/aermod/d02/1529/wrfout_d02_1529_2019.nc
wrfout_d02_1530_2019.nc,1530,d02,2019,152,302,161,311,58.93470001,-127.7470016,58.5802002,-128.3031006,https://nrs.objectstore.gov.bc.ca/wrfdel/aermod/d02/1530/wrfout_d02_1530_2019.nc
wrfout_d02_1531_2019.nc,1531,d02,2019,152,312,161,321,59.29180145,-127.8160019,58.93719864,-128.3769073,https://nrs.objectstore.gov.bc.ca/wrfdel/aermod/d02/1531/wrfout_d02_1531_2019.nc
wrfout_d02_1532_2019.nc,1532,d02,2019,152,322,161,331,59.6487999,-127.8863983,59.29399872,-128.452301,https://nrs.objectstore.gov.bc.ca/wrfdel/aermod/d02/1532/wrfout_d02_1532_2019.nc
wrfout_d02_1533_2019.nc,1533,d02,2019,152,332,161,341,60.00550079,-127.9581985,59.65060043,-128.5290985,https://nrs.objectstore.gov.bc.ca/wrfdel/aermod/d02/1533/wrfout_d02_1533_2019.nc
wrfout_d02_1534_2019.nc,1534,d02,2019,152,342,161,351,60.36199951,-128.031601,60.00699997,-128.6074982,https://nrs.objectstore.gov.bc.ca/wrfdel/aermod/d02/1534/wrfout_d02_1534_2019.nc
wrfout_d02_1535_2019.nc,1535,d02,2019,152,352,161,361,60.71820068,-128.1063995,60.36309814,-128.6876068,https://nrs.objectstore.gov.bc.ca/wrfdel/aermod/d02/1535/wrfout_d02_1535_2019.nc
wrfout_d02_1536_2019.nc,1536,d02,2019,152,362,161,371,61.07410049,-128.1829071,60.71900177,-128.7693024,https://nrs.objectstore.gov.bc.ca/wrfdel/aermod/d02/1536/wrfout_d02_1536_2019.nc
wrfout_d02_1537_2019.nc,1537,d02,2019,152,372,161,373,61.14530182,-128.1983948,61.07450104,-128.8527069,https://nrs.objectstore.gov.bc.ca/wrfdel/aermod/d02/1537/wrfout_d02_1537_2019.nc
wrfout_d02_1600_2019.nc,1600,d02,2019,162,2,171,11,48.22629929,-125.6325989,47.88270187,-126.0780029,https://nrs.objectstore.gov.bc.ca/wrfdel/aermod/d02/1600/wrfout_d02_1600_2019.nc
wrfout_d02_1601_2019.nc,1601,d02,2019,162,12,171,21,48.582901,-125.6694031,48.23889923,-126.1179962,https://nrs.objectstore.gov.bc.ca/wrfdel/aermod/d02/1601/wrfout_d02_1601_2019.nc
wrfout_d02_1602_2019.nc,1602,d02,2019,162,22,171,31,48.93970108,-125.7067032,48.59529877,-126.1585007,https://nrs.objectstore.gov.bc.ca/wrfdel/aermod/d02/1602/wrfout_d02_1602_2019.nc
wrfout_d02_1603_2019.nc,1603,d02,2019,162,32,171,41,49.29669952,-125.7446976,48.95199966,-126.1996002,https://nrs.objectstore.gov.bc.ca/wrfdel/aermod/d02/1603/wrfout_d02_1603_2019.nc
wrfout_d02_1604_2019.nc,1604,d02,2019,162,42,171,51,49.65390015,-125.7832031,49.30879974,-126.2414017,https://nrs.objectstore.gov.bc.ca/wrfdel/aermod/d02/1604/wrfout_d02_1604_2019.nc
wrfout_d02_1605_2019.nc,1605,d02,2019,162,52,171,61,50.01129913,-125.8223038,49.66579819,-126.2838974,https://nrs.objectstore.gov.bc.ca/wrfdel/aermod/d02/1605/wrfout_d02_1605_2019.nc
wrfout_d02_1606_2019.nc,1606,d02,2019,162,62,171,71,50.3689003,-125.8620987,50.02310181,-126.3271027,https://nrs.objectstore.gov.bc.ca/wrfdel/aermod/d02/1606/wrfout_d02_1606_2019.nc
wrfout_d02_1607_2019.nc,1607,d02,2019,162,72,171,81,50.72660065,-125.9024963,50.38040161,-126.370903,https://nrs.objectstore.gov.bc.ca/wrfdel/aermod/d02/1607/wrfout_d02_1607_2019.nc
wrfout_d02_1608_2019.nc,1608,d02,2019,162,82,171,91,51.08449936,-125.9436035,50.73799896,-126.4154968,https://nrs.objectstore.gov.bc.ca/wrfdel/aermod/d02/1608/wrfout_d02_1608_2019.nc
wrfout_d02_1609_2019.nc,1609,d02,2019,162,92,171,101,51.44250107,-125.9853973,51.09569931,-126.460701,https://nrs.objectstore.gov.bc.ca/wrfdel/aermod/d02/1609/wrfout_d02_1609_2019.nc
wrfout_d02_1610_2019.nc,1610,d02,2019,162,102,171,111,51.80070114,-126.0278015,51.45349884,-126.5067978,https://nrs.objectstore.gov.bc.ca/wrfdel/aermod/d02/1610/wrfout_d02_1610_2019.nc
wrfout_d02_1611_2019.nc,1611,d02,2019,162,112,171,121,52.1590004,-126.0709991,51.81150055,-126.5534973,https://nrs.objectstore.gov.bc.ca/wrfdel/aermod/d02/1611/wrfout_d02_1611_2019.nc
wrfout_d02_1612_2019.nc,1612,d02,2019,162,122,171,131,52.51729965,-126.1147995,52.16949844,-126.6010971,https://nrs.objectstore.gov.bc.ca/wrfdel/aermod/d02/1612/wrfout_d02_1612_2019.nc
wrfout_d02_1613_2019.nc,1613,d02,2019,162,132,171,141,52.87580109,-126.1595001,52.52769852,-126.649498,https://nrs.objectstore.gov.bc.ca/wrfdel/aermod/d02/1613/wrfout_d02_1613_2019.nc
wrfout_d02_1614_2019.nc,1614,d02,2019,162,142,171,151,53.23429871,-126.2049026,52.88589859,-126.6987,https://nrs.objectstore.gov.bc.ca/wrfdel/aermod/d02/1614/wrfout_d02_1614_2019.nc
wrfout_d02_1615_2019.nc,1615,d02,2019,162,152,171,161,53.59280014,-126.2509995,53.24420166,-126.748703,https://nrs.objectstore.gov.bc.ca/wrfdel/aermod/d02/1615/wrfout_d02_1615_2019.nc
wrfout_d02_1616_2019.nc,1616,d02,2019,162,162,171,171,53.95140076,-126.2979965,53.60250092,-126.7995987,https://nrs.objectstore.gov.bc.ca/wrfdel/aermod/d02/1616/wrfout_d02_1616_2019.nc
wrfout_d02_1617_2019.nc,1617,d02,2019,162,172,171,181,54.31010056,-126.3458023,53.96089935,-126.8514023,https://nrs.objectstore.gov.bc.ca/wrfdel/aermod/d02/1617/wrfout_d02_1617_2019.nc
wrfout_d02_1618_2019.nc,1618,d02,2019,162,182,171,191,54.66870117,-126.3945007,54.31930161,-126.9040985,https://nrs.objectstore.gov.bc.ca/wrfdel/aermod/d02/1618/wrfout_d02_1618_2019.nc
wrfout_d02_1619_2019.nc,1619,d02,2019,162,192,171,201,55.02740097,-126.4440994,54.67770004,-126.9577026,https://nrs.objectstore.gov.bc.ca/wrfdel/aermod/d02/1619/wrfout_d02_1619_2019.nc
wrfout_d02_1620_2019.nc,1620,d02,2019,162,202,171,211,55.38600159,-126.4944992,55.03609848,-127.0122986,https://nrs.objectstore.gov.bc.ca/wrfdel/aermod/d02/1620/wrfout_d02_1620_2019.nc
wrfout_d02_1621_2019.nc,1621,d02,2019,162,212,171,221,55.74459839,-126.5458984,55.39450073,-127.0679016,https://nrs.objectstore.gov.bc.ca/wrfdel/aermod/d02/1621/wrfout_d02_1621_2019.nc
wrfout_d02_1622_2019.nc,1622,d02,2019,162,222,171,231,56.10319901,-126.5981979,55.75279999,-127.1244965,https://nrs.objectstore.gov.bc.ca/wrfdel/aermod/d02/1622/wrfout_d02_1622_2019.nc
wrfout_d02_1623_2019.nc,1623,d02,2019,162,232,171,241,56.46160126,-126.6513977,56.11119843,-127.1821976,https://nrs.objectstore.gov.bc.ca/wrfdel/aermod/d02/1623/wrfout_d02_1623_2019.nc
wrfout_d02_1624_2019.nc,1624,d02,2019,162,242,171,251,56.82009888,-126.7057037,56.4693985,-127.2408981,https://nrs.objectstore.gov.bc.ca/wrfdel/aermod/d02/1624/wrfout_d02_1624_2019.nc
wrfout_d02_1625_2019.nc,1625,d02,2019,162,252,171,261,57.17839813,-126.7610016,56.82749939,-127.3006973,https://nrs.objectstore.gov.bc.ca/wrfdel/aermod/d02/1625/wrfout_d02_1625_2019.nc
wrfout_d02_1626_2019.nc,1626,d02,2019,162,262,171,271,57.53659821,-126.8173981,57.18560028,-127.3616028,https://nrs.objectstore.gov.bc.ca/wrfdel/aermod/d02/1626/wrfout_d02_1626_2019.nc
wrfout_d02_1627_2019.nc,1627,d02,2019,162,272,171,281,57.8946991,-126.8748016,57.54349899,-127.4236984,https://nrs.objectstore.gov.bc.ca/wrfdel/aermod/d02/1627/wrfout_d02_1627_2019.nc
wrfout_d02_1628_2019.nc,1628,d02,2019,162,282,171,291,58.25270081,-126.933403,57.90140152,-127.4869995,https://nrs.objectstore.gov.bc.ca/wrfdel/aermod/d02/1628/wrfout_d02_1628_2019.nc
wrfout_d02_1629_2019.nc,1629,d02,2019,162,292,171,301,58.61050034,-126.993103,58.25899887,-127.5515976,https://nrs.objectstore.gov.bc.ca/wrfdel/aermod/d02/1629/wrfout_d02_1629_2019.nc
wrfout_d02_1630_2019.nc,1630,d02,2019,162,302,171,311,58.96820068,-127.0540009,58.61660004,-127.6174011,https://nrs.objectstore.gov.bc.ca/wrfdel/aermod/d02/1630/wrfout_d02_1630_2019.nc
wrfout_d02_1631_2019.nc,1631,d02,2019,162,312,171,321,59.32559967,-127.1162033,58.97389984,-127.6845016,https://nrs.objectstore.gov.bc.ca/wrfdel/aermod/d02/1631/wrfout_d02_1631_2019.nc
wrfout_d02_1632_2019.nc,1632,d02,2019,162,322,171,331,59.68289948,-127.1794968,59.33110046,-127.7529984,https://nrs.objectstore.gov.bc.ca/wrfdel/aermod/d02/1632/wrfout_d02_1632_2019.nc
wrfout_d02_1633_2019.nc,1633,d02,2019,162,332,171,341,60.03990173,-127.2442017,59.68799973,-127.8227997,https://nrs.objectstore.gov.bc.ca/wrfdel/aermod/d02/1633/wrfout_d02_1633_2019.nc
wrfout_d02_1634_2019.nc,1634,d02,2019,162,342,171,351,60.39680099,-127.3102036,60.0447998,-127.8940964,https://nrs.objectstore.gov.bc.ca/wrfdel/aermod/d02/1634/wrfout_d02_1634_2019.nc
wrfout_d02_1635_2019.nc,1635,d02,2019,162,352,171,361,60.75329971,-127.3776016,60.40119934,-127.9669037,https://nrs.objectstore.gov.bc.ca/wrfdel/aermod/d02/1635/wrfout_d02_1635_2019.nc
wrfout_d02_1636_2019.nc,1636,d02,2019,162,362,171,371,61.10960007,-127.4465027,60.75749969,-128.0411072,https://nrs.objectstore.gov.bc.ca/wrfdel/aermod/d02/1636/wrfout_d02_1636_2019.nc
wrfout_d02_1637_2019.nc,1637,d02,2019,162,372,171,373,61.18080139,-127.4604034,61.11339951,-128.1170044,https://nrs.objectstore.gov.bc.ca/wrfdel/aermod/d02/1637/wrfout_d02_1637_2019.nc
wrfout_d02_1700_2019.nc,1700,d02,2019,172,2,181,11,48.24919891,-125.0972977,47.90800095,-125.5467987,https://nrs.objectstore.gov.bc.ca/wrfdel/aermod/d02/1700/wrfout_d02_1700_2019.nc
wrfout_d02_1701_2019.nc,1701,d02,2019,172,12,181,21,48.60599899,-125.1298981,48.2643013,-125.5827026,https://nrs.objectstore.gov.bc.ca/wrfdel/aermod/d02/1701/wrfout_d02_1701_2019.nc
wrfout_d02_1702_2019.nc,1702,d02,2019,172,22,181,31,48.96300125,-125.1631012,48.62099838,-125.6191025,https://nrs.objectstore.gov.bc.ca/wrfdel/aermod/d02/1702/wrfout_d02_1702_2019.nc
wrfout_d02_1703_2019.nc,1703,d02,2019,172,32,181,41,49.32020187,-125.1968002,48.97779846,-125.6560974,https://nrs.objectstore.gov.bc.ca/wrfdel/aermod/d02/1703/wrfout_d02_1703_2019.nc
wrfout_d02_1704_2019.nc,1704,d02,2019,172,42,181,51,49.67760086,-125.2310028,49.3348999,-125.6937027,https://nrs.objectstore.gov.bc.ca/wrfdel/aermod/d02/1704/wrfout_d02_1704_2019.nc
wrfout_d02_1705_2019.nc,1705,d02,2019,172,52,181,61,50.03519821,-125.2657013,49.69210052,-125.7317963,https://nrs.objectstore.gov.bc.ca/wrfdel/aermod/d02/1705/wrfout_d02_1705_2019.nc
wrfout_d02_1706_2019.nc,1706,d02,2019,172,62,181,71,50.39300156,-125.3010025,50.04959869,-125.7705994,https://nrs.objectstore.gov.bc.ca/wrfdel/aermod/d02/1706/wrfout_d02_1706_2019.nc
wrfout_d02_1707_2019.nc,1707,d02,2019,172,72,181,81,50.75099945,-125.336998,50.40719986,-125.8099976,https://nrs.objectstore.gov.bc.ca/wrfdel/aermod/d02/1707/wrfout_d02_1707_2019.nc
wrfout_d02_1708_2019.nc,1708,d02,2019,172,82,181,91,51.10910034,-125.3733978,50.76499939,-125.8499985,https://nrs.objectstore.gov.bc.ca/wrfdel/aermod/d02/1708/wrfout_d02_1708_2019.nc
wrfout_d02_1709_2019.nc,1709,d02,2019,172,92,181,101,51.46730042,-125.4104996,51.1228981,-125.8907013,https://nrs.objectstore.gov.bc.ca/wrfdel/aermod/d02/1709/wrfout_d02_1709_2019.nc
wrfout_d02_1710_2019.nc,1710,d02,2019,172,102,181,111,51.82569885,-125.4481964,51.48099899,-125.9320984,https://nrs.objectstore.gov.bc.ca/wrfdel/aermod/d02/1710/wrfout_d02_1710_2019.nc
wrfout_d02_1711_2019.nc,1711,d02,2019,172,112,181,121,52.18420029,-125.4865036,51.83909988,-125.9740982,https://nrs.objectstore.gov.bc.ca/wrfdel/aermod/d02/1711/wrfout_d02_1711_2019.nc
wrfout_d02_1712_2019.nc,1712,d02,2019,172,122,181,131,52.54270172,-125.5254974,52.19739914,-126.0167999,https://nrs.objectstore.gov.bc.ca/wrfdel/aermod/d02/1712/wrfout_d02_1712_2019.nc
wrfout_d02_1713_2019.nc,1713,d02,2019,172,132,181,141,52.90140152,-125.5652008,52.55580139,-126.0603027,https://nrs.objectstore.gov.bc.ca/wrfdel/aermod/d02/1713/wrfout_d02_1713_2019.nc
wrfout_d02_1714_2019.nc,1714,d02,2019,172,142,181,151,53.26010132,-125.6054993,52.91429901,-126.1044998,https://nrs.objectstore.gov.bc.ca/wrfdel/aermod/d02/1714/wrfout_d02_1714_2019.nc
wrfout_d02_1715_2019.nc,1715,d02,2019,172,152,181,161,53.6189003,-125.6464996,53.27280045,-126.149498,https://nrs.objectstore.gov.bc.ca/wrfdel/aermod/d02/1715/wrfout_d02_1715_2019.nc
wrfout_d02_1716_2019.nc,1716,d02,2019,172,162,181,171,53.97779846,-125.6882019,53.63140106,-126.1951981,https://nrs.objectstore.gov.bc.ca/wrfdel/aermod/d02/1716/wrfout_d02_1716_2019.nc
wrfout_d02_1717_2019.nc,1717,d02,2019,172,172,181,181,54.33660126,-125.7306976,53.99010086,-126.2417984,https://nrs.objectstore.gov.bc.ca/wrfdel/aermod/d02/1717/wrfout_d02_1717_2019.nc
wrfout_d02_1718_2019.nc,1718,d02,2019,172,182,181,191,54.69549942,-125.7739029,54.34870148,-126.2891998,https://nrs.objectstore.gov.bc.ca/wrfdel/aermod/d02/1718/wrfout_d02_1718_2019.nc
wrfout_d02_1719_2019.nc,1719,d02,2019,172,192,181,201,55.0544014,-125.8179016,54.70740128,-126.3374023,https://nrs.objectstore.gov.bc.ca/wrfdel/aermod/d02/1719/wrfout_d02_1719_2019.nc
wrfout_d02_1720_2019.nc,1720,d02,2019,172,202,181,211,55.41329956,-125.8628006,55.06610107,-126.3863983,https://nrs.objectstore.gov.bc.ca/wrfdel/aermod/d02/1720/wrfout_d02_1720_2019.nc
wrfout_d02_1721_2019.nc,1721,d02,2019,172,212,181,221,55.77209854,-125.9084015,55.42470169,-126.4364014,https://nrs.objectstore.gov.bc.ca/wrfdel/aermod/d02/1721/wrfout_d02_1721_2019.nc
wrfout_d02_1722_2019.nc,1722,d02,2019,172,222,181,231,56.13090134,-125.9548035,55.78340149,-126.4872971,https://nrs.objectstore.gov.bc.ca/wrfdel/aermod/d02/1722/wrfout_d02_1722_2019.nc
wrfout_d02_1723_2019.nc,1723,d02,2019,172,232,181,241,56.48970032,-126.0021973,56.14189911,-126.5391006,https://nrs.objectstore.gov.bc.ca/wrfdel/aermod/d02/1723/wrfout_d02_1723_2019.nc
wrfout_d02_1724_2019.nc,1724,d02,2019,172,242,181,251,56.84840012,-126.0503998,56.50040054,-126.5919037,https://nrs.objectstore.gov.bc.ca/wrfdel/aermod/d02/1724/wrfout_d02_1724_2019.nc
wrfout_d02_1725_2019.nc,1725,d02,2019,172,252,181,261,57.20700073,-126.0995026,56.85889816,-126.6455994,https://nrs.objectstore.gov.bc.ca/wrfdel/aermod/d02/1725/wrfout_d02_1725_2019.nc
wrfout_d02_1726_2019.nc,1726,d02,2019,172,262,181,271,57.56539917,-126.1495972,57.21720123,-126.7004013,https://nrs.objectstore.gov.bc.ca/wrfdel/aermod/d02/1726/wrfout_d02_1726_2019.nc
wrfout_d02_1727_2019.nc,1727,d02,2019,172,272,181,281,57.92380142,-126.2005997,57.57550049,-126.7563019,https://nrs.objectstore.gov.bc.ca/wrfdel/aermod/d02/1727/wrfout_d02_1727_2019.nc
wrfout_d02_1728_2019.nc,1728,d02,2019,172,282,181,291,58.28210068,-126.2526016,57.93360138,-126.8132019,https://nrs.objectstore.gov.bc.ca/wrfdel/aermod/d02/1728/wrfout_d02_1728_2019.nc
wrfout_d02_1729_2019.nc,1729,d02,2019,172,292,181,301,58.64020157,-126.3057022,58.29159927,-126.8712006,https://nrs.objectstore.gov.bc.ca/wrfdel/aermod/d02/1729/wrfout_d02_1729_2019.nc
wrfout_d02_1730_2019.nc,1730,d02,2019,172,302,181,311,58.99810028,-126.3598022,58.6493988,-126.930397,https://nrs.objectstore.gov.bc.ca/wrfdel/aermod/d02/1730/wrfout_d02_1730_2019.nc
wrfout_d02_1731_2019.nc,1731,d02,2019,172,312,181,321,59.35580063,-126.4150009,59.00709915,-126.9906998,https://nrs.objectstore.gov.bc.ca/wrfdel/aermod/d02/1731/wrfout_d02_1731_2019.nc
wrfout_d02_1732_2019.nc,1732,d02,2019,172,322,181,331,59.71340179,-126.4713974,59.36460114,-127.0522995,https://nrs.objectstore.gov.bc.ca/wrfdel/aermod/d02/1732/wrfout_d02_1732_2019.nc
wrfout_d02_1733_2019.nc,1733,d02,2019,172,332,181,341,60.07080078,-126.528801,59.72180176,-127.115097,https://nrs.objectstore.gov.bc.ca/wrfdel/aermod/d02/1733/wrfout_d02_1733_2019.nc
wrfout_d02_1734_2019.nc,1734,d02,2019,172,342,181,351,60.42789841,-126.5875015,60.07889938,-127.1791992,https://nrs.objectstore.gov.bc.ca/wrfdel/aermod/d02/1734/wrfout_d02_1734_2019.nc
wrfout_d02_1735_2019.nc,1735,d02,2019,172,352,181,361,60.78469849,-126.6473999,60.43569946,-127.2445984,https://nrs.objectstore.gov.bc.ca/wrfdel/aermod/d02/1735/wrfout_d02_1735_2019.nc
wrfout_d02_1736_2019.nc,1736,d02,2019,172,362,181,371,61.1413002,-126.7086029,60.79230118,-127.3114014,https://nrs.objectstore.gov.bc.ca/wrfdel/aermod/d02/1736/wrfout_d02_1736_2019.nc
wrfout_d02_1800_2019.nc,1800,d02,2019,182,2,191,11,48.26940155,-124.5614014,47.93050003,-125.0150986,https://nrs.objectstore.gov.bc.ca/wrfdel/aermod/d02/1800/wrfout_d02_1800_2019.nc
wrfout_d02_1801_2019.nc,1801,d02,2019,182,12,191,21,48.62639999,-124.5898972,48.28699875,-125.0468979,https://nrs.objectstore.gov.bc.ca/wrfdel/aermod/d02/1801/wrfout_d02_1801_2019.nc
wrfout_d02_1802_2019.nc,1802,d02,2019,182,22,191,31,48.98350143,-124.6188965,48.64390182,-125.0792007,https://nrs.objectstore.gov.bc.ca/wrfdel/aermod/d02/1802/wrfout_d02_1802_2019.nc
wrfout_d02_1803_2019.nc,1803,d02,2019,182,32,191,41,49.34090042,-124.6483002,49.00090027,-125.1119995,https://nrs.objectstore.gov.bc.ca/wrfdel/aermod/d02/1803/wrfout_d02_1803_2019.nc
wrfout_d02_1804_2019.nc,1804,d02,2019,182,42,191,51,49.69850159,-124.6781998,49.35810089,-125.1453018,https://nrs.objectstore.gov.bc.ca/wrfdel/aermod/d02/1804/wrfout_d02_1804_2019.nc
wrfout_d02_1805_2019.nc,1805,d02,2019,182,52,191,61,50.05630112,-124.7086029,49.71559906,-125.1791,https://nrs.objectstore.gov.bc.ca/wrfdel/aermod/d02/1805/wrfout_d02_1805_2019.nc
wrfout_d02_1806_2019.nc,1806,d02,2019,182,62,191,71,50.41429901,-124.7394028,50.07320023,-125.213501,https://nrs.objectstore.gov.bc.ca/wrfdel/aermod/d02/1806/wrfout_d02_1806_2019.nc
wrfout_d02_1807_2019.nc,1807,d02,2019,182,72,191,81,50.7723999,-124.7707977,50.43109894,-125.2483978,https://nrs.objectstore.gov.bc.ca/wrfdel/aermod/d02/1807/wrfout_d02_1807_2019.nc
wrfout_d02_1808_2019.nc,1808,d02,2019,182,82,191,91,51.13069916,-124.8026962,50.78900146,-125.2838974,https://nrs.objectstore.gov.bc.ca/wrfdel/aermod/d02/1808/wrfout_d02_1808_2019.nc
wrfout_d02_1809_2019.nc,1809,d02,2019,182,92,191,101,51.48910141,-124.8349991,51.14720154,-125.3199997,https://nrs.objectstore.gov.bc.ca/wrfdel/aermod/d02/1809/wrfout_d02_1809_2019.nc
wrfout_d02_1810_2019.nc,1810,d02,2019,182,102,191,111,51.84769821,-124.8679962,51.50550079,-125.3566971,https://nrs.objectstore.gov.bc.ca/wrfdel/aermod/d02/1810/wrfout_d02_1810_2019.nc
wrfout_d02_1811_2019.nc,1811,d02,2019,182,112,191,121,52.20629883,-124.9014969,51.86380005,-125.3939972,https://nrs.objectstore.gov.bc.ca/wrfdel/aermod/d02/1811/wrfout_d02_1811_2019.nc
wrfout_d02_1812_2019.nc,1812,d02,2019,182,122,191,131,52.56510162,-124.9355011,52.22240067,-125.4319,https://nrs.objectstore.gov.bc.ca/wrfdel/aermod/d02/1812/wrfout_d02_1812_2019.nc
wrfout_d02_1813_2019.nc,1813,d02,2019,182,132,191,141,52.92399979,-124.9701996,52.58100128,-125.4703979,https://nrs.objectstore.gov.bc.ca/wrfdel/aermod/d02/1813/wrfout_d02_1813_2019.nc
wrfout_d02_1814_2019.nc,1814,d02,2019,182,142,191,151,53.28290176,-125.0054016,52.93970108,-125.5095978,https://nrs.objectstore.gov.bc.ca/wrfdel/aermod/d02/1814/wrfout_d02_1814_2019.nc
wrfout_d02_1815_2019.nc,1815,d02,2019,182,152,191,161,53.64189911,-125.0411987,53.29840088,-125.5494995,https://nrs.objectstore.gov.bc.ca/wrfdel/aermod/d02/1815/wrfout_d02_1815_2019.nc
wrfout_d02_1816_2019.nc,1816,d02,2019,182,162,191,171,54.00099945,-125.0776978,53.65719986,-125.5901031,https://nrs.objectstore.gov.bc.ca/wrfdel/aermod/d02/1816/wrfout_d02_1816_2019.nc
wrfout_d02_1817_2019.nc,1817,d02,2019,182,172,191,181,54.36000061,-125.1147995,54.01610184,-125.6314011,https://nrs.objectstore.gov.bc.ca/wrfdel/aermod/d02/1817/wrfout_d02_1817_2019.nc
wrfout_d02_1818_2019.nc,1818,d02,2019,182,182,191,191,54.71910095,-125.1526031,54.375,-125.6734009,https://nrs.objectstore.gov.bc.ca/wrfdel/aermod/d02/1818/wrfout_d02_1818_2019.nc
wrfout_d02_1819_2019.nc,1819,d02,2019,182,192,191,201,55.07820129,-125.1910019,54.73389816,-125.7161026,https://nrs.objectstore.gov.bc.ca/wrfdel/aermod/d02/1819/wrfout_d02_1819_2019.nc
wrfout_d02_1820_2019.nc,1820,d02,2019,182,202,191,211,55.43730164,-125.2302017,55.09280014,-125.759697,https://nrs.objectstore.gov.bc.ca/wrfdel/aermod/d02/1820/wrfout_d02_1820_2019.nc
wrfout_d02_1821_2019.nc,1821,d02,2019,182,212,191,221,55.79639816,-125.2699966,55.4516983,-125.8040009,https://nrs.objectstore.gov.bc.ca/wrfdel/aermod/d02/1821/wrfout_d02_1821_2019.nc
wrfout_d02_1822_2019.nc,1822,d02,2019,182,222,191,231,56.15539932,-125.3106003,55.81060028,-125.8490982,https://nrs.objectstore.gov.bc.ca/wrfdel/aermod/d02/1822/wrfout_d02_1822_2019.nc
wrfout_d02_1823_2019.nc,1823,d02,2019,182,232,191,241,56.51440048,-125.3519974,56.16939926,-125.8951035,https://nrs.objectstore.gov.bc.ca/wrfdel/aermod/d02/1823/wrfout_d02_1823_2019.nc
wrfout_d02_1824_2019.nc,1824,d02,2019,182,242,191,251,56.87329865,-125.3940964,56.52819824,-125.9419022,https://nrs.objectstore.gov.bc.ca/wrfdel/aermod/d02/1824/wrfout_d02_1824_2019.nc
wrfout_d02_1825_2019.nc,1825,d02,2019,182,252,191,261,57.23210144,-125.4369965,56.88690186,-125.9896011,https://nrs.objectstore.gov.bc.ca/wrfdel/aermod/d02/1825/wrfout_d02_1825_2019.nc
wrfout_d02_1826_2019.nc,1826,d02,2019,182,262,191,271,57.59090042,-125.4807968,57.24549866,-126.0382004,https://nrs.objectstore.gov.bc.ca/wrfdel/aermod/d02/1826/wrfout_d02_1826_2019.nc
wrfout_d02_1827_2019.nc,1827,d02,2019,182,272,191,281,57.94950104,-125.5253983,57.60400009,-126.0876999,https://nrs.objectstore.gov.bc.ca/wrfdel/aermod/d02/1827/wrfout_d02_1827_2019.nc
wrfout_d02_1828_2019.nc,1828,d02,2019,182,282,191,291,58.30799866,-125.5709,57.96239853,-126.1381989,https://nrs.objectstore.gov.bc.ca/wrfdel/aermod/d02/1828/wrfout_d02_1828_2019.nc
wrfout_d02_1829_2019.nc,1829,d02,2019,182,292,191,301,58.66630173,-125.6172028,58.3205986,-126.1896973,https://nrs.objectstore.gov.bc.ca/wrfdel/aermod/d02/1829/wrfout_d02_1829_2019.nc
wrfout_d02_1830_2019.nc,1830,d02,2019,182,302,191,311,59.0245018,-125.6645966,58.67869949,-126.2422028,https://nrs.objectstore.gov.bc.ca/wrfdel/aermod/d02/1830/wrfout_d02_1830_2019.nc
wrfout_d02_1831_2019.nc,1831,d02,2019,182,312,191,321,59.38249969,-125.7127991,59.0367012,-126.2957993,https://nrs.objectstore.gov.bc.ca/wrfdel/aermod/d02/1831/wrfout_d02_1831_2019.nc
wrfout_d02_1832_2019.nc,1832,d02,2019,182,322,191,331,59.74029922,-125.762001,59.39440155,-126.3504028,https://nrs.objectstore.gov.bc.ca/wrfdel/aermod/d02/1832/wrfout_d02_1832_2019.nc
wrfout_d02_1833_2019.nc,1833,d02,2019,182,332,191,341,60.09790039,-125.8123016,59.7519989,-126.4060974,https://nrs.objectstore.gov.bc.ca/wrfdel/aermod/d02/1833/wrfout_d02_1833_2019.nc
wrfout_d02_1834_2019.nc,1834,d02,2019,182,342,191,351,60.45529938,-125.8636017,60.1094017,-126.4629974,https://nrs.objectstore.gov.bc.ca/wrfdel/aermod/d02/1834/wrfout_d02_1834_2019.nc
wrfout_d02_1835_2019.nc,1835,d02,2019,182,352,191,361,60.81240082,-125.9159012,60.46649933,-126.5210037,https://nrs.objectstore.gov.bc.ca/wrfdel/aermod/d02/1835/wrfout_d02_1835_2019.nc
wrfout_d02_1836_2019.nc,1836,d02,2019,182,362,191,371,61.16930008,-125.9693985,60.82329941,-126.5802994,https://nrs.objectstore.gov.bc.ca/wrfdel/aermod/d02/1836/wrfout_d02_1836_2019.nc
wrfout_d02_1900_2019.nc,1900,d02,2019,192,2,201,11,48.28689957,-124.0251999,47.95019913,-124.4829025,https://nrs.objectstore.gov.bc.ca/wrfdel/aermod/d02/1900/wrfout_d02_1900_2019.nc
wrfout_d02_1901_2019.nc,1901,d02,2019,192,12,201,21,48.64400101,-124.0494995,48.30699921,-124.5105972,https://nrs.objectstore.gov.bc.ca/wrfdel/aermod/d02/1901/wrfout_d02_1901_2019.nc
wrfout_d02_1902_2019.nc,1902,d02,2019,192,22,201,31,49.00130081,-124.0743027,48.66400146,-124.5388031,https://nrs.objectstore.gov.bc.ca/wrfdel/aermod/d02/1902/wrfout_d02_1902_2019.nc
wrfout_d02_1903_2019.nc,1903,d02,2019,192,32,201,41,49.35879898,-124.0994034,49.02119827,-124.5672989,https://nrs.objectstore.gov.bc.ca/wrfdel/aermod/d02/1903/wrfout_d02_1903_2019.nc
wrfout_d02_1904_2019.nc,1904,d02,2019,192,42,201,51,49.71659851,-124.125,49.37860107,-124.5963974,https://nrs.objectstore.gov.bc.ca/wrfdel/aermod/d02/1904/wrfout_d02_1904_2019.nc
wrfout_d02_1905_2019.nc,1905,d02,2019,192,52,201,61,50.07450104,-124.1509018,49.73619843,-124.6259003,https://nrs.objectstore.gov.bc.ca/wrfdel/aermod/d02/1905/wrfout_d02_1905_2019.nc
wrfout_d02_1906_2019.nc,1906,d02,2019,192,62,201,71,50.43270111,-124.1772995,50.09400177,-124.6557999,https://nrs.objectstore.gov.bc.ca/wrfdel/aermod/d02/1906/wrfout_d02_1906_2019.nc
wrfout_d02_1907_2019.nc,1907,d02,2019,192,72,201,81,50.79090118,-124.2041016,50.45199966,-124.6863022,https://nrs.objectstore.gov.bc.ca/wrfdel/aermod/d02/1907/wrfout_d02_1907_2019.nc
wrfout_d02_1908_2019.nc,1908,d02,2019,192,82,201,91,51.1493988,-124.2313995,50.81019974,-124.7172012,https://nrs.objectstore.gov.bc.ca/wrfdel/aermod/d02/1908/wrfout_d02_1908_2019.nc
wrfout_d02_1909_2019.nc,1909,d02,2019,192,92,201,101,51.50799942,-124.2591019,51.16849899,-124.748703,https://nrs.objectstore.gov.bc.ca/wrfdel/aermod/d02/1909/wrfout_d02_1909_2019.nc
wrfout_d02_1910_2019.nc,1910,d02,2019,192,102,201,111,51.86669922,-124.2872009,51.52700043,-124.7807007,https://nrs.objectstore.gov.bc.ca/wrfdel/aermod/d02/1910/wrfout_d02_1910_2019.nc
wrfout_d02_1911_2019.nc,1911,d02,2019,192,112,201,121,52.2254982,-124.3158035,51.88560104,-124.8132019,https://nrs.objectstore.gov.bc.ca/wrfdel/aermod/d02/1911/wrfout_d02_1911_2019.nc
wrfout_d02_1912_2019.nc,1912,d02,2019,192,122,201,131,52.58449936,-124.344902,52.24430084,-124.846199,https://nrs.objectstore.gov.bc.ca/wrfdel/aermod/d02/1912/wrfout_d02_1912_2019.nc
wrfout_d02_1913_2019.nc,1913,d02,2019,192,132,201,141,52.94350052,-124.3744965,52.60309982,-124.8798981,https://nrs.objectstore.gov.bc.ca/wrfdel/aermod/d02/1913/wrfout_d02_1913_2019.nc
wrfout_d02_1914_2019.nc,1914,d02,2019,192,142,201,151,53.30260086,-124.4047012,52.9620018,-124.9141006,https://nrs.objectstore.gov.bc.ca/wrfdel/aermod/d02/1914/wrfout_d02_1914_2019.nc
wrfout_d02_1915_2019.nc,1915,d02,2019,192,152,201,161,53.66180038,-124.4353027,53.32089996,-124.9487991,https://nrs.objectstore.gov.bc.ca/wrfdel/aermod/d02/1915/wrfout_d02_1915_2019.nc
wrfout_d02_1916_2019.nc,1916,d02,2019,192,162,201,171,54.02099991,-124.4664993,53.67990112,-124.9841995,https://nrs.objectstore.gov.bc.ca/wrfdel/aermod/d02/1916/wrfout_d02_1916_2019.nc
wrfout_d02_1917_2019.nc,1917,d02,2019,192,172,201,181,54.38019943,-124.4981995,54.03900146,-125.0202026,https://nrs.objectstore.gov.bc.ca/wrfdel/aermod/d02/1917/wrfout_d02_1917_2019.nc
wrfout_d02_1918_2019.nc,1918,d02,2019,192,182,201,191,54.73949814,-124.5305023,54.39810181,-125.0568008,https://nrs.objectstore.gov.bc.ca/wrfdel/aermod/d02/1918/wrfout_d02_1918_2019.nc
wrfout_d02_1919_2019.nc,1919,d02,2019,192,192,201,201,55.09880066,-124.5634003,54.75719833,-125.0942001,https://nrs.objectstore.gov.bc.ca/wrfdel/aermod/d02/1919/wrfout_d02_1919_2019.nc
wrfout_d02_1920_2019.nc,1920,d02,2019,192,202,201,211,55.45809937,-124.5969009,55.11629868,-125.132103,https://nrs.objectstore.gov.bc.ca/wrfdel/aermod/d02/1920/wrfout_d02_1920_2019.nc
wrfout_d02_1921_2019.nc,1921,d02,2019,192,212,201,221,55.81740189,-124.6309967,55.47539902,-125.1707993,https://nrs.objectstore.gov.bc.ca/wrfdel/aermod/d02/1921/wrfout_d02_1921_2019.nc
wrfout_d02_1922_2019.nc,1922,d02,2019,192,222,201,231,56.17660141,-124.6657028,55.83449936,-125.2100983,https://nrs.objectstore.gov.bc.ca/wrfdel/aermod/d02/1922/wrfout_d02_1922_2019.nc
wrfout_d02_1923_2019.nc,1923,d02,2019,192,232,201,241,56.53580093,-124.7009964,56.1935997,-125.2501984,https://nrs.objectstore.gov.bc.ca/wrfdel/aermod/d02/1923/wrfout_d02_1923_2019.nc
wrfout_d02_1924_2019.nc,1924,d02,2019,192,242,201,251,56.89479828,-124.7370987,56.55260086,-125.2910004,https://nrs.objectstore.gov.bc.ca/wrfdel/aermod/d02/1924/wrfout_d02_1924_2019.nc
wrfout_d02_1925_2019.nc,1925,d02,2019,192,252,201,261,57.25389862,-124.7738037,56.91149902,-125.3326035,https://nrs.objectstore.gov.bc.ca/wrfdel/aermod/d02/1925/wrfout_d02_1925_2019.nc
wrfout_d02_1926_2019.nc,1926,d02,2019,192,262,201,271,57.6128006,-124.811203,57.27030182,-125.375,https://nrs.objectstore.gov.bc.ca/wrfdel/aermod/d02/1926/wrfout_d02_1926_2019.nc
wrfout_d02_1927_2019.nc,1927,d02,2019,192,272,201,281,57.97159958,-124.8492966,57.6291008,-125.4181976,https://nrs.objectstore.gov.bc.ca/wrfdel/aermod/d02/1927/wrfout_d02_1927_2019.nc
wrfout_d02_1928_2019.nc,1928,d02,2019,192,282,201,291,58.33029938,-124.8881989,57.98770142,-125.4623032,https://nrs.objectstore.gov.bc.ca/wrfdel/aermod/d02/1928/wrfout_d02_1928_2019.nc
wrfout_d02_1929_2019.nc,1929,d02,2019,192,292,201,301,58.68889999,-124.9279022,58.34619904,-125.5072021,https://nrs.objectstore.gov.bc.ca/wrfdel/aermod/d02/1929/wrfout_d02_1929_2019.nc
wrfout_d02_1930_2019.nc,1930,d02,2019,192,302,201,311,59.04729843,-124.9682999,58.70449829,-125.5530014,https://nrs.objectstore.gov.bc.ca/wrfdel/aermod/d02/1930/wrfout_d02_1930_2019.nc
wrfout_d02_1931_2019.nc,1931,d02,2019,192,312,201,321,59.4054985,-125.0095978,59.06269836,-125.5997009,https://nrs.objectstore.gov.bc.ca/wrfdel/aermod/d02/1931/wrfout_d02_1931_2019.nc
wrfout_d02_1932_2019.nc,1932,d02,2019,192,322,201,331,59.76350021,-125.0516968,59.42070007,-125.6473007,https://nrs.objectstore.gov.bc.ca/wrfdel/aermod/d02/1932/wrfout_d02_1932_2019.nc
wrfout_d02_1933_2019.nc,1933,d02,2019,192,332,201,341,60.12139893,-125.0947037,59.7784996,-125.6959991,https://nrs.objectstore.gov.bc.ca/wrfdel/aermod/d02/1933/wrfout_d02_1933_2019.nc
wrfout_d02_1934_2019.nc,1934,d02,2019,192,342,201,351,60.47900009,-125.1386032,60.13619995,-125.7455978,https://nrs.objectstore.gov.bc.ca/wrfdel/aermod/d02/1934/wrfout_d02_1934_2019.nc
wrfout_d02_1935_2019.nc,1935,d02,2019,192,352,201,361,60.8362999,-125.1832962,60.49349976,-125.7962036,https://nrs.objectstore.gov.bc.ca/wrfdel/aermod/d02/1935/wrfout_d02_1935_2019.nc
wrfout_d02_1936_2019.nc,1936,d02,2019,192,362,201,371,61.19340134,-125.2291031,60.85070038,-125.8479004,https://nrs.objectstore.gov.bc.ca/wrfdel/aermod/d02/1936/wrfout_d02_1936_2019.nc
wrfout_d02_2000_2019.nc,2000,d02,2019,202,2,211,11,48.30160141,-123.4885025,47.96730042,-123.9502029,https://nrs.objectstore.gov.bc.ca/wrfdel/aermod/d02/2000/wrfout_d02_2000_2019.nc
wrfout_d02_2001_2019.nc,2001,d02,2019,202,12,211,21,48.65879822,-123.5086975,48.32419968,-123.9738998,https://nrs.objectstore.gov.bc.ca/wrfdel/aermod/d02/2001/wrfout_d02_2001_2019.nc
wrfout_d02_2002_2019.nc,2002,d02,2019,202,22,211,31,49.0163002,-123.5292969,48.68130112,-123.9979019,https://nrs.objectstore.gov.bc.ca/wrfdel/aermod/d02/2002/wrfout_d02_2002_2019.nc
wrfout_d02_2003_2019.nc,2003,d02,2019,202,32,211,41,49.37400055,-123.5501022,49.0387001,-124.0222015,https://nrs.objectstore.gov.bc.ca/wrfdel/aermod/d02/2003/wrfout_d02_2003_2019.nc
wrfout_d02_2004_2019.nc,2004,d02,2019,202,42,211,51,49.73180008,-123.5712967,49.39630127,-124.0469971,https://nrs.objectstore.gov.bc.ca/wrfdel/aermod/d02/2004/wrfout_d02_2004_2019.nc
wrfout_d02_2005_2019.nc,2005,d02,2019,202,52,211,61,50.08990097,-123.5929031,49.75400162,-124.072197,https://nrs.objectstore.gov.bc.ca/wrfdel/aermod/d02/2005/wrfout_d02_2005_2019.nc
wrfout_d02_2006_2019.nc,2006,d02,2019,202,62,211,71,50.44820023,-123.6147995,50.11199951,-124.097702,https://nrs.objectstore.gov.bc.ca/wrfdel/aermod/d02/2006/wrfout_d02_2006_2019.nc
wrfout_d02_2007_2019.nc,2007,d02,2019,202,72,211,81,50.80659866,-123.637001,50.47019958,-124.123703,https://nrs.objectstore.gov.bc.ca/wrfdel/aermod/d02/2007/wrfout_d02_2007_2019.nc
wrfout_d02_2008_2019.nc,2008,d02,2019,202,82,211,91,51.16519928,-123.6595993,50.82849884,-124.1501007,https://nrs.objectstore.gov.bc.ca/wrfdel/aermod/d02/2008/wrfout_d02_2008_2019.nc
wrfout_d02_2009_2019.nc,2009,d02,2019,202,92,211,101,51.52389908,-123.6826019,51.18700027,-124.1769028,https://nrs.objectstore.gov.bc.ca/wrfdel/aermod/d02/2009/wrfout_d02_2009_2019.nc
wrfout_d02_2010_2019.nc,2010,d02,2019,202,102,211,111,51.88270187,-123.7060013,51.54560089,-124.2042007,https://nrs.objectstore.gov.bc.ca/wrfdel/aermod/d02/2010/wrfout_d02_2010_2019.nc
wrfout_d02_2011_2019.nc,2011,d02,2019,202,112,211,121,52.24169922,-123.7296982,51.90430069,-124.2319031,https://nrs.objectstore.gov.bc.ca/wrfdel/aermod/d02/2011/wrfout_d02_2011_2019.nc
wrfout_d02_2012_2019.nc,2012,d02,2019,202,122,211,131,52.60079956,-123.7538986,52.26319885,-124.2601013,https://nrs.objectstore.gov.bc.ca/wrfdel/aermod/d02/2012/wrfout_d02_2012_2019.nc
wrfout_d02_2013_2019.nc,2013,d02,2019,202,132,211,141,52.95999908,-123.7783966,52.62210083,-124.2888031,https://nrs.objectstore.gov.bc.ca/wrfdel/aermod/d02/2013/wrfout_d02_2013_2019.nc
wrfout_d02_2014_2019.nc,2014,d02,2019,202,142,211,151,53.31919861,-123.8033981,52.98120117,-124.3179016,https://nrs.objectstore.gov.bc.ca/wrfdel/aermod/d02/2014/wrfout_d02_2014_2019.nc
wrfout_d02_2015_2019.nc,2015,d02,2019,202,152,211,161,53.67850113,-123.8289032,53.34030151,-124.3476028,https://nrs.objectstore.gov.bc.ca/wrfdel/aermod/d02/2015/wrfout_d02_2015_2019.nc
wrfout_d02_2016_2019.nc,2016,d02,2019,202,162,211,171,54.03789902,-123.8546982,53.69950104,-124.3777008,https://nrs.objectstore.gov.bc.ca/wrfdel/aermod/d02/2016/wrfout_d02_2016_2019.nc
wrfout_d02_2017_2019.nc,2017,d02,2019,202,172,211,181,54.39730072,-123.8811035,54.05879974,-124.4084015,https://nrs.objectstore.gov.bc.ca/wrfdel/aermod/d02/2017/wrfout_d02_2017_2019.nc
wrfout_d02_2018_2019.nc,2018,d02,2019,202,182,211,191,54.75669861,-123.9078979,54.41799927,-124.4396973,https://nrs.objectstore.gov.bc.ca/wrfdel/aermod/d02/2018/wrfout_d02_2018_2019.nc
wrfout_d02_2019_2019.nc,2019,d02,2019,202,192,211,201,55.11619949,-123.9352036,54.77730179,-124.4714966,https://nrs.objectstore.gov.bc.ca/wrfdel/aermod/d02/2019/wrfout_d02_2019_2019.nc
wrfout_d02_2020_2019.nc,2020,d02,2019,202,202,211,211,55.4756012,-123.9629974,55.13660049,-124.5037994,https://nrs.objectstore.gov.bc.ca/wrfdel/aermod/d02/2020/wrfout_d02_2020_2019.nc
wrfout_d02_2021_2019.nc,2021,d02,2019,202,212,211,221,55.83499908,-123.9912033,55.4958992,-124.5367966,https://nrs.objectstore.gov.bc.ca/wrfdel/aermod/d02/2021/wrfout_d02_2021_2019.nc
wrfout_d02_2022_2019.nc,2022,d02,2019,202,222,211,231,56.19440079,-124.0199966,55.85520172,-124.5703964,https://nrs.objectstore.gov.bc.ca/wrfdel/aermod/d02/2022/wrfout_d02_2022_2019.nc
wrfout_d02_2023_2019.nc,2023,d02,2019,202,232,211,241,56.55379868,-124.0494003,56.21440125,-124.604599,https://nrs.objectstore.gov.bc.ca/wrfdel/aermod/d02/2023/wrfout_d02_2023_2019.nc
wrfout_d02_2024_2019.nc,2024,d02,2019,202,242,211,251,56.9129982,-124.0792999,56.57360077,-124.6393967,https://nrs.objectstore.gov.bc.ca/wrfdel/aermod/d02/2024/wrfout_d02_2024_2019.nc
wrfout_d02_2025_2019.nc,2025,d02,2019,202,252,211,261,57.27220154,-124.1098022,56.93270111,-124.6748962,https://nrs.objectstore.gov.bc.ca/wrfdel/aermod/d02/2025/wrfout_d02_2025_2019.nc
wrfout_d02_2026_2019.nc,2026,d02,2019,202,262,211,271,57.63130188,-124.1408005,57.29180145,-124.7109985,https://nrs.objectstore.gov.bc.ca/wrfdel/aermod/d02/2026/wrfout_d02_2026_2019.nc
wrfout_d02_2027_2019.nc,2027,d02,2019,202,272,211,281,57.99029922,-124.1725006,57.65069962,-124.7479019,https://nrs.objectstore.gov.bc.ca/wrfdel/aermod/d02/2027/wrfout_d02_2027_2019.nc
wrfout_d02_2028_2019.nc,2028,d02,2019,202,282,211,291,58.3492012,-124.2048035,58.0094986,-124.7854996,https://nrs.objectstore.gov.bc.ca/wrfdel/aermod/d02/2028/wrfout_d02_2028_2019.nc
wrfout_d02_2029_2019.nc,2029,d02,2019,202,292,211,301,58.707901,-124.2377014,58.36819839,-124.8237991,https://nrs.objectstore.gov.bc.ca/wrfdel/aermod/d02/2029/wrfout_d02_2029_2019.nc
wrfout_d02_2030_2019.nc,2030,d02,2019,202,302,211,311,59.06650162,-124.2713013,58.72679901,-124.8628006,https://nrs.objectstore.gov.bc.ca/wrfdel/aermod/d02/2030/wrfout_d02_2030_2019.nc
wrfout_d02_2031_2019.nc,2031,d02,2019,202,312,211,321,59.42490005,-124.3054962,59.08520126,-124.9027023,https://nrs.objectstore.gov.bc.ca/wrfdel/aermod/d02/2031/wrfout_d02_2031_2019.nc
wrfout_d02_2032_2019.nc,2032,d02,2019,202,322,211,331,59.78310013,-124.3404999,59.44340134,-124.9432983,https://nrs.objectstore.gov.bc.ca/wrfdel/aermod/d02/2032/wrfout_d02_2032_2019.nc
wrfout_d02_2033_2019.nc,2033,d02,2019,202,332,211,341,60.14110184,-124.3761978,59.80139923,-124.9848022,https://nrs.objectstore.gov.bc.ca/wrfdel/aermod/d02/2033/wrfout_d02_2033_2019.nc
wrfout_d02_2034_2019.nc,2034,d02,2019,202,342,211,351,60.49890137,-124.4125977,60.15930176,-125.0270996,https://nrs.objectstore.gov.bc.ca/wrfdel/aermod/d02/2034/wrfout_d02_2034_2019.nc
wrfout_d02_2035_2019.nc,2035,d02,2019,202,352,211,361,60.85649872,-124.4497986,60.51689911,-125.0702972,https://nrs.objectstore.gov.bc.ca/wrfdel/aermod/d02/2035/wrfout_d02_2035_2019.nc
wrfout_d02_2036_2019.nc,2036,d02,2019,202,362,211,371,61.21379852,-124.4878006,60.87419891,-125.114502,https://nrs.objectstore.gov.bc.ca/wrfdel/aermod/d02/2036/wrfout_d02_2036_2019.nc
wrfout_d02_2100_2019.nc,2100,d02,2019,212,2,221,11,48.31359863,-122.9514999,47.9817009,-123.4171982,https://nrs.objectstore.gov.bc.ca/wrfdel/aermod/d02/2100/wrfout_d02_2100_2019.nc
wrfout_d02_2101_2019.nc,2101,d02,2019,212,12,221,21,48.67089844,-122.967598,48.33869934,-123.4367981,https://nrs.objectstore.gov.bc.ca/wrfdel/aermod/d02/2101/wrfout_d02_2101_2019.nc
wrfout_d02_2102_2019.nc,2102,d02,2019,212,22,221,31,49.0284996,-122.983902,48.69589996,-123.4565964,https://nrs.objectstore.gov.bc.ca/wrfdel/aermod/d02/2102/wrfout_d02_2102_2019.nc
wrfout_d02_2103_2019.nc,2103,d02,2019,212,32,221,41,49.38619995,-123.0005035,49.05339813,-123.476799,https://nrs.objectstore.gov.bc.ca/wrfdel/aermod/d02/2103/wrfout_d02_2103_2019.nc
wrfout_d02_2104_2019.nc,2104,d02,2019,212,42,221,51,49.74420166,-123.0174026,49.41109848,-123.4972,https://nrs.objectstore.gov.bc.ca/wrfdel/aermod/d02/2104/wrfout_d02_2104_2019.nc
wrfout_d02_2105_2019.nc,2105,d02,2019,212,52,221,61,50.10240173,-123.0345001,49.76900101,-123.5179977,https://nrs.objectstore.gov.bc.ca/wrfdel/aermod/d02/2105/wrfout_d02_2105_2019.nc
wrfout_d02_2106_2019.nc,2106,d02,2019,212,62,221,71,50.46080017,-123.0518036,50.1271019,-123.5391998,https://nrs.objectstore.gov.bc.ca/wrfdel/aermod/d02/2106/wrfout_d02_2106_2019.nc
wrfout_d02_2107_2019.nc,2107,d02,2019,212,72,221,81,50.81930161,-123.0695038,50.48540115,-123.5606003,https://nrs.objectstore.gov.bc.ca/wrfdel/aermod/d02/2107/wrfout_d02_2107_2019.nc
wrfout_d02_2108_2019.nc,2108,d02,2019,212,82,221,91,51.1780014,-123.0875015,50.84379959,-123.5824966,https://nrs.objectstore.gov.bc.ca/wrfdel/aermod/d02/2108/wrfout_d02_2108_2019.nc
wrfout_d02_2109_2019.nc,2109,d02,2019,212,92,221,101,51.53680038,-123.1056976,51.20240021,-123.604599,https://nrs.objectstore.gov.bc.ca/wrfdel/aermod/d02/2109/wrfout_d02_2109_2019.nc
wrfout_d02_2110_2019.nc,2110,d02,2019,212,102,221,111,51.89580154,-123.1242981,51.56119919,-123.6271973,https://nrs.objectstore.gov.bc.ca/wrfdel/aermod/d02/2110/wrfout_d02_2110_2019.nc
wrfout_d02_2111_2019.nc,2111,d02,2019,212,112,221,121,52.25490189,-123.1432037,51.92010117,-123.6501007,https://nrs.objectstore.gov.bc.ca/wrfdel/aermod/d02/2111/wrfout_d02_2111_2019.nc
wrfout_d02_2112_2019.nc,2112,d02,2019,212,122,221,131,52.61410141,-123.1623993,52.27909851,-123.6734009,https://nrs.objectstore.gov.bc.ca/wrfdel/aermod/d02/2112/wrfout_d02_2112_2019.nc
wrfout_d02_2113_2019.nc,2113,d02,2019,212,132,221,141,52.97340012,-123.1819,52.63819885,-123.6970978,https://nrs.objectstore.gov.bc.ca/wrfdel/aermod/d02/2113/wrfout_d02_2113_2019.nc
wrfout_d02_2114_2019.nc,2114,d02,2019,212,142,221,151,53.33269882,-123.2017975,52.99739838,-123.721199,https://nrs.objectstore.gov.bc.ca/wrfdel/aermod/d02/2114/wrfout_d02_2114_2019.nc
wrfout_d02_2115_2019.nc,2115,d02,2019,212,152,221,161,53.69219971,-123.2220001,53.35660172,-123.7457962,https://nrs.objectstore.gov.bc.ca/wrfdel/aermod/d02/2115/wrfout_d02_2115_2019.nc
wrfout_d02_2116_2019.nc,2116,d02,2019,212,162,221,171,54.05170059,-123.2425995,53.7159996,-123.7706985,https://nrs.objectstore.gov.bc.ca/wrfdel/aermod/d02/2116/wrfout_d02_2116_2019.nc
wrfout_d02_2117_2019.nc,2117,d02,2019,212,172,221,181,54.41120148,-123.2634964,54.07540131,-123.7960968,https://nrs.objectstore.gov.bc.ca/wrfdel/aermod/d02/2117/wrfout_d02_2117_2019.nc
wrfout_d02_2118_2019.nc,2118,d02,2019,212,182,221,191,54.77069855,-123.2847977,54.43479919,-123.8218994,https://nrs.objectstore.gov.bc.ca/wrfdel/aermod/d02/2118/wrfout_d02_2118_2019.nc
wrfout_d02_2119_2019.nc,2119,d02,2019,212,192,221,201,55.13029861,-123.3065033,54.7942009,-123.8481979,https://nrs.objectstore.gov.bc.ca/wrfdel/aermod/d02/2119/wrfout_d02_2119_2019.nc
wrfout_d02_2120_2019.nc,2120,d02,2019,212,202,221,211,55.48989868,-123.3284988,55.15370178,-123.875,https://nrs.objectstore.gov.bc.ca/wrfdel/aermod/d02/2120/wrfout_d02_2120_2019.nc
wrfout_d02_2121_2019.nc,2121,d02,2019,212,212,221,221,55.84939957,-123.3509979,55.51309967,-123.902298,https://nrs.objectstore.gov.bc.ca/wrfdel/aermod/d02/2121/wrfout_d02_2121_2019.nc
wrfout_d02_2122_2019.nc,2122,d02,2019,212,222,221,231,56.20890045,-123.3739014,55.87260056,-123.9300003,https://nrs.objectstore.gov.bc.ca/wrfdel/aermod/d02/2122/wrfout_d02_2122_2019.nc
wrfout_d02_2123_2019.nc,2123,d02,2019,212,232,221,241,56.56840134,-123.3972015,56.23199844,-123.9582977,https://nrs.objectstore.gov.bc.ca/wrfdel/aermod/d02/2123/wrfout_d02_2123_2019.nc
wrfout_d02_2124_2019.nc,2124,d02,2019,212,242,221,251,56.92779922,-123.4209976,56.59130096,-123.9870987,https://nrs.objectstore.gov.bc.ca/wrfdel/aermod/d02/2124/wrfout_d02_2124_2019.nc
wrfout_d02_2125_2019.nc,2125,d02,2019,212,252,221,261,57.28710175,-123.4451981,56.95059967,-124.0165024,https://nrs.objectstore.gov.bc.ca/wrfdel/aermod/d02/2125/wrfout_d02_2125_2019.nc
wrfout_d02_2126_2019.nc,2126,d02,2019,212,262,221,271,57.64640045,-123.469902,57.30979919,-124.046402,https://nrs.objectstore.gov.bc.ca/wrfdel/aermod/d02/2126/wrfout_d02_2126_2019.nc
wrfout_d02_2127_2019.nc,2127,d02,2019,212,272,221,281,58.00550079,-123.4950027,57.66889954,-124.0767975,https://nrs.objectstore.gov.bc.ca/wrfdel/aermod/d02/2127/wrfout_d02_2127_2019.nc
wrfout_d02_2128_2019.nc,2128,d02,2019,212,282,221,291,58.36449814,-123.5206985,58.0279007,-124.1079025,https://nrs.objectstore.gov.bc.ca/wrfdel/aermod/d02/2128/wrfout_d02_2128_2019.nc
wrfout_d02_2129_2019.nc,2129,d02,2019,212,292,221,301,58.72340012,-123.5468979,58.38679886,-124.1396027,https://nrs.objectstore.gov.bc.ca/wrfdel/aermod/d02/2129/wrfout_d02_2129_2019.nc
wrfout_d02_2130_2019.nc,2130,d02,2019,212,302,221,311,59.08209991,-123.5736008,58.74549866,-124.1718979,https://nrs.objectstore.gov.bc.ca/wrfdel/aermod/d02/2130/wrfout_d02_2130_2019.nc
wrfout_d02_2131_2019.nc,2131,d02,2019,212,312,221,321,59.44070053,-123.6007996,59.10409927,-124.2049026,https://nrs.objectstore.gov.bc.ca/wrfdel/aermod/d02/2131/wrfout_d02_2131_2019.nc
wrfout_d02_2132_2019.nc,2132,d02,2019,212,322,221,331,59.79909897,-123.6286011,59.46250153,-124.2385025,https://nrs.objectstore.gov.bc.ca/wrfdel/aermod/d02/2132/wrfout_d02_2132_2019.nc
wrfout_d02_2133_2019.nc,2133,d02,2019,212,332,221,341,60.15719986,-123.6568985,59.8207016,-124.2727966,https://nrs.objectstore.gov.bc.ca/wrfdel/aermod/d02/2133/wrfout_d02_2133_2019.nc
wrfout_d02_2134_2019.nc,2134,d02,2019,212,342,221,351,60.51520157,-123.6858978,60.17869949,-124.3078003,https://nrs.objectstore.gov.bc.ca/wrfdel/aermod/d02/2134/wrfout_d02_2134_2019.nc
wrfout_d02_2135_2019.nc,2135,d02,2019,212,352,221,361,60.8728981,-123.7154007,60.53649902,-124.3435974,https://nrs.objectstore.gov.bc.ca/wrfdel/aermod/d02/2135/wrfout_d02_2135_2019.nc
wrfout_d02_2136_2019.nc,2136,d02,2019,212,362,221,371,61.23040009,-123.7455978,60.89410019,-124.3800964,https://nrs.objectstore.gov.bc.ca/wrfdel/aermod/d02/2136/wrfout_d02_2136_2019.nc
wrfout_d02_2200_2019.nc,2200,d02,2019,222,2,231,11,48.32279968,-122.414299,47.99330139,-122.8839035,https://nrs.objectstore.gov.bc.ca/wrfdel/aermod/d02/2200/wrfout_d02_2200_2019.nc
wrfout_d02_2201_2019.nc,2201,d02,2019,222,12,231,21,48.68019867,-122.4262009,48.35039902,-122.8993988,https://nrs.objectstore.gov.bc.ca/wrfdel/aermod/d02/2201/wrfout_d02_2201_2019.nc
wrfout_d02_2202_2019.nc,2202,d02,2019,222,22,231,31,49.03789902,-122.4383011,48.70769882,-122.9150009,https://nrs.objectstore.gov.bc.ca/wrfdel/aermod/d02/2202/wrfout_d02_2202_2019.nc
wrfout_d02_2203_2019.nc,2203,d02,2019,222,32,231,41,49.39569855,-122.4505997,49.06529999,-122.9309998,https://nrs.objectstore.gov.bc.ca/wrfdel/aermod/d02/2203/wrfout_d02_2203_2019.nc
wrfout_d02_2204_2019.nc,2204,d02,2019,222,42,231,51,49.75379944,-122.4630966,49.42309952,-122.947197,https://nrs.objectstore.gov.bc.ca/wrfdel/aermod/d02/2204/wrfout_d02_2204_2019.nc
wrfout_d02_2205_2019.nc,2205,d02,2019,222,52,231,61,50.11199951,-122.4757996,49.78110123,-122.9636002,https://nrs.objectstore.gov.bc.ca/wrfdel/aermod/d02/2205/wrfout_d02_2205_2019.nc
wrfout_d02_2206_2019.nc,2206,d02,2019,222,62,231,71,50.47050095,-122.4887009,50.1393013,-122.9803009,https://nrs.objectstore.gov.bc.ca/wrfdel/aermod/d02/2206/wrfout_d02_2206_2019.nc
wrfout_d02_2207_2019.nc,2207,d02,2019,222,72,231,81,50.82910156,-122.5018005,50.49769974,-122.9972,https://nrs.objectstore.gov.bc.ca/wrfdel/aermod/d02/2207/wrfout_d02_2207_2019.nc
wrfout_d02_2208_2019.nc,2208,d02,2019,222,82,231,91,51.18790054,-122.5150986,50.85630035,-123.0145035,https://nrs.objectstore.gov.bc.ca/wrfdel/aermod/d02/2208/wrfout_d02_2208_2019.nc
wrfout_d02_2209_2019.nc,2209,d02,2019,222,92,231,101,51.54679871,-122.5286026,51.21500015,-123.0319977,https://nrs.objectstore.gov.bc.ca/wrfdel/aermod/d02/2209/wrfout_d02_2209_2019.nc
wrfout_d02_2210_2019.nc,2210,d02,2019,222,102,231,111,51.90579987,-122.5423965,51.57379913,-123.0497971,https://nrs.objectstore.gov.bc.ca/wrfdel/aermod/d02/2210/wrfout_d02_2210_2019.nc
wrfout_d02_2211_2019.nc,2211,d02,2019,222,112,231,121,52.26499939,-122.5563965,51.93280029,-123.0680008,https://nrs.objectstore.gov.bc.ca/wrfdel/aermod/d02/2211/wrfout_d02_2211_2019.nc
wrfout_d02_2212_2019.nc,2212,d02,2019,222,122,231,131,52.6242981,-122.5706024,52.29190063,-123.0864029,https://nrs.objectstore.gov.bc.ca/wrfdel/aermod/d02/2212/wrfout_d02_2212_2019.nc
wrfout_d02_2213_2019.nc,2213,d02,2019,222,132,231,141,52.9836998,-122.5849991,52.65119934,-123.1051025,https://nrs.objectstore.gov.bc.ca/wrfdel/aermod/d02/2213/wrfout_d02_2213_2019.nc
wrfout_d02_2214_2019.nc,2214,d02,2019,222,142,231,151,53.3431015,-122.5998001,53.01050186,-123.1241989,https://nrs.objectstore.gov.bc.ca/wrfdel/aermod/d02/2214/wrfout_d02_2214_2019.nc
wrfout_d02_2215_2019.nc,2215,d02,2019,222,152,231,161,53.70270157,-122.6147995,53.36980057,-123.1435013,https://nrs.objectstore.gov.bc.ca/wrfdel/aermod/d02/2215/wrfout_d02_2215_2019.nc
wrfout_d02_2216_2019.nc,2216,d02,2019,222,162,231,171,54.06219864,-122.6299973,53.72930145,-123.1632996,https://nrs.objectstore.gov.bc.ca/wrfdel/aermod/d02/2216/wrfout_d02_2216_2019.nc
wrfout_d02_2217_2019.nc,2217,d02,2019,222,172,231,181,54.4219017,-122.6455002,54.08879852,-123.1832962,https://nrs.objectstore.gov.bc.ca/wrfdel/aermod/d02/2217/wrfout_d02_2217_2019.nc
wrfout_d02_2218_2019.nc,2218,d02,2019,222,182,231,191,54.78150177,-122.6613007,54.44839859,-123.2036972,https://nrs.objectstore.gov.bc.ca/wrfdel/aermod/d02/2218/wrfout_d02_2218_2019.nc
wrfout_d02_2219_2019.nc,2219,d02,2019,222,192,231,201,55.14120102,-122.6772995,54.80789948,-123.2245026,https://nrs.objectstore.gov.bc.ca/wrfdel/aermod/d02/2219/wrfout_d02_2219_2019.nc
wrfout_d02_2220_2019.nc,2220,d02,2019,222,202,231,211,55.50090027,-122.6937027,55.16749954,-123.245697,https://nrs.objectstore.gov.bc.ca/wrfdel/aermod/d02/2220/wrfout_d02_2220_2019.nc
wrfout_d02_2221_2019.nc,2221,d02,2019,222,212,231,221,55.86050034,-122.7104034,55.52709961,-123.2671967,https://nrs.objectstore.gov.bc.ca/wrfdel/aermod/d02/2221/wrfout_d02_2221_2019.nc
wrfout_d02_2222_2019.nc,2222,d02,2019,222,222,231,231,56.2201004,-122.7273026,55.88660049,-123.2891998,https://nrs.objectstore.gov.bc.ca/wrfdel/aermod/d02/2222/wrfout_d02_2222_2019.nc
wrfout_d02_2223_2019.nc,2223,d02,2019,222,232,231,241,56.57970047,-122.7445984,56.24620056,-123.3115005,https://nrs.objectstore.gov.bc.ca/wrfdel/aermod/d02/2223/wrfout_d02_2223_2019.nc
wrfout_d02_2224_2019.nc,2224,d02,2019,222,242,231,251,56.93920135,-122.7621994,56.60559845,-123.3342972,https://nrs.objectstore.gov.bc.ca/wrfdel/aermod/d02/2224/wrfout_d02_2224_2019.nc
wrfout_d02_2225_2019.nc,2225,d02,2019,222,252,231,261,57.29859924,-122.7801971,56.96500015,-123.3574982,https://nrs.objectstore.gov.bc.ca/wrfdel/aermod/d02/2225/wrfout_d02_2225_2019.nc
wrfout_d02_2226_2019.nc,2226,d02,2019,222,262,231,271,57.65800095,-122.7985001,57.32440186,-123.3811035,https://nrs.objectstore.gov.bc.ca/wrfdel/aermod/d02/2226/wrfout_d02_2226_2019.nc
wrfout_d02_2227_2019.nc,2227,d02,2019,222,272,231,281,58.01720047,-122.8171005,57.68360138,-123.4051971,https://nrs.objectstore.gov.bc.ca/wrfdel/aermod/d02/2227/wrfout_d02_2227_2019.nc
wrfout_d02_2228_2019.nc,2228,d02,2019,222,282,231,291,58.37639999,-122.8361969,58.0428009,-123.4298019,https://nrs.objectstore.gov.bc.ca/wrfdel/aermod/d02/2228/wrfout_d02_2228_2019.nc
wrfout_d02_2229_2019.nc,2229,d02,2019,222,292,231,301,58.73540115,-122.8554993,58.40179825,-123.4548035,https://nrs.objectstore.gov.bc.ca/wrfdel/aermod/d02/2229/wrfout_d02_2229_2019.nc
wrfout_d02_2230_2019.nc,2230,d02,2019,222,302,231,311,59.09420013,-122.8752975,58.76060104,-123.4804001,https://nrs.objectstore.gov.bc.ca/wrfdel/aermod/d02/2230/wrfout_d02_2230_2019.nc
wrfout_d02_2231_2019.nc,2231,d02,2019,222,312,231,321,59.45289993,-122.8955002,59.11940002,-123.5064011,https://nrs.objectstore.gov.bc.ca/wrfdel/aermod/d02/2231/wrfout_d02_2231_2019.nc
wrfout_d02_2232_2019.nc,2232,d02,2019,222,322,231,331,59.81140137,-122.9160995,59.47790146,-123.5329971,https://nrs.objectstore.gov.bc.ca/wrfdel/aermod/d02/2232/wrfout_d02_2232_2019.nc
wrfout_d02_2233_2019.nc,2233,d02,2019,222,332,231,341,60.16960144,-122.9371033,59.8362999,-123.5600967,https://nrs.objectstore.gov.bc.ca/wrfdel/aermod/d02/2233/wrfout_d02_2233_2019.nc
wrfout_d02_2234_2019.nc,2234,d02,2019,222,342,231,351,60.52769852,-122.9586029,60.19449997,-123.5877991,https://nrs.objectstore.gov.bc.ca/wrfdel/aermod/d02/2234/wrfout_d02_2234_2019.nc
wrfout_d02_2235_2019.nc,2235,d02,2019,222,352,231,361,60.88560104,-122.9804993,60.55239868,-123.6159973,https://nrs.objectstore.gov.bc.ca/wrfdel/aermod/d02/2235/wrfout_d02_2235_2019.nc
wrfout_d02_2236_2019.nc,2236,d02,2019,222,362,231,371,61.24319839,-123.0028,60.91009903,-123.6448975,https://nrs.objectstore.gov.bc.ca/wrfdel/aermod/d02/2236/wrfout_d02_2236_2019.nc
wrfout_d02_2300_2019.nc,2300,d02,2019,232,2,241,11,48.32929993,-121.8768997,48.00220108,-122.3504028,https://nrs.objectstore.gov.bc.ca/wrfdel/aermod/d02/2300/wrfout_d02_2300_2019.nc
wrfout_d02_2301_2019.nc,2301,d02,2019,232,12,241,21,48.6867981,-121.884697,48.35929871,-122.361702,https://nrs.objectstore.gov.bc.ca/wrfdel/aermod/d02/2301/wrfout_d02_2301_2019.nc
wrfout_d02_2302_2019.nc,2302,d02,2019,232,22,241,31,49.04449844,-121.892601,48.71680069,-122.3731995,https://nrs.objectstore.gov.bc.ca/wrfdel/aermod/d02/2302/wrfout_d02_2302_2019.nc
wrfout_d02_2303_2019.nc,2303,d02,2019,232,32,241,41,49.40240097,-121.9004974,49.07440186,-122.384903,https://nrs.objectstore.gov.bc.ca/wrfdel/aermod/d02/2303/wrfout_d02_2303_2019.nc
wrfout_d02_2304_2019.nc,2304,d02,2019,232,42,241,51,49.76050186,-121.9085999,49.43230057,-122.3967972,https://nrs.objectstore.gov.bc.ca/wrfdel/aermod/d02/2304/wrfout_d02_2304_2019.nc
wrfout_d02_2305_2019.nc,2305,d02,2019,232,52,241,61,50.11880112,-121.9169006,49.79040146,-122.4088974,https://nrs.objectstore.gov.bc.ca/wrfdel/aermod/d02/2305/wrfout_d02_2305_2019.nc
wrfout_d02_2306_2019.nc,2306,d02,2019,232,62,241,71,50.47729874,-121.9253006,50.14870071,-122.4210968,https://nrs.objectstore.gov.bc.ca/wrfdel/aermod/d02/2306/wrfout_d02_2306_2019.nc
wrfout_d02_2307_2019.nc,2307,d02,2019,232,72,241,81,50.83599854,-121.9337997,50.50709915,-122.4336014,https://nrs.objectstore.gov.bc.ca/wrfdel/aermod/d02/2307/wrfout_d02_2307_2019.nc
wrfout_d02_2308_2019.nc,2308,d02,2019,232,82,241,91,51.19480133,-121.9423981,50.86579895,-122.4462967,https://nrs.objectstore.gov.bc.ca/wrfdel/aermod/d02/2308/wrfout_d02_2308_2019.nc
wrfout_d02_2309_2019.nc,2309,d02,2019,232,92,241,101,51.55379868,-121.9512024,51.22460175,-122.4590988,https://nrs.objectstore.gov.bc.ca/wrfdel/aermod/d02/2309/wrfout_d02_2309_2019.nc
wrfout_d02_2310_2019.nc,2310,d02,2019,232,102,241,111,51.91289902,-121.9601974,51.58349991,-122.4721985,https://nrs.objectstore.gov.bc.ca/wrfdel/aermod/d02/2310/wrfout_d02_2310_2019.nc
wrfout_d02_2311_2019.nc,2311,d02,2019,232,112,241,121,52.27209854,-121.9692993,51.94260025,-122.4854965,https://nrs.objectstore.gov.bc.ca/wrfdel/aermod/d02/2311/wrfout_d02_2311_2019.nc
wrfout_d02_2312_2019.nc,2312,d02,2019,232,122,241,131,52.63150024,-121.9785004,52.30179977,-122.4990005,https://nrs.objectstore.gov.bc.ca/wrfdel/aermod/d02/2312/wrfout_d02_2312_2019.nc
wrfout_d02_2313_2019.nc,2313,d02,2019,232,132,241,141,52.99089813,-121.9878998,52.66109848,-122.5128021,https://nrs.objectstore.gov.bc.ca/wrfdel/aermod/d02/2313/wrfout_d02_2313_2019.nc
wrfout_d02_2314_2019.nc,2314,d02,2019,232,142,241,151,53.35039902,-121.9974976,53.02050018,-122.5268021,https://nrs.objectstore.gov.bc.ca/wrfdel/aermod/d02/2314/wrfout_d02_2314_2019.nc
wrfout_d02_2315_2019.nc,2315,d02,2019,232,152,241,161,53.70999908,-122.0072021,53.38000107,-122.5410004,https://nrs.objectstore.gov.bc.ca/wrfdel/aermod/d02/2315/wrfout_d02_2315_2019.nc
wrfout_d02_2316_2019.nc,2316,d02,2019,232,162,241,171,54.06969833,-122.0171967,53.73949814,-122.555397,https://nrs.objectstore.gov.bc.ca/wrfdel/aermod/d02/2316/wrfout_d02_2316_2019.nc
wrfout_d02_2317_2019.nc,2317,d02,2019,232,172,241,181,54.4294014,-122.0271988,54.09909821,-122.5701981,https://nrs.objectstore.gov.bc.ca/wrfdel/aermod/d02/2317/wrfout_d02_2317_2019.nc
wrfout_d02_2318_2019.nc,2318,d02,2019,232,182,241,191,54.78910065,-122.0374985,54.45869827,-122.5851974,https://nrs.objectstore.gov.bc.ca/wrfdel/aermod/d02/2318/wrfout_d02_2318_2019.nc
wrfout_d02_2319_2019.nc,2319,d02,2019,232,192,241,201,55.1487999,-122.0478973,54.81840134,-122.6004028,https://nrs.objectstore.gov.bc.ca/wrfdel/aermod/d02/2319/wrfout_d02_2319_2019.nc
wrfout_d02_2320_2019.nc,2320,d02,2019,232,202,241,211,55.50859833,-122.0586014,55.17810059,-122.6159973,https://nrs.objectstore.gov.bc.ca/wrfdel/aermod/d02/2320/wrfout_d02_2320_2019.nc
wrfout_d02_2321_2019.nc,2321,d02,2019,232,212,241,221,55.86830139,-122.069397,55.53770065,-122.6317978,https://nrs.objectstore.gov.bc.ca/wrfdel/aermod/d02/2321/wrfout_d02_2321_2019.nc
wrfout_d02_2322_2019.nc,2322,d02,2019,232,222,241,231,56.22800064,-122.0803986,55.8973999,-122.6479034,https://nrs.objectstore.gov.bc.ca/wrfdel/aermod/d02/2322/wrfout_d02_2322_2019.nc
wrfout_d02_2323_2019.nc,2323,d02,2019,232,232,241,241,56.58760071,-122.0916977,56.25699997,-122.664299,https://nrs.objectstore.gov.bc.ca/wrfdel/aermod/d02/2323/wrfout_d02_2323_2019.nc
wrfout_d02_2324_2019.nc,2324,d02,2019,232,242,241,251,56.94720078,-122.1031036,56.61660004,-122.6809998,https://nrs.objectstore.gov.bc.ca/wrfdel/aermod/d02/2324/wrfout_d02_2324_2019.nc
wrfout_d02_2325_2019.nc,2325,d02,2019,232,252,241,261,57.30670166,-122.1147995,56.97610092,-122.6980972,https://nrs.objectstore.gov.bc.ca/wrfdel/aermod/d02/2325/wrfout_d02_2325_2019.nc
wrfout_d02_2326_2019.nc,2326,d02,2019,232,262,241,271,57.66609955,-122.1267014,57.33549881,-122.7154007,https://nrs.objectstore.gov.bc.ca/wrfdel/aermod/d02/2326/wrfout_d02_2326_2019.nc
wrfout_d02_2327_2019.nc,2327,d02,2019,232,272,241,281,58.02550125,-122.1388016,57.69490051,-122.7331009,https://nrs.objectstore.gov.bc.ca/wrfdel/aermod/d02/2327/wrfout_d02_2327_2019.nc
wrfout_d02_2328_2019.nc,2328,d02,2019,232,282,241,291,58.38470078,-122.1511993,58.05410004,-122.7510986,https://nrs.objectstore.gov.bc.ca/wrfdel/aermod/d02/2328/wrfout_d02_2328_2019.nc
wrfout_d02_2329_2019.nc,2329,d02,2019,232,292,241,301,58.74369812,-122.1638031,58.41329956,-122.7695007,https://nrs.objectstore.gov.bc.ca/wrfdel/aermod/d02/2329/wrfout_d02_2329_2019.nc
wrfout_d02_2330_2019.nc,2330,d02,2019,232,302,241,311,59.10269928,-122.1766968,58.77220154,-122.7882996,https://nrs.objectstore.gov.bc.ca/wrfdel/aermod/d02/2330/wrfout_d02_2330_2019.nc
wrfout_d02_2331_2019.nc,2331,d02,2019,232,312,241,321,59.46139908,-122.1897964,59.1310997,-122.8074036,https://nrs.objectstore.gov.bc.ca/wrfdel/aermod/d02/2331/wrfout_d02_2331_2019.nc
wrfout_d02_2332_2019.nc,2332,d02,2019,232,322,241,331,59.81999969,-122.2032013,59.48970032,-122.8268967,https://nrs.objectstore.gov.bc.ca/wrfdel/aermod/d02/2332/wrfout_d02_2332_2019.nc
wrfout_d02_2333_2019.nc,2333,d02,2019,232,332,241,341,60.17839813,-122.2167969,59.84820175,-122.8468018,https://nrs.objectstore.gov.bc.ca/wrfdel/aermod/d02/2333/wrfout_d02_2333_2019.nc
wrfout_d02_2334_2019.nc,2334,d02,2019,232,342,241,351,60.53649902,-122.2307968,60.20650101,-122.8672028,https://nrs.objectstore.gov.bc.ca/wrfdel/aermod/d02/2334/wrfout_d02_2334_2019.nc
wrfout_d02_2335_2019.nc,2335,d02,2019,232,352,241,361,60.89450073,-122.2450027,60.5646019,-122.8879013,https://nrs.objectstore.gov.bc.ca/wrfdel/aermod/d02/2335/wrfout_d02_2335_2019.nc
wrfout_d02_2336_2019.nc,2336,d02,2019,232,362,241,371,61.25220108,-122.2595978,60.92240143,-122.9091034,https://nrs.objectstore.gov.bc.ca/wrfdel/aermod/d02/2336/wrfout_d02_2336_2019.nc
wrfout_d02_2400_2019.nc,2400,d02,2019,242,2,251,11,48.33309937,-121.3394012,48.00830078,-121.8167038,https://nrs.objectstore.gov.bc.ca/wrfdel/aermod/d02/2400/wrfout_d02_2400_2019.nc
wrfout_d02_2401_2019.nc,2401,d02,2019,242,12,251,21,48.69049835,-121.3430023,48.36560059,-121.8238983,https://nrs.objectstore.gov.bc.ca/wrfdel/aermod/d02/2401/wrfout_d02_2401_2019.nc
wrfout_d02_2402_2019.nc,2402,d02,2019,242,22,251,31,49.0483017,-121.3466034,48.72299957,-121.8312988,https://nrs.objectstore.gov.bc.ca/wrfdel/aermod/d02/2402/wrfout_d02_2402_2019.nc
wrfout_d02_2403_2019.nc,2403,d02,2019,242,32,251,41,49.40620041,-121.3503036,49.08069992,-121.8386993,https://nrs.objectstore.gov.bc.ca/wrfdel/aermod/d02/2403/wrfout_d02_2403_2019.nc
wrfout_d02_2404_2019.nc,2404,d02,2019,242,42,251,51,49.7643013,-121.3541031,49.43870163,-121.8462982,https://nrs.objectstore.gov.bc.ca/wrfdel/aermod/d02/2404/wrfout_d02_2404_2019.nc
wrfout_d02_2405_2019.nc,2405,d02,2019,242,52,251,61,50.12269974,-121.3579025,49.79679871,-121.8539963,https://nrs.objectstore.gov.bc.ca/wrfdel/aermod/d02/2405/wrfout_d02_2405_2019.nc
wrfout_d02_2406_2019.nc,2406,d02,2019,242,62,251,71,50.48120117,-121.361702,50.15510178,-121.8618011,https://nrs.objectstore.gov.bc.ca/wrfdel/aermod/d02/2406/wrfout_d02_2406_2019.nc
wrfout_d02_2407_2019.nc,2407,d02,2019,242,72,251,81,50.83990097,-121.3656998,50.51369858,-121.8696976,https://nrs.objectstore.gov.bc.ca/wrfdel/aermod/d02/2407/wrfout_d02_2407_2019.nc
wrfout_d02_2408_2019.nc,2408,d02,2019,242,82,251,91,51.19879913,-121.3696976,50.87239838,-121.8778,https://nrs.objectstore.gov.bc.ca/wrfdel/aermod/d02/2408/wrfout_d02_2408_2019.nc
wrfout_d02_2409_2019.nc,2409,d02,2019,242,92,251,101,51.55780029,-121.373703,51.23120117,-121.8860016,https://nrs.objectstore.gov.bc.ca/wrfdel/aermod/d02/2409/wrfout_d02_2409_2019.nc
wrfout_d02_2410_2019.nc,2410,d02,2019,242,102,251,111,51.91699982,-121.3778,51.59019852,-121.8943024,https://nrs.objectstore.gov.bc.ca/wrfdel/aermod/d02/2410/wrfout_d02_2410_2019.nc
wrfout_d02_2411_2019.nc,2411,d02,2019,242,112,251,121,52.27619934,-121.3820038,51.94940186,-121.9028015,https://nrs.objectstore.gov.bc.ca/wrfdel/aermod/d02/2411/wrfout_d02_2411_2019.nc
wrfout_d02_2412_2019.nc,2412,d02,2019,242,122,251,131,52.63560104,-121.3862991,52.30860138,-121.9113998,https://nrs.objectstore.gov.bc.ca/wrfdel/aermod/d02/2412/wrfout_d02_2412_2019.nc
wrfout_d02_2413_2019.nc,2413,d02,2019,242,132,251,141,52.99509811,-121.3906021,52.66799927,-121.9201965,https://nrs.objectstore.gov.bc.ca/wrfdel/aermod/d02/2413/wrfout_d02_2413_2019.nc
wrfout_d02_2414_2019.nc,2414,d02,2019,242,142,251,151,53.35469818,-121.3951035,53.02740097,-121.9291,https://nrs.objectstore.gov.bc.ca/wrfdel/aermod/d02/2414/wrfout_d02_2414_2019.nc
wrfout_d02_2415_2019.nc,2415,d02,2019,242,152,251,161,53.71429825,-121.3995972,53.38700104,-121.9382019,https://nrs.objectstore.gov.bc.ca/wrfdel/aermod/d02/2415/wrfout_d02_2415_2019.nc
wrfout_d02_2416_2019.nc,2416,d02,2019,242,162,251,171,54.07400131,-121.4040985,53.7466011,-121.947403,https://nrs.objectstore.gov.bc.ca/wrfdel/aermod/d02/2416/wrfout_d02_2416_2019.nc
wrfout_d02_2417_2019.nc,2417,d02,2019,242,172,251,181,54.43370056,-121.4087982,54.10620117,-121.9568024,https://nrs.objectstore.gov.bc.ca/wrfdel/aermod/d02/2417/wrfout_d02_2417_2019.nc
wrfout_d02_2418_2019.nc,2418,d02,2019,242,182,251,191,54.79349899,-121.4134979,54.46590042,-121.966301,https://nrs.objectstore.gov.bc.ca/wrfdel/aermod/d02/2418/wrfout_d02_2418_2019.nc
wrfout_d02_2419_2019.nc,2419,d02,2019,242,192,251,201,55.15319824,-121.4182968,54.82569885,-121.9760971,https://nrs.objectstore.gov.bc.ca/wrfdel/aermod/d02/2419/wrfout_d02_2419_2019.nc
wrfout_d02_2420_2019.nc,2420,d02,2019,242,202,251,211,55.51300049,-121.4232025,55.1853981,-121.9860001,https://nrs.objectstore.gov.bc.ca/wrfdel/aermod/d02/2420/wrfout_d02_2420_2019.nc
wrfout_d02_2421_2019.nc,2421,d02,2019,242,212,251,221,55.87279892,-121.4281998,55.54510117,-121.9961014,https://nrs.objectstore.gov.bc.ca/wrfdel/aermod/d02/2421/wrfout_d02_2421_2019.nc
wrfout_d02_2422_2019.nc,2422,d02,2019,242,222,251,231,56.23249817,-121.433403,55.9048996,-122.0063019,https://nrs.objectstore.gov.bc.ca/wrfdel/aermod/d02/2422/wrfout_d02_2422_2019.nc
wrfout_d02_2423_2019.nc,2423,d02,2019,242,232,251,241,56.59220123,-121.4384995,56.26459885,-122.0167999,https://nrs.objectstore.gov.bc.ca/wrfdel/aermod/d02/2423/wrfout_d02_2423_2019.nc
wrfout_d02_2424_2019.nc,2424,d02,2019,242,242,251,251,56.9518013,-121.4438019,56.62419891,-122.0273972,https://nrs.objectstore.gov.bc.ca/wrfdel/aermod/d02/2424/wrfout_d02_2424_2019.nc
wrfout_d02_2425_2019.nc,2425,d02,2019,242,252,251,261,57.31140137,-121.4492035,56.98379898,-122.0382996,https://nrs.objectstore.gov.bc.ca/wrfdel/aermod/d02/2425/wrfout_d02_2425_2019.nc
wrfout_d02_2426_2019.nc,2426,d02,2019,242,262,251,271,57.67079926,-121.4546967,57.34329987,-122.0494003,https://nrs.objectstore.gov.bc.ca/wrfdel/aermod/d02/2426/wrfout_d02_2426_2019.nc
wrfout_d02_2427_2019.nc,2427,d02,2019,242,272,251,281,58.03020096,-121.4602966,57.70270157,-122.0606003,https://nrs.objectstore.gov.bc.ca/wrfdel/aermod/d02/2427/wrfout_d02_2427_2019.nc
wrfout_d02_2428_2019.nc,2428,d02,2019,242,282,251,291,58.38940048,-121.4660034,58.06200027,-122.0720978,https://nrs.objectstore.gov.bc.ca/wrfdel/aermod/d02/2428/wrfout_d02_2428_2019.nc
wrfout_d02_2429_2019.nc,2429,d02,2019,242,292,251,301,58.74860001,-121.4718018,58.4211998,-122.0839005,https://nrs.objectstore.gov.bc.ca/wrfdel/aermod/d02/2429/wrfout_d02_2429_2019.nc
wrfout_d02_2430_2019.nc,2430,d02,2019,242,302,251,311,59.10749817,-121.4777985,58.78030014,-122.0958023,https://nrs.objectstore.gov.bc.ca/wrfdel/aermod/d02/2430/wrfout_d02_2430_2019.nc
wrfout_d02_2431_2019.nc,2431,d02,2019,242,312,251,321,59.46630096,-121.4838028,59.1391983,-122.1080017,https://nrs.objectstore.gov.bc.ca/wrfdel/aermod/d02/2431/wrfout_d02_2431_2019.nc
wrfout_d02_2432_2019.nc,2432,d02,2019,242,322,251,331,59.82500076,-121.4899979,59.4978981,-122.1203995,https://nrs.objectstore.gov.bc.ca/wrfdel/aermod/d02/2432/wrfout_d02_2432_2019.nc
wrfout_d02_2433_2019.nc,2433,d02,2019,242,332,251,341,60.1833992,-121.4962997,59.85649872,-122.1332016,https://nrs.objectstore.gov.bc.ca/wrfdel/aermod/d02/2433/wrfout_d02_2433_2019.nc
wrfout_d02_2434_2019.nc,2434,d02,2019,242,342,251,351,60.54159927,-121.5027008,60.21490097,-122.1461029,https://nrs.objectstore.gov.bc.ca/wrfdel/aermod/d02/2434/wrfout_d02_2434_2019.nc
wrfout_d02_2435_2019.nc,2435,d02,2019,242,352,251,361,60.89960098,-121.5093002,60.57300186,-122.1593018,https://nrs.objectstore.gov.bc.ca/wrfdel/aermod/d02/2435/wrfout_d02_2435_2019.nc
wrfout_d02_2436_2019.nc,2436,d02,2019,242,362,251,371,61.25730133,-121.5159988,60.93090057,-122.1727982,https://nrs.objectstore.gov.bc.ca/wrfdel/aermod/d02/2436/wrfout_d02_2436_2019.nc
wrfout_d02_2500_2019.nc,2500,d02,2019,252,2,261,11,48.33399963,-120.8019028,48.01179886,-121.2828979,https://nrs.objectstore.gov.bc.ca/wrfdel/aermod/d02/2500/wrfout_d02_2500_2019.nc
wrfout_d02_2501_2019.nc,2501,d02,2019,252,12,261,21,48.69150162,-120.8013,48.36899948,-121.2860031,https://nrs.objectstore.gov.bc.ca/wrfdel/aermod/d02/2501/wrfout_d02_2501_2019.nc
wrfout_d02_2502_2019.nc,2502,d02,2019,252,22,261,31,49.04919815,-120.8006973,48.72650146,-121.2891998,https://nrs.objectstore.gov.bc.ca/wrfdel/aermod/d02/2502/wrfout_d02_2502_2019.nc
wrfout_d02_2503_2019.nc,2503,d02,2019,252,32,261,41,49.40719986,-120.8000031,49.08430099,-121.2923965,https://nrs.objectstore.gov.bc.ca/wrfdel/aermod/d02/2503/wrfout_d02_2503_2019.nc
wrfout_d02_2504_2019.nc,2504,d02,2019,252,42,261,51,49.76539993,-120.7994003,49.44219971,-121.2956009,https://nrs.objectstore.gov.bc.ca/wrfdel/aermod/d02/2504/wrfout_d02_2504_2019.nc
wrfout_d02_2505_2019.nc,2505,d02,2019,252,52,261,61,50.12369919,-120.7987976,49.80039978,-121.2988968,https://nrs.objectstore.gov.bc.ca/wrfdel/aermod/d02/2505/wrfout_d02_2505_2019.nc
wrfout_d02_2506_2019.nc,2506,d02,2019,252,62,261,71,50.48220062,-120.7981033,50.15879822,-121.3022995,https://nrs.objectstore.gov.bc.ca/wrfdel/aermod/d02/2506/wrfout_d02_2506_2019.nc
wrfout_d02_2507_2019.nc,2507,d02,2019,252,72,261,81,50.8409996,-120.7975006,50.51729965,-121.3057022,https://nrs.objectstore.gov.bc.ca/wrfdel/aermod/d02/2507/wrfout_d02_2507_2019.nc
wrfout_d02_2508_2019.nc,2508,d02,2019,252,82,261,91,51.19979858,-120.7967987,50.87599945,-121.3091965,https://nrs.objectstore.gov.bc.ca/wrfdel/aermod/d02/2508/wrfout_d02_2508_2019.nc
wrfout_d02_2509_2019.nc,2509,d02,2019,252,92,261,101,51.55889893,-120.7960968,51.23490143,-121.3126984,https://nrs.objectstore.gov.bc.ca/wrfdel/aermod/d02/2509/wrfout_d02_2509_2019.nc
wrfout_d02_2510_2019.nc,2510,d02,2019,252,102,261,111,51.91799927,-120.7954025,51.59400177,-121.3162994,https://nrs.objectstore.gov.bc.ca/wrfdel/aermod/d02/2510/wrfout_d02_2510_2019.nc
wrfout_d02_2511_2019.nc,2511,d02,2019,252,112,261,121,52.27730179,-120.7947006,51.9530983,-121.3199997,https://nrs.objectstore.gov.bc.ca/wrfdel/aermod/d02/2511/wrfout_d02_2511_2019.nc
wrfout_d02_2512_2019.nc,2512,d02,2019,252,122,261,131,52.63669968,-120.7939987,52.31240082,-121.3237,https://nrs.objectstore.gov.bc.ca/wrfdel/aermod/d02/2512/wrfout_d02_2512_2019.nc
wrfout_d02_2513_2019.nc,2513,d02,2019,252,132,261,141,52.99620056,-120.7932968,52.67179871,-121.3274002,https://nrs.objectstore.gov.bc.ca/wrfdel/aermod/d02/2513/wrfout_d02_2513_2019.nc
wrfout_d02_2514_2019.nc,2514,d02,2019,252,142,261,151,53.35580063,-120.7926025,53.03129959,-121.3312988,https://nrs.objectstore.gov.bc.ca/wrfdel/aermod/d02/2514/wrfout_d02_2514_2019.nc
wrfout_d02_2515_2019.nc,2515,d02,2019,252,152,261,161,53.7154007,-120.7918015,53.39089966,-121.3351974,https://nrs.objectstore.gov.bc.ca/wrfdel/aermod/d02/2515/wrfout_d02_2515_2019.nc
wrfout_d02_2516_2019.nc,2516,d02,2019,252,162,261,171,54.07509995,-120.7910004,53.75049973,-121.3392029,https://nrs.objectstore.gov.bc.ca/wrfdel/aermod/d02/2516/wrfout_d02_2516_2019.nc
wrfout_d02_2517_2019.nc,2517,d02,2019,252,172,261,181,54.43479919,-120.7901993,54.11019897,-121.3432007,https://nrs.objectstore.gov.bc.ca/wrfdel/aermod/d02/2517/wrfout_d02_2517_2019.nc
wrfout_d02_2518_2019.nc,2518,d02,2019,252,182,261,191,54.79460144,-120.7894974,54.47000122,-121.3473969,https://nrs.objectstore.gov.bc.ca/wrfdel/aermod/d02/2518/wrfout_d02_2518_2019.nc
wrfout_d02_2519_2019.nc,2519,d02,2019,252,192,261,201,55.15439987,-120.7886963,54.82970047,-121.3515015,https://nrs.objectstore.gov.bc.ca/wrfdel/aermod/d02/2519/wrfout_d02_2519_2019.nc
wrfout_d02_2520_2019.nc,2520,d02,2019,252,202,261,211,55.5141983,-120.7878036,55.1894989,-121.3557968,https://nrs.objectstore.gov.bc.ca/wrfdel/aermod/d02/2520/wrfout_d02_2520_2019.nc
wrfout_d02_2521_2019.nc,2521,d02,2019,252,212,261,221,55.87390137,-120.7870026,55.54919815,-121.3600998,https://nrs.objectstore.gov.bc.ca/wrfdel/aermod/d02/2521/wrfout_d02_2521_2019.nc
wrfout_d02_2522_2019.nc,2522,d02,2019,252,222,261,231,56.2336998,-120.7862015,55.9090004,-121.3646011,https://nrs.objectstore.gov.bc.ca/wrfdel/aermod/d02/2522/wrfout_d02_2522_2019.nc
wrfout_d02_2523_2019.nc,2523,d02,2019,252,232,261,241,56.59339905,-120.7853012,56.26869965,-121.3691025,https://nrs.objectstore.gov.bc.ca/wrfdel/aermod/d02/2523/wrfout_d02_2523_2019.nc
wrfout_d02_2524_2019.nc,2524,d02,2019,252,242,261,251,56.95299911,-120.7844009,56.6283989,-121.373703,https://nrs.objectstore.gov.bc.ca/wrfdel/aermod/d02/2524/wrfout_d02_2524_2019.nc
wrfout_d02_2525_2019.nc,2525,d02,2019,252,252,261,261,57.31259918,-120.7835007,56.98799896,-121.3783035,https://nrs.objectstore.gov.bc.ca/wrfdel/aermod/d02/2525/wrfout_d02_2525_2019.nc
wrfout_d02_2526_2019.nc,2526,d02,2019,252,262,261,271,57.67210007,-120.7826004,57.34759903,-121.3831024,https://nrs.objectstore.gov.bc.ca/wrfdel/aermod/d02/2526/wrfout_d02_2526_2019.nc
wrfout_d02_2527_2019.nc,2527,d02,2019,252,272,261,281,58.03139877,-120.781601,57.70709991,-121.3880005,https://nrs.objectstore.gov.bc.ca/wrfdel/aermod/d02/2527/wrfout_d02_2527_2019.nc
wrfout_d02_2528_2019.nc,2528,d02,2019,252,282,261,291,58.39070129,-120.7807007,58.06639862,-121.3928986,https://nrs.objectstore.gov.bc.ca/wrfdel/aermod/d02/2528/wrfout_d02_2528_2019.nc
wrfout_d02_2529_2019.nc,2529,d02,2019,252,292,261,301,58.74980164,-120.7797012,58.42559814,-121.3980026,https://nrs.objectstore.gov.bc.ca/wrfdel/aermod/d02/2529/wrfout_d02_2529_2019.nc
wrfout_d02_2530_2019.nc,2530,d02,2019,252,302,261,311,59.10879898,-120.7787018,58.78480148,-121.4030991,https://nrs.objectstore.gov.bc.ca/wrfdel/aermod/d02/2530/wrfout_d02_2530_2019.nc
wrfout_d02_2531_2019.nc,2531,d02,2019,252,312,261,321,59.46760178,-120.7777023,59.14369965,-121.4084015,https://nrs.objectstore.gov.bc.ca/wrfdel/aermod/d02/2531/wrfout_d02_2531_2019.nc
wrfout_d02_2532_2019.nc,2532,d02,2019,252,322,261,331,59.82630157,-120.7767029,59.50249863,-121.4136963,https://nrs.objectstore.gov.bc.ca/wrfdel/aermod/d02/2532/wrfout_d02_2532_2019.nc
wrfout_d02_2533_2019.nc,2533,d02,2019,252,332,261,341,60.18470001,-120.7755966,59.86109924,-121.4191971,https://nrs.objectstore.gov.bc.ca/wrfdel/aermod/d02/2533/wrfout_d02_2533_2019.nc
wrfout_d02_2534_2019.nc,2534,d02,2019,252,342,261,351,60.54290009,-120.774498,60.2195015,-121.4247971,https://nrs.objectstore.gov.bc.ca/wrfdel/aermod/d02/2534/wrfout_d02_2534_2019.nc
wrfout_d02_2535_2019.nc,2535,d02,2019,252,352,261,361,60.90090179,-120.7733994,60.57770157,-121.4304962,https://nrs.objectstore.gov.bc.ca/wrfdel/aermod/d02/2535/wrfout_d02_2535_2019.nc
wrfout_d02_2536_2019.nc,2536,d02,2019,252,362,261,371,61.25870132,-120.7723007,60.93569946,-121.4363022,https://nrs.objectstore.gov.bc.ca/wrfdel/aermod/d02/2536/wrfout_d02_2536_2019.nc
wrfout_d02_2600_2019.nc,2600,d02,2019,262,2,271,11,48.33229828,-120.2642975,48.01250076,-120.7490005,https://nrs.objectstore.gov.bc.ca/wrfdel/aermod/d02/2600/wrfout_d02_2600_2019.nc
wrfout_d02_2601_2019.nc,2601,d02,2019,262,12,271,21,48.68970108,-120.2595978,48.36970139,-120.7480011,https://nrs.objectstore.gov.bc.ca/wrfdel/aermod/d02/2601/wrfout_d02_2601_2019.nc
wrfout_d02_2602_2019.nc,2602,d02,2019,262,22,271,31,49.04740143,-120.2546997,48.72719955,-120.7470016,https://nrs.objectstore.gov.bc.ca/wrfdel/aermod/d02/2602/wrfout_d02_2602_2019.nc
wrfout_d02_2603_2019.nc,2603,d02,2019,262,32,271,41,49.40539932,-120.2498016,49.08499908,-120.7460022,https://nrs.objectstore.gov.bc.ca/wrfdel/aermod/d02/2603/wrfout_d02_2603_2019.nc
wrfout_d02_2604_2019.nc,2604,d02,2019,262,42,271,51,49.76350021,-120.2447968,49.44290161,-120.7449036,https://nrs.objectstore.gov.bc.ca/wrfdel/aermod/d02/2604/wrfout_d02_2604_2019.nc
wrfout_d02_2605_2019.nc,2605,d02,2019,262,52,271,61,50.12189865,-120.2397003,49.80110168,-120.7437973,https://nrs.objectstore.gov.bc.ca/wrfdel/aermod/d02/2605/wrfout_d02_2605_2019.nc
wrfout_d02_2606_2019.nc,2606,d02,2019,262,62,271,71,50.48040009,-120.2345963,50.15950012,-120.7427979,https://nrs.objectstore.gov.bc.ca/wrfdel/aermod/d02/2606/wrfout_d02_2606_2019.nc
wrfout_d02_2607_2019.nc,2607,d02,2019,262,72,271,81,50.83909988,-120.2293015,50.51800156,-120.7416992,https://nrs.objectstore.gov.bc.ca/wrfdel/aermod/d02/2607/wrfout_d02_2607_2019.nc
wrfout_d02_2608_2019.nc,2608,d02,2019,262,82,271,91,51.19789886,-120.223999,50.87680054,-120.7405014,https://nrs.objectstore.gov.bc.ca/wrfdel/aermod/d02/2608/wrfout_d02_2608_2019.nc
wrfout_d02_2609_2019.nc,2609,d02,2019,262,92,271,101,51.55699921,-120.2185974,51.2356987,-120.7394028,https://nrs.objectstore.gov.bc.ca/wrfdel/aermod/d02/2609/wrfout_d02_2609_2019.nc
wrfout_d02_2610_2019.nc,2610,d02,2019,262,102,271,111,51.91609955,-120.2129974,51.59469986,-120.7381973,https://nrs.objectstore.gov.bc.ca/wrfdel/aermod/d02/2610/wrfout_d02_2610_2019.nc
wrfout_d02_2611_2019.nc,2611,d02,2019,262,112,271,121,52.27539825,-120.2073975,51.95389938,-120.7370987,https://nrs.objectstore.gov.bc.ca/wrfdel/aermod/d02/2611/wrfout_d02_2611_2019.nc
wrfout_d02_2612_2019.nc,2612,d02,2019,262,122,271,131,52.63470078,-120.2017975,52.3132019,-120.7359009,https://nrs.objectstore.gov.bc.ca/wrfdel/aermod/d02/2612/wrfout_d02_2612_2019.nc
wrfout_d02_2613_2019.nc,2613,d02,2019,262,132,271,141,52.99420166,-120.1959991,52.67259979,-120.7347031,https://nrs.objectstore.gov.bc.ca/wrfdel/aermod/d02/2613/wrfout_d02_2613_2019.nc
wrfout_d02_2614_2019.nc,2614,d02,2019,262,142,271,151,53.35380173,-120.1901016,53.03210068,-120.7333984,https://nrs.objectstore.gov.bc.ca/wrfdel/aermod/d02/2614/wrfout_d02_2614_2019.nc
wrfout_d02_2615_2019.nc,2615,d02,2019,262,152,271,161,53.71340179,-120.1839981,53.39170074,-120.7322006,https://nrs.objectstore.gov.bc.ca/wrfdel/aermod/d02/2615/wrfout_d02_2615_2019.nc
wrfout_d02_2616_2019.nc,2616,d02,2019,262,162,271,171,54.07310104,-120.1780014,53.75130081,-120.7309036,https://nrs.objectstore.gov.bc.ca/wrfdel/aermod/d02/2616/wrfout_d02_2616_2019.nc
wrfout_d02_2617_2019.nc,2617,d02,2019,262,172,271,181,54.43280029,-120.1717987,54.11100006,-120.729599,https://nrs.objectstore.gov.bc.ca/wrfdel/aermod/d02/2617/wrfout_d02_2617_2019.nc
wrfout_d02_2618_2019.nc,2618,d02,2019,262,182,271,191,54.79249954,-120.1653976,54.47079849,-120.728302,https://nrs.objectstore.gov.bc.ca/wrfdel/aermod/d02/2618/wrfout_d02_2618_2019.nc
wrfout_d02_2619_2019.nc,2619,d02,2019,262,192,271,201,55.15230179,-120.1589966,54.83050156,-120.7268982,https://nrs.objectstore.gov.bc.ca/wrfdel/aermod/d02/2619/wrfout_d02_2619_2019.nc
wrfout_d02_2620_2019.nc,2620,d02,2019,262,202,271,211,55.51210022,-120.1523972,55.19029999,-120.7256012,https://nrs.objectstore.gov.bc.ca/wrfdel/aermod/d02/2620/wrfout_d02_2620_2019.nc
wrfout_d02_2621_2019.nc,2621,d02,2019,262,212,271,221,55.87179947,-120.1457977,55.55009842,-120.7241974,https://nrs.objectstore.gov.bc.ca/wrfdel/aermod/d02/2621/wrfout_d02_2621_2019.nc
wrfout_d02_2622_2019.nc,2622,d02,2019,262,222,271,231,56.23149872,-120.1389999,55.90990067,-120.722702,https://nrs.objectstore.gov.bc.ca/wrfdel/aermod/d02/2622/wrfout_d02_2622_2019.nc
wrfout_d02_2623_2019.nc,2623,d02,2019,262,232,271,241,56.59120178,-120.1320038,56.26959991,-120.7212982,https://nrs.objectstore.gov.bc.ca/wrfdel/aermod/d02/2623/wrfout_d02_2623_2019.nc
wrfout_d02_2624_2019.nc,2624,d02,2019,262,242,271,251,56.95080185,-120.125,56.62929916,-120.7198029,https://nrs.objectstore.gov.bc.ca/wrfdel/aermod/d02/2624/wrfout_d02_2624_2019.nc
wrfout_d02_2625_2019.nc,2625,d02,2019,262,252,271,261,57.3103981,-120.1177979,56.98889923,-120.7182999,https://nrs.objectstore.gov.bc.ca/wrfdel/aermod/d02/2625/wrfout_d02_2625_2019.nc
wrfout_d02_2626_2019.nc,2626,d02,2019,262,262,271,271,57.6697998,-120.1104965,57.3484993,-120.7167969,https://nrs.objectstore.gov.bc.ca/wrfdel/aermod/d02/2626/wrfout_d02_2626_2019.nc
wrfout_d02_2627_2019.nc,2627,d02,2019,262,272,271,281,58.02920151,-120.1029968,57.707901,-120.7152023,https://nrs.objectstore.gov.bc.ca/wrfdel/aermod/d02/2627/wrfout_d02_2627_2019.nc
wrfout_d02_2628_2019.nc,2628,d02,2019,262,282,271,291,58.38840103,-120.0953979,58.06729889,-120.7136002,https://nrs.objectstore.gov.bc.ca/wrfdel/aermod/d02/2628/wrfout_d02_2628_2019.nc
wrfout_d02_2629_2019.nc,2629,d02,2019,262,292,271,301,58.74750137,-120.0876007,58.42660141,-120.711998,https://nrs.objectstore.gov.bc.ca/wrfdel/aermod/d02/2629/wrfout_d02_2629_2019.nc
wrfout_d02_2630_2019.nc,2630,d02,2019,262,302,271,311,59.10649872,-120.0796967,58.78570175,-120.7102966,https://nrs.objectstore.gov.bc.ca/wrfdel/aermod/d02/2630/wrfout_d02_2630_2019.nc
wrfout_d02_2631_2019.nc,2631,d02,2019,262,312,271,321,59.46530151,-120.0716019,59.14459991,-120.7086029,https://nrs.objectstore.gov.bc.ca/wrfdel/aermod/d02/2631/wrfout_d02_2631_2019.nc
wrfout_d02_2632_2019.nc,2632,d02,2019,262,322,271,331,59.82389832,-120.0634003,59.5033989,-120.7069016,https://nrs.objectstore.gov.bc.ca/wrfdel/aermod/d02/2632/wrfout_d02_2632_2019.nc
wrfout_d02_2633_2019.nc,2633,d02,2019,262,332,271,341,60.18230057,-120.0549011,59.86199951,-120.705101,https://nrs.objectstore.gov.bc.ca/wrfdel/aermod/d02/2633/wrfout_d02_2633_2019.nc
wrfout_d02_2634_2019.nc,2634,d02,2019,262,342,271,351,60.54050064,-120.0463028,60.22050095,-120.7033997,https://nrs.objectstore.gov.bc.ca/wrfdel/aermod/d02/2634/wrfout_d02_2634_2019.nc
wrfout_d02_2635_2019.nc,2635,d02,2019,262,352,271,361,60.89849854,-120.0375977,60.57870102,-120.7014999,https://nrs.objectstore.gov.bc.ca/wrfdel/aermod/d02/2635/wrfout_d02_2635_2019.nc
wrfout_d02_2636_2019.nc,2636,d02,2019,262,362,271,371,61.25619888,-120.0286026,60.93659973,-120.6996002,https://nrs.objectstore.gov.bc.ca/wrfdel/aermod/d02/2636/wrfout_d02_2636_2019.nc
wrfout_d02_2700_2019.nc,2700,d02,2019,272,2,281,11,48.32770157,-119.726799,48.01039886,-120.2152023,https://nrs.objectstore.gov.bc.ca/wrfdel/aermod/d02/2700/wrfout_d02_2700_2019.nc
wrfout_d02_2701_2019.nc,2701,d02,2019,272,12,281,21,48.68519974,-119.7179031,48.36769867,-120.2099991,https://nrs.objectstore.gov.bc.ca/wrfdel/aermod/d02/2701/wrfout_d02_2701_2019.nc
wrfout_d02_2702_2019.nc,2702,d02,2019,272,22,281,31,49.0428009,-119.7088013,48.72520065,-120.2049026,https://nrs.objectstore.gov.bc.ca/wrfdel/aermod/d02/2702/wrfout_d02_2702_2019.nc
wrfout_d02_2703_2019.nc,2703,d02,2019,272,32,281,41,49.40069962,-119.6996002,49.082901,-120.1996002,https://nrs.objectstore.gov.bc.ca/wrfdel/aermod/d02/2703/wrfout_d02_2703_2019.nc
wrfout_d02_2704_2019.nc,2704,d02,2019,272,42,281,51,49.75880051,-119.6902008,49.44079971,-120.1941986,https://nrs.objectstore.gov.bc.ca/wrfdel/aermod/d02/2704/wrfout_d02_2704_2019.nc
wrfout_d02_2705_2019.nc,2705,d02,2019,272,52,281,61,50.11709976,-119.6807022,49.79899979,-120.188797,https://nrs.objectstore.gov.bc.ca/wrfdel/aermod/d02/2705/wrfout_d02_2705_2019.nc
wrfout_d02_2706_2019.nc,2706,d02,2019,272,62,281,71,50.4756012,-119.6709976,50.15739822,-120.1832962,https://nrs.objectstore.gov.bc.ca/wrfdel/aermod/d02/2706/wrfout_d02_2706_2019.nc
wrfout_d02_2707_2019.nc,2707,d02,2019,272,72,281,81,50.83430099,-119.6612015,50.51589966,-120.177597,https://nrs.objectstore.gov.bc.ca/wrfdel/aermod/d02/2707/wrfout_d02_2707_2019.nc
wrfout_d02_2708_2019.nc,2708,d02,2019,272,82,281,91,51.19309998,-119.6511993,50.87459946,-120.1718979,https://nrs.objectstore.gov.bc.ca/wrfdel/aermod/d02/2708/wrfout_d02_2708_2019.nc
wrfout_d02_2709_2019.nc,2709,d02,2019,272,92,281,101,51.55210114,-119.641098,51.23350143,-120.1660995,https://nrs.objectstore.gov.bc.ca/wrfdel/aermod/d02/2709/wrfout_d02_2709_2019.nc
wrfout_d02_2710_2019.nc,2710,d02,2019,272,102,281,111,51.91120148,-119.6307983,51.59249878,-120.160202,https://nrs.objectstore.gov.bc.ca/wrfdel/aermod/d02/2710/wrfout_d02_2710_2019.nc
wrfout_d02_2711_2019.nc,2711,d02,2019,272,112,281,121,52.270401,-119.6202011,51.9516983,-120.1541977,https://nrs.objectstore.gov.bc.ca/wrfdel/aermod/d02/2711/wrfout_d02_2711_2019.nc
wrfout_d02_2712_2019.nc,2712,d02,2019,272,122,281,131,52.62969971,-119.6095963,52.31090164,-120.1481018,https://nrs.objectstore.gov.bc.ca/wrfdel/aermod/d02/2712/wrfout_d02_2712_2019.nc
wrfout_d02_2713_2019.nc,2713,d02,2019,272,132,281,141,52.98920059,-119.5987015,52.67029953,-120.1418991,https://nrs.objectstore.gov.bc.ca/wrfdel/aermod/d02/2713/wrfout_d02_2713_2019.nc
wrfout_d02_2714_2019.nc,2714,d02,2019,272,142,281,151,53.34870148,-119.5876999,53.02980042,-120.1355972,https://nrs.objectstore.gov.bc.ca/wrfdel/aermod/d02/2714/wrfout_d02_2714_2019.nc
wrfout_d02_2715_2019.nc,2715,d02,2019,272,152,281,161,53.70819855,-119.5764008,53.38940048,-120.1292038,https://nrs.objectstore.gov.bc.ca/wrfdel/aermod/d02/2715/wrfout_d02_2715_2019.nc
wrfout_d02_2716_2019.nc,2716,d02,2019,272,162,281,171,54.06790161,-119.5650024,53.74900055,-120.1225967,https://nrs.objectstore.gov.bc.ca/wrfdel/aermod/d02/2716/wrfout_d02_2716_2019.nc
wrfout_d02_2717_2019.nc,2717,d02,2019,272,172,281,181,54.42760086,-119.5533981,54.1086998,-120.1159973,https://nrs.objectstore.gov.bc.ca/wrfdel/aermod/d02/2717/wrfout_d02_2717_2019.nc
wrfout_d02_2718_2019.nc,2718,d02,2019,272,182,281,191,54.78730011,-119.5414963,54.46839905,-120.1091995,https://nrs.objectstore.gov.bc.ca/wrfdel/aermod/d02/2718/wrfout_d02_2718_2019.nc
wrfout_d02_2719_2019.nc,2719,d02,2019,272,192,281,201,55.14699936,-119.5294037,54.8280983,-120.1023026,https://nrs.objectstore.gov.bc.ca/wrfdel/aermod/d02/2719/wrfout_d02_2719_2019.nc
wrfout_d02_2720_2019.nc,2720,d02,2019,272,202,281,211,55.50669861,-119.5171967,55.18790054,-120.0952988,https://nrs.objectstore.gov.bc.ca/wrfdel/aermod/d02/2720/wrfout_d02_2720_2019.nc
wrfout_d02_2721_2019.nc,2721,d02,2019,272,212,281,221,55.86640167,-119.5046005,55.54769897,-120.0882034,https://nrs.objectstore.gov.bc.ca/wrfdel/aermod/d02/2721/wrfout_d02_2721_2019.nc
wrfout_d02_2722_2019.nc,2722,d02,2019,272,222,281,231,56.22610092,-119.4918976,55.90739822,-120.0809021,https://nrs.objectstore.gov.bc.ca/wrfdel/aermod/d02/2722/wrfout_d02_2722_2019.nc
wrfout_d02_2723_2019.nc,2723,d02,2019,272,232,281,241,56.58570099,-119.4788971,56.26710129,-120.0735016,https://nrs.objectstore.gov.bc.ca/wrfdel/aermod/d02/2723/wrfout_d02_2723_2019.nc
wrfout_d02_2724_2019.nc,2724,d02,2019,272,242,281,251,56.94530106,-119.4656982,56.62680054,-120.0660019,https://nrs.objectstore.gov.bc.ca/wrfdel/aermod/d02/2724/wrfout_d02_2724_2019.nc
wrfout_d02_2725_2019.nc,2725,d02,2019,272,252,281,261,57.30479813,-119.4522018,56.9864006,-120.0582962,https://nrs.objectstore.gov.bc.ca/wrfdel/aermod/d02/2725/wrfout_d02_2725_2019.nc
wrfout_d02_2726_2019.nc,2726,d02,2019,272,262,281,271,57.66419983,-119.4384995,57.34590149,-120.0503998,https://nrs.objectstore.gov.bc.ca/wrfdel/aermod/d02/2726/wrfout_d02_2726_2019.nc
wrfout_d02_2727_2019.nc,2727,d02,2019,272,272,281,281,58.02349854,-119.4244995,57.70539856,-120.0423965,https://nrs.objectstore.gov.bc.ca/wrfdel/aermod/d02/2727/wrfout_d02_2727_2019.nc
wrfout_d02_2728_2019.nc,2728,d02,2019,272,282,281,291,58.38259888,-119.410202,58.06470108,-120.0343018,https://nrs.objectstore.gov.bc.ca/wrfdel/aermod/d02/2728/wrfout_d02_2728_2019.nc
wrfout_d02_2729_2019.nc,2729,d02,2019,272,292,281,301,58.74169922,-119.3956985,58.4239006,-120.026001,https://nrs.objectstore.gov.bc.ca/wrfdel/aermod/d02/2729/wrfout_d02_2729_2019.nc
wrfout_d02_2730_2019.nc,2730,d02,2019,272,302,281,311,59.1006012,-119.3807983,58.78300095,-120.017601,https://nrs.objectstore.gov.bc.ca/wrfdel/aermod/d02/2730/wrfout_d02_2730_2019.nc
wrfout_d02_2731_2019.nc,2731,d02,2019,272,312,281,321,59.45930099,-119.3656998,59.14199829,-120.0089035,https://nrs.objectstore.gov.bc.ca/wrfdel/aermod/d02/2731/wrfout_d02_2731_2019.nc
wrfout_d02_2732_2019.nc,2732,d02,2019,272,322,281,331,59.81790161,-119.3501968,59.5007019,-120.0000992,https://nrs.objectstore.gov.bc.ca/wrfdel/aermod/d02/2732/wrfout_d02_2732_2019.nc
wrfout_d02_2733_2019.nc,2733,d02,2019,272,332,281,341,60.17620087,-119.3343964,59.85929871,-119.9910965,https://nrs.objectstore.gov.bc.ca/wrfdel/aermod/d02/2733/wrfout_d02_2733_2019.nc
wrfout_d02_2734_2019.nc,2734,d02,2019,272,342,281,351,60.53440094,-119.3183975,60.21770096,-119.9820023,https://nrs.objectstore.gov.bc.ca/wrfdel/aermod/d02/2734/wrfout_d02_2734_2019.nc
wrfout_d02_2735_2019.nc,2735,d02,2019,272,352,281,361,60.89229965,-119.3019028,60.57590103,-119.9726028,https://nrs.objectstore.gov.bc.ca/wrfdel/aermod/d02/2735/wrfout_d02_2735_2019.nc
wrfout_d02_2736_2019.nc,2736,d02,2019,272,362,281,371,61.25,-119.2851028,60.93379974,-119.9629974,https://nrs.objectstore.gov.bc.ca/wrfdel/aermod/d02/2736/wrfout_d02_2736_2019.nc
wrfout_d02_2800_2019.nc,2800,d02,2019,282,2,291,11,48.32049942,-119.1894989,48.00569916,-119.6813965,https://nrs.objectstore.gov.bc.ca/wrfdel/aermod/d02/2800/wrfout_d02_2800_2019.nc
wrfout_d02_2801_2019.nc,2801,d02,2019,282,12,291,21,48.67779922,-119.1763992,48.36289978,-119.6722031,https://nrs.objectstore.gov.bc.ca/wrfdel/aermod/d02/2801/wrfout_d02_2801_2019.nc
wrfout_d02_2802_2019.nc,2802,d02,2019,282,22,291,31,49.03540039,-119.1631012,48.72029877,-119.6628036,https://nrs.objectstore.gov.bc.ca/wrfdel/aermod/d02/2802/wrfout_d02_2802_2019.nc
wrfout_d02_2803_2019.nc,2803,d02,2019,282,32,291,41,49.3932991,-119.1495972,49.07799911,-119.6532974,https://nrs.objectstore.gov.bc.ca/wrfdel/aermod/d02/2803/wrfout_d02_2803_2019.nc
wrfout_d02_2804_2019.nc,2804,d02,2019,282,42,291,51,49.75130081,-119.1358032,49.43590164,-119.6436005,https://nrs.objectstore.gov.bc.ca/wrfdel/aermod/d02/2804/wrfout_d02_2804_2019.nc
wrfout_d02_2805_2019.nc,2805,d02,2019,282,52,291,61,50.10960007,-119.1219025,49.79399872,-119.6337967,https://nrs.objectstore.gov.bc.ca/wrfdel/aermod/d02/2805/wrfout_d02_2805_2019.nc
wrfout_d02_2806_2019.nc,2806,d02,2019,282,62,291,71,50.4679985,-119.1076965,50.15240097,-119.6238022,https://nrs.objectstore.gov.bc.ca/wrfdel/aermod/d02/2806/wrfout_d02_2806_2019.nc
wrfout_d02_2807_2019.nc,2807,d02,2019,282,72,291,81,50.82659912,-119.0932999,50.51079941,-119.6137009,https://nrs.objectstore.gov.bc.ca/wrfdel/aermod/d02/2807/wrfout_d02_2807_2019.nc
wrfout_d02_2808_2019.nc,2808,d02,2019,282,82,291,91,51.18529892,-119.078598,50.86949921,-119.6034012,https://nrs.objectstore.gov.bc.ca/wrfdel/aermod/d02/2808/wrfout_d02_2808_2019.nc
wrfout_d02_2809_2019.nc,2809,d02,2019,282,92,291,101,51.5442009,-119.063797,51.22840118,-119.5929031,https://nrs.objectstore.gov.bc.ca/wrfdel/aermod/d02/2809/wrfout_d02_2809_2019.nc
wrfout_d02_2810_2019.nc,2810,d02,2019,282,102,291,111,51.90330124,-119.0485992,51.58729935,-119.5822983,https://nrs.objectstore.gov.bc.ca/wrfdel/aermod/d02/2810/wrfout_d02_2810_2019.nc
wrfout_d02_2811_2019.nc,2811,d02,2019,282,112,291,121,52.26240158,-119.0332031,51.94639969,-119.5714035,https://nrs.objectstore.gov.bc.ca/wrfdel/aermod/d02/2811/wrfout_d02_2811_2019.nc
wrfout_d02_2812_2019.nc,2812,d02,2019,282,122,291,131,52.62170029,-119.017601,52.30569839,-119.5604019,https://nrs.objectstore.gov.bc.ca/wrfdel/aermod/d02/2812/wrfout_d02_2812_2019.nc
wrfout_d02_2813_2019.nc,2813,d02,2019,282,132,291,141,52.98099899,-119.0016022,52.66500092,-119.549202,https://nrs.objectstore.gov.bc.ca/wrfdel/aermod/d02/2813/wrfout_d02_2813_2019.nc
wrfout_d02_2814_2019.nc,2814,d02,2019,282,142,291,151,53.34049988,-118.9854965,53.0243988,-119.5378036,https://nrs.objectstore.gov.bc.ca/wrfdel/aermod/d02/2814/wrfout_d02_2814_2019.nc
wrfout_d02_2815_2019.nc,2815,d02,2019,282,152,291,161,53.70000076,-118.9690018,53.38389969,-119.5262985,https://nrs.objectstore.gov.bc.ca/wrfdel/aermod/d02/2815/wrfout_d02_2815_2019.nc
wrfout_d02_2816_2019.nc,2816,d02,2019,282,162,291,171,54.05950165,-118.9522018,53.74349976,-119.5145035,https://nrs.objectstore.gov.bc.ca/wrfdel/aermod/d02/2816/wrfout_d02_2816_2019.nc
wrfout_d02_2817_2019.nc,2817,d02,2019,282,172,291,181,54.41910172,-118.9352036,54.10319901,-119.5025024,https://nrs.objectstore.gov.bc.ca/wrfdel/aermod/d02/2817/wrfout_d02_2817_2019.nc
wrfout_d02_2818_2019.nc,2818,d02,2019,282,182,291,191,54.77880096,-118.9178009,54.46279907,-119.490303,https://nrs.objectstore.gov.bc.ca/wrfdel/aermod/d02/2818/wrfout_d02_2818_2019.nc
wrfout_d02_2819_2019.nc,2819,d02,2019,282,192,291,201,55.13840103,-118.9001007,54.82249832,-119.4778976,https://nrs.objectstore.gov.bc.ca/wrfdel/aermod/d02/2819/wrfout_d02_2819_2019.nc
wrfout_d02_2820_2019.nc,2820,d02,2019,282,202,291,211,55.4980011,-118.882103,55.18220139,-119.4652023,https://nrs.objectstore.gov.bc.ca/wrfdel/aermod/d02/2820/wrfout_d02_2820_2019.nc
wrfout_d02_2821_2019.nc,2821,d02,2019,282,212,291,221,55.85770035,-118.8638,55.54190063,-119.4524002,https://nrs.objectstore.gov.bc.ca/wrfdel/aermod/d02/2821/wrfout_d02_2821_2019.nc
wrfout_d02_2822_2019.nc,2822,d02,2019,282,222,291,231,56.21720123,-118.8451004,55.90159988,-119.4392014,https://nrs.objectstore.gov.bc.ca/wrfdel/aermod/d02/2822/wrfout_d02_2822_2019.nc
wrfout_d02_2823_2019.nc,2823,d02,2019,282,232,291,241,56.5768013,-118.8261032,56.26129913,-119.4259033,https://nrs.objectstore.gov.bc.ca/wrfdel/aermod/d02/2823/wrfout_d02_2823_2019.nc
wrfout_d02_2824_2019.nc,2824,d02,2019,282,242,291,251,56.93629837,-118.8067017,56.6208992,-119.4123001,https://nrs.objectstore.gov.bc.ca/wrfdel/aermod/d02/2824/wrfout_d02_2824_2019.nc
wrfout_d02_2825_2019.nc,2825,d02,2019,282,252,291,261,57.29570007,-118.7870026,56.98049927,-119.3983994,https://nrs.objectstore.gov.bc.ca/wrfdel/aermod/d02/2825/wrfout_d02_2825_2019.nc
wrfout_d02_2826_2019.nc,2826,d02,2019,282,262,291,271,57.65499878,-118.7667999,57.33990097,-119.3843002,https://nrs.objectstore.gov.bc.ca/wrfdel/aermod/d02/2826/wrfout_d02_2826_2019.nc
wrfout_d02_2827_2019.nc,2827,d02,2019,282,272,291,281,58.0141983,-118.7462997,57.69929886,-119.3699036,https://nrs.objectstore.gov.bc.ca/wrfdel/aermod/d02/2827/wrfout_d02_2827_2019.nc
wrfout_d02_2828_2019.nc,2828,d02,2019,282,282,291,291,58.37329865,-118.7254028,58.05860138,-119.3552017,https://nrs.objectstore.gov.bc.ca/wrfdel/aermod/d02/2828/wrfout_d02_2828_2019.nc
wrfout_d02_2829_2019.nc,2829,d02,2019,282,292,291,301,58.7322998,-118.7040024,58.4178009,-119.3402023,https://nrs.objectstore.gov.bc.ca/wrfdel/aermod/d02/2829/wrfout_d02_2829_2019.nc
wrfout_d02_2830_2019.nc,2830,d02,2019,282,302,291,311,59.09109879,-118.6822968,58.77679825,-119.3249969,https://nrs.objectstore.gov.bc.ca/wrfdel/aermod/d02/2830/wrfout_d02_2830_2019.nc
wrfout_d02_2831_2019.nc,2831,d02,2019,282,312,291,321,59.4496994,-118.6601028,59.13570023,-119.3094025,https://nrs.objectstore.gov.bc.ca/wrfdel/aermod/d02/2831/wrfout_d02_2831_2019.nc
wrfout_d02_2832_2019.nc,2832,d02,2019,282,322,291,331,59.80820084,-118.6373978,59.49440002,-119.2935028,https://nrs.objectstore.gov.bc.ca/wrfdel/aermod/d02/2832/wrfout_d02_2832_2019.nc
wrfout_d02_2833_2019.nc,2833,d02,2019,282,332,291,341,60.16650009,-118.6143036,59.85290146,-119.277298,https://nrs.objectstore.gov.bc.ca/wrfdel/aermod/d02/2833/wrfout_d02_2833_2019.nc
wrfout_d02_2834_2019.nc,2834,d02,2019,282,342,291,351,60.5245018,-118.5906982,60.2112999,-119.2606964,https://nrs.objectstore.gov.bc.ca/wrfdel/aermod/d02/2834/wrfout_d02_2834_2019.nc
wrfout_d02_2835_2019.nc,2835,d02,2019,282,352,291,361,60.88230133,-118.566597,60.56940079,-119.2438965,https://nrs.objectstore.gov.bc.ca/wrfdel/aermod/d02/2835/wrfout_d02_2835_2019.nc
wrfout_d02_2836_2019.nc,2836,d02,2019,282,362,291,371,61.23989868,-118.5419998,60.9272995,-119.2266006,https://nrs.objectstore.gov.bc.ca/wrfdel/aermod/d02/2836/wrfout_d02_2836_2019.nc
wrfout_d02_2900_2019.nc,2900,d02,2019,292,2,301,11,48.3105011,-118.6523972,47.99819946,-119.1477966,https://nrs.objectstore.gov.bc.ca/wrfdel/aermod/d02/2900/wrfout_d02_2900_2019.nc
wrfout_d02_2901_2019.nc,2901,d02,2019,292,12,301,21,48.66770172,-118.6351013,48.3553009,-119.1343994,https://nrs.objectstore.gov.bc.ca/wrfdel/aermod/d02/2901/wrfout_d02_2901_2019.nc
wrfout_d02_2902_2019.nc,2902,d02,2019,292,22,301,31,49.02529907,-118.6175995,48.71269989,-119.120903,https://nrs.objectstore.gov.bc.ca/wrfdel/aermod/d02/2902/wrfout_d02_2902_2019.nc
wrfout_d02_2903_2019.nc,2903,d02,2019,292,32,301,41,49.38299942,-118.5998001,49.07030106,-119.1072006,https://nrs.objectstore.gov.bc.ca/wrfdel/aermod/d02/2903/wrfout_d02_2903_2019.nc
wrfout_d02_2904_2019.nc,2904,d02,2019,292,42,301,51,49.74100113,-118.5817032,49.42819977,-119.0932007,https://nrs.objectstore.gov.bc.ca/wrfdel/aermod/d02/2904/wrfout_d02_2904_2019.nc
wrfout_d02_2905_2019.nc,2905,d02,2019,292,52,301,61,50.09909821,-118.5633011,49.78620148,-119.0790024,https://nrs.objectstore.gov.bc.ca/wrfdel/aermod/d02/2905/wrfout_d02_2905_2019.nc
wrfout_d02_2906_2019.nc,2906,d02,2019,292,62,301,71,50.45740128,-118.5446014,50.14450073,-119.0645981,https://nrs.objectstore.gov.bc.ca/wrfdel/aermod/d02/2906/wrfout_d02_2906_2019.nc
wrfout_d02_2907_2019.nc,2907,d02,2019,292,72,301,81,50.8158989,-118.5255966,50.50289917,-119.0498962,https://nrs.objectstore.gov.bc.ca/wrfdel/aermod/d02/2907/wrfout_d02_2907_2019.nc
wrfout_d02_2908_2019.nc,2908,d02,2019,292,82,301,91,51.17459869,-118.5063019,50.86149979,-119.0350037,https://nrs.objectstore.gov.bc.ca/wrfdel/aermod/d02/2908/wrfout_d02_2908_2019.nc
wrfout_d02_2909_2019.nc,2909,d02,2019,292,92,301,101,51.53340149,-118.486702,51.22029877,-119.0198975,https://nrs.objectstore.gov.bc.ca/wrfdel/aermod/d02/2909/wrfout_d02_2909_2019.nc
wrfout_d02_2910_2019.nc,2910,d02,2019,292,102,301,111,51.89229965,-118.4667969,51.57920074,-119.0045013,https://nrs.objectstore.gov.bc.ca/wrfdel/aermod/d02/2910/wrfout_d02_2910_2019.nc
wrfout_d02_2911_2019.nc,2911,d02,2019,292,112,301,121,52.25139999,-118.4465027,51.9382019,-118.9888,https://nrs.objectstore.gov.bc.ca/wrfdel/aermod/d02/2911/wrfout_d02_2911_2019.nc
wrfout_d02_2912_2019.nc,2912,d02,2019,292,122,301,131,52.61059952,-118.4257965,52.29740143,-118.9729004,https://nrs.objectstore.gov.bc.ca/wrfdel/aermod/d02/2912/wrfout_d02_2912_2019.nc
wrfout_d02_2913_2019.nc,2913,d02,2019,292,132,301,141,52.96979904,-118.4048996,52.65660095,-118.9568024,https://nrs.objectstore.gov.bc.ca/wrfdel/aermod/d02/2913/wrfout_d02_2913_2019.nc
wrfout_d02_2914_2019.nc,2914,d02,2019,292,142,301,151,53.32920074,-118.3835983,53.01599884,-118.9403,https://nrs.objectstore.gov.bc.ca/wrfdel/aermod/d02/2914/wrfout_d02_2914_2019.nc
wrfout_d02_2915_2019.nc,2915,d02,2019,292,152,301,161,53.68859863,-118.3618011,53.37540054,-118.9235992,https://nrs.objectstore.gov.bc.ca/wrfdel/aermod/d02/2915/wrfout_d02_2915_2019.nc
wrfout_d02_2916_2019.nc,2916,d02,2019,292,162,301,171,54.04800034,-118.339798,53.73490143,-118.9065018,https://nrs.objectstore.gov.bc.ca/wrfdel/aermod/d02/2916/wrfout_d02_2916_2019.nc
wrfout_d02_2917_2019.nc,2917,d02,2019,292,172,301,181,54.40750122,-118.3172989,54.0945015,-118.8891983,https://nrs.objectstore.gov.bc.ca/wrfdel/aermod/d02/2917/wrfout_d02_2917_2019.nc
wrfout_d02_2918_2019.nc,2918,d02,2019,292,182,301,191,54.76699829,-118.2944031,54.45410156,-118.8715973,https://nrs.objectstore.gov.bc.ca/wrfdel/aermod/d02/2918/wrfout_d02_2918_2019.nc
wrfout_d02_2919_2019.nc,2919,d02,2019,292,192,301,201,55.12659836,-118.2711029,54.81370163,-118.8535995,https://nrs.objectstore.gov.bc.ca/wrfdel/aermod/d02/2919/wrfout_d02_2919_2019.nc
wrfout_d02_2920_2019.nc,2920,d02,2019,292,202,301,211,55.48609924,-118.2473984,55.1733017,-118.8354034,https://nrs.objectstore.gov.bc.ca/wrfdel/aermod/d02/2920/wrfout_d02_2920_2019.nc
wrfout_d02_2921_2019.nc,2921,d02,2019,292,212,301,221,55.84560013,-118.2231979,55.53300095,-118.8167038,https://nrs.objectstore.gov.bc.ca/wrfdel/aermod/d02/2921/wrfout_d02_2921_2019.nc
wrfout_d02_2922_2019.nc,2922,d02,2019,292,222,301,231,56.20510101,-118.1986008,55.89260101,-118.7977982,https://nrs.objectstore.gov.bc.ca/wrfdel/aermod/d02/2922/wrfout_d02_2922_2019.nc
wrfout_d02_2923_2019.nc,2923,d02,2019,292,232,301,241,56.5644989,-118.1735992,56.25220108,-118.7785034,https://nrs.objectstore.gov.bc.ca/wrfdel/aermod/d02/2923/wrfout_d02_2923_2019.nc
wrfout_d02_2924_2019.nc,2924,d02,2019,292,242,301,251,56.9239006,-118.1480026,56.61169815,-118.7587967,https://nrs.objectstore.gov.bc.ca/wrfdel/aermod/d02/2924/wrfout_d02_2924_2019.nc
wrfout_d02_2925_2019.nc,2925,d02,2019,292,252,301,261,57.28319931,-118.1220016,56.97109985,-118.7388,https://nrs.objectstore.gov.bc.ca/wrfdel/aermod/d02/2925/wrfout_d02_2925_2019.nc
wrfout_d02_2926_2019.nc,2926,d02,2019,292,262,301,271,57.64239883,-118.0954971,57.33050156,-118.718399,https://nrs.objectstore.gov.bc.ca/wrfdel/aermod/d02/2926/wrfout_d02_2926_2019.nc
wrfout_d02_2927_2019.nc,2927,d02,2019,292,272,301,281,58.00149918,-118.0684967,57.68980026,-118.6976013,https://nrs.objectstore.gov.bc.ca/wrfdel/aermod/d02/2927/wrfout_d02_2927_2019.nc
wrfout_d02_2928_2019.nc,2928,d02,2019,292,282,301,291,58.36050034,-118.0409012,58.04899979,-118.6763992,https://nrs.objectstore.gov.bc.ca/wrfdel/aermod/d02/2928/wrfout_d02_2928_2019.nc
wrfout_d02_2929_2019.nc,2929,d02,2019,292,292,301,301,58.71929932,-118.0128021,58.40810013,-118.6547012,https://nrs.objectstore.gov.bc.ca/wrfdel/aermod/d02/2929/wrfout_d02_2929_2019.nc
wrfout_d02_2930_2019.nc,2930,d02,2019,292,302,301,311,59.07799911,-117.9841995,58.76699829,-118.6326981,https://nrs.objectstore.gov.bc.ca/wrfdel/aermod/d02/2930/wrfout_d02_2930_2019.nc
wrfout_d02_2931_2019.nc,2931,d02,2019,292,312,301,321,59.43650055,-117.9549026,59.12580109,-118.610199,https://nrs.objectstore.gov.bc.ca/wrfdel/aermod/d02/2931/wrfout_d02_2931_2019.nc
wrfout_d02_2932_2019.nc,2932,d02,2019,292,322,301,331,59.79489899,-117.9251022,59.4844017,-118.5871964,https://nrs.objectstore.gov.bc.ca/wrfdel/aermod/d02/2932/wrfout_d02_2932_2019.nc
wrfout_d02_2933_2019.nc,2933,d02,2019,292,332,301,341,60.15299988,-117.8945999,59.84289932,-118.563797,https://nrs.objectstore.gov.bc.ca/wrfdel/aermod/d02/2933/wrfout_d02_2933_2019.nc
wrfout_d02_2934_2019.nc,2934,d02,2019,292,342,301,351,60.51089859,-117.8635025,60.2010994,-118.5399017,https://nrs.objectstore.gov.bc.ca/wrfdel/aermod/d02/2934/wrfout_d02_2934_2019.nc
wrfout_d02_2935_2019.nc,2935,d02,2019,292,352,301,361,60.86859894,-117.8318024,60.5591011,-118.5155029,https://nrs.objectstore.gov.bc.ca/wrfdel/aermod/d02/2935/wrfout_d02_2935_2019.nc
wrfout_d02_2936_2019.nc,2936,d02,2019,292,362,301,371,61.22600174,-117.7994003,60.91690063,-118.4906006,https://nrs.objectstore.gov.bc.ca/wrfdel/aermod/d02/2936/wrfout_d02_2936_2019.nc
wrfout_d02_3000_2019.nc,3000,d02,2019,302,2,311,11,48.29769897,-118.1155014,47.98799896,-118.6144028,https://nrs.objectstore.gov.bc.ca/wrfdel/aermod/d02/3000/wrfout_d02_3000_2019.nc
wrfout_d02_3001_2019.nc,3001,d02,2019,302,12,311,21,48.6548996,-118.094101,48.34500122,-118.5969009,https://nrs.objectstore.gov.bc.ca/wrfdel/aermod/d02/3001/wrfout_d02_3001_2019.nc
wrfout_d02_3002_2019.nc,3002,d02,2019,302,22,311,31,49.01229858,-118.0723038,48.70230103,-118.5792007,https://nrs.objectstore.gov.bc.ca/wrfdel/aermod/d02/3002/wrfout_d02_3002_2019.nc
wrfout_d02_3003_2019.nc,3003,d02,2019,302,32,311,41,49.36989975,-118.0502014,49.05989838,-118.561203,https://nrs.objectstore.gov.bc.ca/wrfdel/aermod/d02/3003/wrfout_d02_3003_2019.nc
wrfout_d02_3004_2019.nc,3004,d02,2019,302,42,311,51,49.72769928,-118.0278015,49.41759872,-118.5429001,https://nrs.objectstore.gov.bc.ca/wrfdel/aermod/d02/3004/wrfout_d02_3004_2019.nc
wrfout_d02_3005_2019.nc,3005,d02,2019,302,52,311,61,50.08580017,-118.0049973,49.77560043,-118.5243988,https://nrs.objectstore.gov.bc.ca/wrfdel/aermod/d02/3005/wrfout_d02_3005_2019.nc
wrfout_d02_3006_2019.nc,3006,d02,2019,302,62,311,71,50.44400024,-117.9817963,50.13370132,-118.5055008,https://nrs.objectstore.gov.bc.ca/wrfdel/aermod/d02/3006/wrfout_d02_3006_2019.nc
wrfout_d02_3007_2019.nc,3007,d02,2019,302,72,311,81,50.80239868,-117.9581985,50.49209976,-118.4863968,https://nrs.objectstore.gov.bc.ca/wrfdel/aermod/d02/3007/wrfout_d02_3007_2019.nc
wrfout_d02_3008_2019.nc,3008,d02,2019,302,82,311,91,51.16090012,-117.9343033,50.8506012,-118.4669037,https://nrs.objectstore.gov.bc.ca/wrfdel/aermod/d02/3008/wrfout_d02_3008_2019.nc
wrfout_d02_3009_2019.nc,3009,d02,2019,302,92,311,101,51.51959991,-117.9100037,51.20920181,-118.4470978,https://nrs.objectstore.gov.bc.ca/wrfdel/aermod/d02/3009/wrfout_d02_3009_2019.nc
wrfout_d02_3010_2019.nc,3010,d02,2019,302,102,311,111,51.8783989,-117.8852005,51.56800079,-118.427002,https://nrs.objectstore.gov.bc.ca/wrfdel/aermod/d02/3010/wrfout_d02_3010_2019.nc
wrfout_d02_3011_2019.nc,3011,d02,2019,302,112,311,121,52.23740005,-117.8600998,51.92699814,-118.4065018,https://nrs.objectstore.gov.bc.ca/wrfdel/aermod/d02/3011/wrfout_d02_3011_2019.nc
wrfout_d02_3012_2019.nc,3012,d02,2019,302,122,311,131,52.59640121,-117.8345032,52.2859993,-118.3856964,https://nrs.objectstore.gov.bc.ca/wrfdel/aermod/d02/3012/wrfout_d02_3012_2019.nc
wrfout_d02_3013_2019.nc,3013,d02,2019,302,132,311,141,52.95560074,-117.8085022,52.64519882,-118.3646011,https://nrs.objectstore.gov.bc.ca/wrfdel/aermod/d02/3013/wrfout_d02_3013_2019.nc
wrfout_d02_3014_2019.nc,3014,d02,2019,302,142,311,151,53.31480026,-117.7819977,53.00450134,-118.3430023,https://nrs.objectstore.gov.bc.ca/wrfdel/aermod/d02/3014/wrfout_d02_3014_2019.nc
wrfout_d02_3015_2019.nc,3015,d02,2019,302,152,311,161,53.67399979,-117.7550964,53.36380005,-118.3211975,https://nrs.objectstore.gov.bc.ca/wrfdel/aermod/d02/3015/wrfout_d02_3015_2019.nc
wrfout_d02_3016_2019.nc,3016,d02,2019,302,162,311,171,54.03340149,-117.7276993,53.72320175,-118.2988968,https://nrs.objectstore.gov.bc.ca/wrfdel/aermod/d02/3016/wrfout_d02_3016_2019.nc
wrfout_d02_3017_2019.nc,3017,d02,2019,302,172,311,181,54.3927002,-117.6997986,54.08259964,-118.2761993,https://nrs.objectstore.gov.bc.ca/wrfdel/aermod/d02/3017/wrfout_d02_3017_2019.nc
wrfout_d02_3018_2019.nc,3018,d02,2019,302,182,311,191,54.7521019,-117.671402,54.44210052,-118.2531967,https://nrs.objectstore.gov.bc.ca/wrfdel/aermod/d02/3018/wrfout_d02_3018_2019.nc
wrfout_d02_3019_2019.nc,3019,d02,2019,302,192,311,201,55.11149979,-117.6425018,54.80170059,-118.2296982,https://nrs.objectstore.gov.bc.ca/wrfdel/aermod/d02/3019/wrfout_d02_3019_2019.nc
wrfout_d02_3020_2019.nc,3020,d02,2019,302,202,311,211,55.47090149,-117.6130981,55.16120148,-118.2058029,https://nrs.objectstore.gov.bc.ca/wrfdel/aermod/d02/3020/wrfout_d02_3020_2019.nc
wrfout_d02_3021_2019.nc,3021,d02,2019,302,212,311,221,55.83029938,-117.5831985,55.52069855,-118.1815033,https://nrs.objectstore.gov.bc.ca/wrfdel/aermod/d02/3021/wrfout_d02_3021_2019.nc
wrfout_d02_3022_2019.nc,3022,d02,2019,302,222,311,231,56.1896019,-117.552597,55.88019943,-118.1567001,https://nrs.objectstore.gov.bc.ca/wrfdel/aermod/d02/3022/wrfout_d02_3022_2019.nc
wrfout_d02_3023_2019.nc,3023,d02,2019,302,232,311,241,56.5489006,-117.5215988,56.23970032,-118.1315002,https://nrs.objectstore.gov.bc.ca/wrfdel/aermod/d02/3023/wrfout_d02_3023_2019.nc
wrfout_d02_3024_2019.nc,3024,d02,2019,302,242,311,251,56.90819931,-117.4898987,56.59909821,-118.1057968,https://nrs.objectstore.gov.bc.ca/wrfdel/aermod/d02/3024/wrfout_d02_3024_2019.nc
wrfout_d02_3025_2019.nc,3025,d02,2019,302,252,311,261,57.26729965,-117.4576035,56.95840073,-118.0795975,https://nrs.objectstore.gov.bc.ca/wrfdel/aermod/d02/3025/wrfout_d02_3025_2019.nc
wrfout_d02_3026_2019.nc,3026,d02,2019,302,262,311,271,57.62639999,-117.4246979,57.31769943,-118.0529022,https://nrs.objectstore.gov.bc.ca/wrfdel/aermod/d02/3026/wrfout_d02_3026_2019.nc
wrfout_d02_3027_2019.nc,3027,d02,2019,302,272,311,281,57.98529816,-117.3911972,57.67689896,-118.0257034,https://nrs.objectstore.gov.bc.ca/wrfdel/aermod/d02/3027/wrfout_d02_3027_2019.nc
wrfout_d02_3028_2019.nc,3028,d02,2019,302,282,311,291,58.34410095,-117.3570023,58.0359993,-117.9979019,https://nrs.objectstore.gov.bc.ca/wrfdel/aermod/d02/3028/wrfout_d02_3028_2019.nc
wrfout_d02_3029_2019.nc,3029,d02,2019,302,292,311,301,58.70280075,-117.322197,58.39490128,-117.9697037,https://nrs.objectstore.gov.bc.ca/wrfdel/aermod/d02/3029/wrfout_d02_3029_2019.nc
wrfout_d02_3030_2019.nc,3030,d02,2019,302,302,311,311,59.06129837,-117.2865982,58.75370026,-117.9408035,https://nrs.objectstore.gov.bc.ca/wrfdel/aermod/d02/3030/wrfout_d02_3030_2019.nc
wrfout_d02_3031_2019.nc,3031,d02,2019,302,312,311,321,59.41970062,-117.2503967,59.11240005,-117.9113998,https://nrs.objectstore.gov.bc.ca/wrfdel/aermod/d02/3031/wrfout_d02_3031_2019.nc
wrfout_d02_3032_2019.nc,3032,d02,2019,302,322,311,331,59.7779007,-117.2134018,59.47079849,-117.8814011,https://nrs.objectstore.gov.bc.ca/wrfdel/aermod/d02/3032/wrfout_d02_3032_2019.nc
wrfout_d02_3033_2019.nc,3033,d02,2019,302,332,311,341,60.13579941,-117.1755981,59.82920074,-117.8507996,https://nrs.objectstore.gov.bc.ca/wrfdel/aermod/d02/3033/wrfout_d02_3033_2019.nc
wrfout_d02_3100_2019.nc,3100,d02,2019,312,2,321,11,48.28219986,-117.5790024,47.97499847,-118.0811996,https://nrs.objectstore.gov.bc.ca/wrfdel/aermod/d02/3100/wrfout_d02_3100_2019.nc
wrfout_d02_3101_2019.nc,3101,d02,2019,312,12,321,21,48.6391983,-117.5533981,48.33200073,-118.0597,https://nrs.objectstore.gov.bc.ca/wrfdel/aermod/d02/3101/wrfout_d02_3101_2019.nc
wrfout_d02_3102_2019.nc,3102,d02,2019,312,22,321,31,48.99649811,-117.5273972,48.68920135,-118.0378036,https://nrs.objectstore.gov.bc.ca/wrfdel/aermod/d02/3102/wrfout_d02_3102_2019.nc
wrfout_d02_3103_2019.nc,3103,d02,2019,312,32,321,41,49.35400009,-117.5009995,49.04660034,-118.0156021,https://nrs.objectstore.gov.bc.ca/wrfdel/aermod/d02/3103/wrfout_d02_3103_2019.nc
wrfout_d02_3104_2019.nc,3104,d02,2019,312,42,321,51,49.71170044,-117.4741974,49.40420151,-117.9929962,https://nrs.objectstore.gov.bc.ca/wrfdel/aermod/d02/3104/wrfout_d02_3104_2019.nc
wrfout_d02_3105_2019.nc,3105,d02,2019,312,52,321,61,50.06959915,-117.4469986,49.76210022,-117.9701004,https://nrs.objectstore.gov.bc.ca/wrfdel/aermod/d02/3105/wrfout_d02_3105_2019.nc
wrfout_d02_3106_2019.nc,3106,d02,2019,312,62,321,71,50.42770004,-117.4192963,50.12009811,-117.9468002,https://nrs.objectstore.gov.bc.ca/wrfdel/aermod/d02/3106/wrfout_d02_3106_2019.nc
wrfout_d02_3107_2019.nc,3107,d02,2019,312,72,321,81,50.78590012,-117.3911972,50.47829819,-117.9231033,https://nrs.objectstore.gov.bc.ca/wrfdel/aermod/d02/3107/wrfout_d02_3107_2019.nc
wrfout_d02_3108_2019.nc,3108,d02,2019,312,82,321,91,51.14429855,-117.3627014,50.83670044,-117.8991013,https://nrs.objectstore.gov.bc.ca/wrfdel/aermod/d02/3108/wrfout_d02_3108_2019.nc
wrfout_d02_3109_2019.nc,3109,d02,2019,312,92,321,101,51.50289917,-117.3336029,51.19530106,-117.8746033,https://nrs.objectstore.gov.bc.ca/wrfdel/aermod/d02/3109/wrfout_d02_3109_2019.nc
wrfout_d02_3110_2019.nc,3110,d02,2019,312,102,321,111,51.86149979,-117.3041,51.55400085,-117.8498001,https://nrs.objectstore.gov.bc.ca/wrfdel/aermod/d02/3110/wrfout_d02_3110_2019.nc
wrfout_d02_3111_2019.nc,3111,d02,2019,312,112,321,121,52.22029877,-117.2741013,51.91279984,-117.824501,https://nrs.objectstore.gov.bc.ca/wrfdel/aermod/d02/3111/wrfout_d02_3111_2019.nc
wrfout_d02_3112_2019.nc,3112,d02,2019,312,122,321,131,52.57920074,-117.2434998,52.27170181,-117.7988968,https://nrs.objectstore.gov.bc.ca/wrfdel/aermod/d02/3112/wrfout_d02_3112_2019.nc
wrfout_d02_3113_2019.nc,3113,d02,2019,312,132,321,141,52.9382019,-117.2125015,52.63069916,-117.7726974,https://nrs.objectstore.gov.bc.ca/wrfdel/aermod/d02/3113/wrfout_d02_3113_2019.nc
wrfout_d02_3114_2019.nc,3114,d02,2019,312,142,321,151,53.29729843,-117.1809006,52.98989868,-117.7462006,https://nrs.objectstore.gov.bc.ca/wrfdel/aermod/d02/3114/wrfout_d02_3114_2019.nc
wrfout_d02_3115_2019.nc,3115,d02,2019,312,152,321,161,53.65639877,-117.1488037,53.34909821,-117.7192001,https://nrs.objectstore.gov.bc.ca/wrfdel/aermod/d02/3115/wrfout_d02_3115_2019.nc
wrfout_d02_3200_2019.nc,3200,d02,2019,322,2,331,11,48.26390076,-117.0428009,47.95930099,-117.5484009,https://nrs.objectstore.gov.bc.ca/wrfdel/aermod/d02/3200/wrfout_d02_3200_2019.nc
wrfout_d02_3201_2019.nc,3201,d02,2019,322,12,331,21,48.62080002,-117.0130997,48.31620026,-117.5226974,https://nrs.objectstore.gov.bc.ca/wrfdel/aermod/d02/3201/wrfout_d02_3201_2019.nc
wrfout_d02_3202_2019.nc,3202,d02,2019,322,22,331,31,48.97790146,-116.9829025,48.6731987,-117.4966965,https://nrs.objectstore.gov.bc.ca/wrfdel/aermod/d02/3202/wrfout_d02_3202_2019.nc
wrfout_d02_3203_2019.nc,3203,d02,2019,322,32,331,41,49.33530045,-116.9522018,49.0304985,-117.4702988,https://nrs.objectstore.gov.bc.ca/wrfdel/aermod/d02/3203/wrfout_d02_3203_2019.nc
wrfout_d02_3204_2019.nc,3204,d02,2019,322,42,331,51,49.69279861,-116.9210968,49.38800049,-117.4433975,https://nrs.objectstore.gov.bc.ca/wrfdel/aermod/d02/3204/wrfout_d02_3204_2019.nc
wrfout_d02_3205_2019.nc,3205,d02,2019,322,52,331,61,50.05059814,-116.8895035,49.74570084,-117.4161987,https://nrs.objectstore.gov.bc.ca/wrfdel/aermod/d02/3205/wrfout_d02_3205_2019.nc
wrfout_d02_3206_2019.nc,3206,d02,2019,322,62,331,71,50.40850067,-116.857399,50.10359955,-117.3883972,https://nrs.objectstore.gov.bc.ca/wrfdel/aermod/d02/3206/wrfout_d02_3206_2019.nc
wrfout_d02_3207_2019.nc,3207,d02,2019,322,72,331,81,50.76660156,-116.8246994,50.46170044,-117.3602982,https://nrs.objectstore.gov.bc.ca/wrfdel/aermod/d02/3207/wrfout_d02_3207_2019.nc
wrfout_d02_3208_2019.nc,3208,d02,2019,322,82,331,91,51.12480164,-116.7914963,50.81990051,-117.3317032,https://nrs.objectstore.gov.bc.ca/wrfdel/aermod/d02/3208/wrfout_d02_3208_2019.nc
wrfout_d02_3209_2019.nc,3209,d02,2019,322,92,331,101,51.48320007,-116.7577972,51.17839813,-117.302597,https://nrs.objectstore.gov.bc.ca/wrfdel/aermod/d02/3209/wrfout_d02_3209_2019.nc
wrfout_d02_3210_2019.nc,3210,d02,2019,322,102,331,111,51.84170151,-116.7235031,51.53689957,-117.2730026,https://nrs.objectstore.gov.bc.ca/wrfdel/aermod/d02/3210/wrfout_d02_3210_2019.nc
wrfout_d02_3211_2019.nc,3211,d02,2019,322,112,331,121,52.20029831,-116.6885986,51.89559937,-117.2429962,https://nrs.objectstore.gov.bc.ca/wrfdel/aermod/d02/3211/wrfout_d02_3211_2019.nc
wrfout_d02_3212_2019.nc,3212,d02,2019,322,122,331,131,52.55899811,-116.6530991,52.25439835,-117.2124023,https://nrs.objectstore.gov.bc.ca/wrfdel/aermod/d02/3212/wrfout_d02_3212_2019.nc
wrfout_d02_3213_2019.nc,3213,d02,2019,322,132,331,141,52.9178009,-116.6171036,52.61320114,-117.1812973,https://nrs.objectstore.gov.bc.ca/wrfdel/aermod/d02/3213/wrfout_d02_3213_2019.nc
wrfout_d02_3214_2019.nc,3214,d02,2019,322,142,331,151,53.27669907,-116.5803986,52.97219849,-117.1496964,https://nrs.objectstore.gov.bc.ca/wrfdel/aermod/d02/3214/wrfout_d02_3214_2019.nc
wrfout_d02_3300_2019.nc,3300,d02,2019,332,2,341,11,48.24290085,-116.507103,47.94100189,-117.0158997,https://nrs.objectstore.gov.bc.ca/wrfdel/aermod/d02/3300/wrfout_d02_3300_2019.nc
wrfout_d02_3301_2019.nc,3301,d02,2019,332,12,341,21,48.59960175,-116.4731979,48.29759979,-116.9861984,https://nrs.objectstore.gov.bc.ca/wrfdel/aermod/d02/3301/wrfout_d02_3301_2019.nc
wrfout_d02_3302_2019.nc,3302,d02,2019,332,22,341,31,48.95660019,-116.4389038,48.65449905,-116.9560013,https://nrs.objectstore.gov.bc.ca/wrfdel/aermod/d02/3302/wrfout_d02_3302_2019.nc
wrfout_d02_3303_2019.nc,3303,d02,2019,332,32,341,41,49.31370163,-116.4039993,49.01160049,-116.9253998,https://nrs.objectstore.gov.bc.ca/wrfdel/aermod/d02/3303/wrfout_d02_3303_2019.nc
wrfout_d02_3304_2019.nc,3304,d02,2019,332,42,341,51,49.67110062,-116.3684998,49.36899948,-116.8943024,https://nrs.objectstore.gov.bc.ca/wrfdel/aermod/d02/3304/wrfout_d02_3304_2019.nc
wrfout_d02_3305_2019.nc,3305,d02,2019,332,52,341,61,50.02870178,-116.3324966,49.72650146,-116.8626022,https://nrs.objectstore.gov.bc.ca/wrfdel/aermod/d02/3305/wrfout_d02_3305_2019.nc
wrfout_d02_3306_2019.nc,3306,d02,2019,332,62,341,71,50.38639832,-116.2958984,50.08430099,-116.8304977,https://nrs.objectstore.gov.bc.ca/wrfdel/aermod/d02/3306/wrfout_d02_3306_2019.nc
wrfout_d02_3307_2019.nc,3307,d02,2019,332,72,341,81,50.74430084,-116.2586975,50.44219971,-116.7978973,https://nrs.objectstore.gov.bc.ca/wrfdel/aermod/d02/3307/wrfout_d02_3307_2019.nc
wrfout_d02_3308_2019.nc,3308,d02,2019,332,82,341,91,51.10229874,-116.2209015,50.8003006,-116.7647018,https://nrs.objectstore.gov.bc.ca/wrfdel/aermod/d02/3308/wrfout_d02_3308_2019.nc
wrfout_d02_3309_2019.nc,3309,d02,2019,332,92,341,101,51.46049881,-116.1825027,51.15850067,-116.7310028,https://nrs.objectstore.gov.bc.ca/wrfdel/aermod/d02/3309/wrfout_d02_3309_2019.nc
wrfout_d02_3310_2019.nc,3310,d02,2019,332,102,341,111,51.81880188,-116.1434021,51.51689911,-116.6968002,https://nrs.objectstore.gov.bc.ca/wrfdel/aermod/d02/3310/wrfout_d02_3310_2019.nc
wrfout_d02_3311_2019.nc,3311,d02,2019,332,112,341,121,52.17720032,-116.1036987,51.87540054,-116.6619034,https://nrs.objectstore.gov.bc.ca/wrfdel/aermod/d02/3311/wrfout_d02_3311_2019.nc
wrfout_d02_3312_2019.nc,3312,d02,2019,332,122,341,131,52.53570175,-116.0633011,52.23400116,-116.626503,https://nrs.objectstore.gov.bc.ca/wrfdel/aermod/d02/3312/wrfout_d02_3312_2019.nc
wrfout_d02_3313_2019.nc,3313,d02,2019,332,132,341,141,52.89429855,-116.0222015,52.59270096,-116.5904999,https://nrs.objectstore.gov.bc.ca/wrfdel/aermod/d02/3313/wrfout_d02_3313_2019.nc
wrfout_d02_3400_2019.nc,3400,d02,2019,342,2,351,11,48.21920013,-115.9719009,47.9197998,-116.483902,https://nrs.objectstore.gov.bc.ca/wrfdel/aermod/d02/3400/wrfout_d02_3400_2019.nc
wrfout_d02_3401_2019.nc,3401,d02,2019,342,12,351,21,48.57569885,-115.9338989,48.27629852,-116.4501038,https://nrs.objectstore.gov.bc.ca/wrfdel/aermod/d02/3401/wrfout_d02_3401_2019.nc
wrfout_d02_3402_2019.nc,3402,d02,2019,342,22,351,31,48.93249893,-115.895401,48.63299942,-116.415802,https://nrs.objectstore.gov.bc.ca/wrfdel/aermod/d02/3402/wrfout_d02_3402_2019.nc
wrfout_d02_3403_2019.nc,3403,d02,2019,342,32,351,41,49.28939819,-115.8562012,48.99000168,-116.3809967,https://nrs.objectstore.gov.bc.ca/wrfdel/aermod/d02/3403/wrfout_d02_3403_2019.nc
wrfout_d02_3404_2019.nc,3404,d02,2019,342,42,351,51,49.64659882,-115.8164978,49.34719849,-116.3455963,https://nrs.objectstore.gov.bc.ca/wrfdel/aermod/d02/3404/wrfout_d02_3404_2019.nc
wrfout_d02_3405_2019.nc,3405,d02,2019,342,52,351,61,50.00389862,-115.7761002,49.70449829,-116.3097,https://nrs.objectstore.gov.bc.ca/wrfdel/aermod/d02/3405/wrfout_d02_3405_2019.nc
wrfout_d02_3406_2019.nc,3406,d02,2019,342,62,351,71,50.3614006,-115.7350006,50.06209946,-116.273201,https://nrs.objectstore.gov.bc.ca/wrfdel/aermod/d02/3406/wrfout_d02_3406_2019.nc
wrfout_d02_3407_2019.nc,3407,d02,2019,342,72,351,81,50.71910095,-115.6932983,50.4197998,-116.2360001,https://nrs.objectstore.gov.bc.ca/wrfdel/aermod/d02/3407/wrfout_d02_3407_2019.nc
wrfout_d02_3408_2019.nc,3408,d02,2019,342,82,351,91,51.07690048,-115.6509018,50.77769852,-116.1983032,https://nrs.objectstore.gov.bc.ca/wrfdel/aermod/d02/3408/wrfout_d02_3408_2019.nc
wrfout_d02_3409_2019.nc,3409,d02,2019,342,92,351,101,51.43489838,-115.6078033,51.13570023,-116.1600037,https://nrs.objectstore.gov.bc.ca/wrfdel/aermod/d02/3409/wrfout_d02_3409_2019.nc
wrfout_d02_3410_2019.nc,3410,d02,2019,342,102,351,111,51.79299927,-115.564003,51.4939003,-116.1211014,https://nrs.objectstore.gov.bc.ca/wrfdel/aermod/d02/3410/wrfout_d02_3410_2019.nc
wrfout_d02_3411_2019.nc,3411,d02,2019,342,112,351,121,52.15119934,-115.5195007,51.85219955,-116.081398,https://nrs.objectstore.gov.bc.ca/wrfdel/aermod/d02/3411/wrfout_d02_3411_2019.nc
wrfout_d02_3412_2019.nc,3412,d02,2019,342,122,351,131,52.5094986,-115.4741974,52.21060181,-116.0411987,https://nrs.objectstore.gov.bc.ca/wrfdel/aermod/d02/3412/wrfout_d02_3412_2019.nc
wrfout_d02_3500_2019.nc,3500,d02,2019,352,2,361,11,48.19269943,-115.4373016,47.89599991,-115.9524002,https://nrs.objectstore.gov.bc.ca/wrfdel/aermod/d02/3500/wrfout_d02_3500_2019.nc
wrfout_d02_3501_2019.nc,3501,d02,2019,352,12,361,21,48.54899979,-115.3952026,48.25230026,-115.9145966,https://nrs.objectstore.gov.bc.ca/wrfdel/aermod/d02/3501/wrfout_d02_3501_2019.nc
wrfout_d02_3502_2019.nc,3502,d02,2019,352,22,361,31,48.9056015,-115.3525009,48.60879898,-115.8761978,https://nrs.objectstore.gov.bc.ca/wrfdel/aermod/d02/3502/wrfout_d02_3502_2019.nc
wrfout_d02_3503_2019.nc,3503,d02,2019,352,32,361,41,49.26229858,-115.3090973,48.96559906,-115.8370972,https://nrs.objectstore.gov.bc.ca/wrfdel/aermod/d02/3503/wrfout_d02_3503_2019.nc
wrfout_d02_3504_2019.nc,3504,d02,2019,352,42,361,51,49.61920166,-115.2650986,49.32249832,-115.7975006,https://nrs.objectstore.gov.bc.ca/wrfdel/aermod/d02/3504/wrfout_d02_3504_2019.nc
wrfout_d02_3505_2019.nc,3505,d02,2019,352,52,361,61,49.97629929,-115.2202988,49.67969894,-115.7572021,https://nrs.objectstore.gov.bc.ca/wrfdel/aermod/d02/3505/wrfout_d02_3505_2019.nc
wrfout_d02_3506_2019.nc,3506,d02,2019,352,62,361,71,50.33359909,-115.1747971,50.03699875,-115.716301,https://nrs.objectstore.gov.bc.ca/wrfdel/aermod/d02/3506/wrfout_d02_3506_2019.nc
wrfout_d02_3507_2019.nc,3507,d02,2019,352,72,361,81,50.69100189,-115.1286011,50.39450073,-115.6747971,https://nrs.objectstore.gov.bc.ca/wrfdel/aermod/d02/3507/wrfout_d02_3507_2019.nc
wrfout_d02_3508_2019.nc,3508,d02,2019,352,82,361,91,51.04859924,-115.0815964,50.75220108,-115.6325989,https://nrs.objectstore.gov.bc.ca/wrfdel/aermod/d02/3508/wrfout_d02_3508_2019.nc
wrfout_d02_3509_2019.nc,3509,d02,2019,352,92,361,101,51.40629959,-115.0338974,51.11000061,-115.5895996,https://nrs.objectstore.gov.bc.ca/wrfdel/aermod/d02/3509/wrfout_d02_3509_2019.nc
wrfout_d02_3510_2019.nc,3510,d02,2019,352,102,361,111,51.7641983,-114.9853973,51.4679985,-115.5459976,https://nrs.objectstore.gov.bc.ca/wrfdel/aermod/d02/3510/wrfout_d02_3510_2019.nc
wrfout_d02_3511_2019.nc,3511,d02,2019,352,112,361,121,52.12210083,-114.935997,51.82600021,-115.5016022,https://nrs.objectstore.gov.bc.ca/wrfdel/aermod/d02/3511/wrfout_d02_3511_2019.nc
wrfout_d02_3600_2019.nc,3600,d02,2019,362,2,371,11,48.16360092,-114.9032974,47.86949921,-115.4215012,https://nrs.objectstore.gov.bc.ca/wrfdel/aermod/d02/3600/wrfout_d02_3600_2019.nc
wrfout_d02_3601_2019.nc,3601,d02,2019,362,12,371,21,48.51959991,-114.8572006,48.2256012,-115.3796005,https://nrs.objectstore.gov.bc.ca/wrfdel/aermod/d02/3601/wrfout_d02_3601_2019.nc
wrfout_d02_3602_2019.nc,3602,d02,2019,362,22,371,31,48.87590027,-114.8103027,48.58179855,-115.3370972,https://nrs.objectstore.gov.bc.ca/wrfdel/aermod/d02/3602/wrfout_d02_3602_2019.nc
wrfout_d02_3603_2019.nc,3603,d02,2019,362,32,371,41,49.23239899,-114.7627029,48.93840027,-115.2938995,https://nrs.objectstore.gov.bc.ca/wrfdel/aermod/d02/3603/wrfout_d02_3603_2019.nc
wrfout_d02_3604_2019.nc,3604,d02,2019,362,42,371,51,49.5890007,-114.7144012,49.29510117,-115.25,https://nrs.objectstore.gov.bc.ca/wrfdel/aermod/d02/3604/wrfout_d02_3604_2019.nc
wrfout_d02_3605_2019.nc,3605,d02,2019,362,52,371,61,49.94589996,-114.6651993,49.65200043,-115.2054977,https://nrs.objectstore.gov.bc.ca/wrfdel/aermod/d02/3605/wrfout_d02_3605_2019.nc
wrfout_d02_3606_2019.nc,3606,d02,2019,362,62,371,71,50.30289841,-114.6154022,50.00910187,-115.160202,https://nrs.objectstore.gov.bc.ca/wrfdel/aermod/d02/3606/wrfout_d02_3606_2019.nc
wrfout_d02_3607_2019.nc,3607,d02,2019,362,72,371,81,50.66009903,-114.5645981,50.36640167,-115.1141968,https://nrs.objectstore.gov.bc.ca/wrfdel/aermod/d02/3607/wrfout_d02_3607_2019.nc
wrfout_d02_3608_2019.nc,3608,d02,2019,362,82,371,91,51.01739883,-114.5130997,50.72380066,-115.0674973,https://nrs.objectstore.gov.bc.ca/wrfdel/aermod/d02/3608/wrfout_d02_3608_2019.nc
wrfout_d02_3609_2019.nc,3609,d02,2019,362,92,371,101,51.37480164,-114.460701,51.08140182,-115.0199966,https://nrs.objectstore.gov.bc.ca/wrfdel/aermod/d02/3609/wrfout_d02_3609_2019.nc
wrfout_d02_3610_2019.nc,3610,d02,2019,362,102,371,111,51.73239899,-114.4075012,51.43909836,-114.9717026,https://nrs.objectstore.gov.bc.ca/wrfdel/aermod/d02/3610/wrfout_d02_3610_2019.nc
wrfout_d02_3700_2019.nc,3700,d02,2019,372,2,381,11,48.13159943,-114.3700027,47.84030151,-114.8911972,https://nrs.objectstore.gov.bc.ca/wrfdel/aermod/d02/3700/wrfout_d02_3700_2019.nc
wrfout_d02_3701_2019.nc,3701,d02,2019,372,12,381,21,48.48740005,-114.3198013,48.19609833,-114.8452988,https://nrs.objectstore.gov.bc.ca/wrfdel/aermod/d02/3701/wrfout_d02_3701_2019.nc
wrfout_d02_3702_2019.nc,3702,d02,2019,372,22,381,31,48.84339905,-114.2687988,48.55210114,-114.7986984,https://nrs.objectstore.gov.bc.ca/wrfdel/aermod/d02/3702/wrfout_d02_3702_2019.nc
wrfout_d02_3703_2019.nc,3703,d02,2019,372,32,381,41,49.19960022,-114.2170029,48.90840149,-114.751297,https://nrs.objectstore.gov.bc.ca/wrfdel/aermod/d02/3703/wrfout_d02_3703_2019.nc
wrfout_d02_3704_2019.nc,3704,d02,2019,372,42,381,51,49.55599976,-114.1643982,49.26490021,-114.7032013,https://nrs.objectstore.gov.bc.ca/wrfdel/aermod/d02/3704/wrfout_d02_3704_2019.nc
wrfout_d02_3705_2019.nc,3705,d02,2019,372,52,381,61,49.91260147,-114.1110001,49.62149811,-114.6544037,https://nrs.objectstore.gov.bc.ca/wrfdel/aermod/d02/3705/wrfout_d02_3705_2019.nc
wrfout_d02_3706_2019.nc,3706,d02,2019,372,62,381,71,50.26929855,-114.0567017,49.97840118,-114.6047974,https://nrs.objectstore.gov.bc.ca/wrfdel/aermod/d02/3706/wrfout_d02_3706_2019.nc
wrfout_d02_3707_2019.nc,3707,d02,2019,372,72,381,81,50.62620163,-114.001503,50.33539963,-114.5543976,https://nrs.objectstore.gov.bc.ca/wrfdel/aermod/d02/3707/wrfout_d02_3707_2019.nc
wrfout_d02_3708_2019.nc,3708,d02,2019,372,82,381,91,50.98329926,-113.9453964,50.69250107,-114.5030975,https://nrs.objectstore.gov.bc.ca/wrfdel/aermod/d02/3708/wrfout_d02_3708_2019.nc
wrfout_d02_3709_2019.nc,3709,d02,2019,372,92,381,101,51.3404007,-113.8884964,51.04980087,-114.4511032,https://nrs.objectstore.gov.bc.ca/wrfdel/aermod/d02/3709/wrfout_d02_3709_2019.nc
wrfout_d02_3800_2019.nc,3800,d02,2019,382,2,391,11,48.09700012,-113.8375015,47.80830002,-114.3616028,https://nrs.objectstore.gov.bc.ca/wrfdel/aermod/d02/3800/wrfout_d02_3800_2019.nc
wrfout_d02_3801_2019.nc,3801,d02,2019,382,12,391,21,48.45249939,-113.7832031,48.16389847,-114.3116989,https://nrs.objectstore.gov.bc.ca/wrfdel/aermod/d02/3801/wrfout_d02_3801_2019.nc
wrfout_d02_3802_2019.nc,3802,d02,2019,382,22,391,31,48.80820084,-113.7281036,48.5196991,-114.2610016,https://nrs.objectstore.gov.bc.ca/wrfdel/aermod/d02/3802/wrfout_d02_3802_2019.nc
wrfout_d02_3803_2019.nc,3803,d02,2019,382,32,391,41,49.16419983,-113.6722031,48.87559891,-114.2095032,https://nrs.objectstore.gov.bc.ca/wrfdel/aermod/d02/3803/wrfout_d02_3803_2019.nc
wrfout_d02_3804_2019.nc,3804,d02,2019,382,42,391,51,49.52019882,-113.615303,49.23180008,-114.1572037,https://nrs.objectstore.gov.bc.ca/wrfdel/aermod/d02/3804/wrfout_d02_3804_2019.nc
wrfout_d02_3805_2019.nc,3805,d02,2019,382,52,391,61,49.87649918,-113.5576019,49.58819962,-114.1041031,https://nrs.objectstore.gov.bc.ca/wrfdel/aermod/d02/3805/wrfout_d02_3805_2019.nc
wrfout_d02_3806_2019.nc,3806,d02,2019,382,62,391,71,50.23289871,-113.4989014,49.94480133,-114.0502014,https://nrs.objectstore.gov.bc.ca/wrfdel/aermod/d02/3806/wrfout_d02_3806_2019.nc
wrfout_d02_3807_2019.nc,3807,d02,2019,382,72,391,81,50.58950043,-113.4393005,50.30149841,-113.9953003,https://nrs.objectstore.gov.bc.ca/wrfdel/aermod/d02/3807/wrfout_d02_3807_2019.nc
wrfout_d02_3808_2019.nc,3808,d02,2019,382,82,391,91,50.94620132,-113.3787003,50.65840149,-113.9395981,https://nrs.objectstore.gov.bc.ca/wrfdel/aermod/d02/3808/wrfout_d02_3808_2019.nc
