filename,year,month,domain,tile,I0,J0,I1,J1,lat0,lon0,lat1,lon1,url
x002y002x011y011.201901.10x10.d02.m3d,2019,1,d02,0,2,2,11,11,47.11610031,-134.4557037,47.49229813,-134.0814056,https://nrs.objectstore.gov.bc.ca/wrfdel/calpuff/3ddat/201901/d02/0000/x002y002x011y011.201901.10x10.d02.m3d
x002y012x011y021.201901.10x10.d02.m3d,2019,1,d02,1,2,12,11,21,47.46590042,-134.5576935,47.84280014,-134.1813049,https://nrs.objectstore.gov.bc.ca/wrfdel/calpuff/3ddat/201901/d02/0001/x002y012x011y021.201901.10x10.d02.m3d
x002y022x011y031.201901.10x10.d02.m3d,2019,1,d02,2,2,22,11,31,47.8158989,-134.6611938,48.19340134,-134.2828064,https://nrs.objectstore.gov.bc.ca/wrfdel/calpuff/3ddat/201901/d02/0002/x002y022x011y031.201901.10x10.d02.m3d
x002y032x011y041.201901.10x10.d02.m3d,2019,1,d02,3,2,32,11,41,48.16600037,-134.7662964,48.5442009,-134.3858948,https://nrs.objectstore.gov.bc.ca/wrfdel/calpuff/3ddat/201901/d02/0003/x002y032x011y041.201901.10x10.d02.m3d
x002y042x011y051.201901.10x10.d02.m3d,2019,1,d02,4,2,42,11,51,48.5163002,-134.8728943,48.89509964,-134.4904938,https://nrs.objectstore.gov.bc.ca/wrfdel/calpuff/3ddat/201901/d02/0004/x002y042x011y051.201901.10x10.d02.m3d
x002y052x011y061.201901.10x10.d02.m3d,2019,1,d02,5,2,52,11,61,48.86669922,-134.9812012,49.24610138,-134.5966949,https://nrs.objectstore.gov.bc.ca/wrfdel/calpuff/3ddat/201901/d02/0005/x002y052x011y061.201901.10x10.d02.m3d
x002y062x011y071.201901.10x10.d02.m3d,2019,1,d02,6,2,62,11,71,49.21720123,-135.091095,49.59719849,-134.7046051,https://nrs.objectstore.gov.bc.ca/wrfdel/calpuff/3ddat/201901/d02/0006/x002y062x011y071.201901.10x10.d02.m3d
x002y072x011y081.201901.10x10.d02.m3d,2019,1,d02,7,2,72,11,81,49.56779861,-135.2028046,49.94839859,-134.8141937,https://nrs.objectstore.gov.bc.ca/wrfdel/calpuff/3ddat/201901/d02/0007/x002y072x011y081.201901.10x10.d02.m3d
x002y082x011y091.201901.10x10.d02.m3d,2019,1,d02,8,2,82,11,91,49.91839981,-135.3161926,50.29970169,-134.9255066,https://nrs.objectstore.gov.bc.ca/wrfdel/calpuff/3ddat/201901/d02/0008/x002y082x011y091.201901.10x10.d02.m3d
x002y092x011y101.201901.10x10.d02.m3d,2019,1,d02,9,2,92,11,101,50.26919937,-135.4313965,50.65100098,-135.0386047,https://nrs.objectstore.gov.bc.ca/wrfdel/calpuff/3ddat/201901/d02/0009/x002y092x011y101.201901.10x10.d02.m3d
x002y102x011y111.201901.10x10.d02.m3d,2019,1,d02,10,2,102,11,111,50.61999893,-135.5484009,51.00239944,-135.1533966,https://nrs.objectstore.gov.bc.ca/wrfdel/calpuff/3ddat/201901/d02/0010/x002y102x011y111.201901.10x10.d02.m3d
x002y112x011y121.201901.10x10.d02.m3d,2019,1,d02,11,2,112,11,121,50.97079849,-135.6672058,51.35380173,-135.2702026,https://nrs.objectstore.gov.bc.ca/wrfdel/calpuff/3ddat/201901/d02/0011/x002y112x011y121.201901.10x10.d02.m3d
x002y122x011y131.201901.10x10.d02.m3d,2019,1,d02,12,2,122,11,131,51.32160187,-135.7879944,51.70529938,-135.3887939,https://nrs.objectstore.gov.bc.ca/wrfdel/calpuff/3ddat/201901/d02/0012/x002y122x011y131.201901.10x10.d02.m3d
x002y132x011y141.201901.10x10.d02.m3d,2019,1,d02,13,2,132,11,141,51.67250061,-135.9107056,52.05670166,-135.5093994,https://nrs.objectstore.gov.bc.ca/wrfdel/calpuff/3ddat/201901/d02/0013/x002y132x011y141.201901.10x10.d02.m3d
x002y142x011y151.201901.10x10.d02.m3d,2019,1,d02,14,2,142,11,151,52.02330017,-136.0355072,52.40810013,-135.631897,https://nrs.objectstore.gov.bc.ca/wrfdel/calpuff/3ddat/201901/d02/0014/x002y142x011y151.201901.10x10.d02.m3d
x002y152x011y161.201901.10x10.d02.m3d,2019,1,d02,15,2,152,11,161,52.37409973,-136.1622925,52.75939941,-135.7565002,https://nrs.objectstore.gov.bc.ca/wrfdel/calpuff/3ddat/201901/d02/0015/x002y152x011y161.201901.10x10.d02.m3d
x002y162x011y171.201901.10x10.d02.m3d,2019,1,d02,16,2,162,11,171,52.72489929,-136.2911987,53.1108017,-135.883194,https://nrs.objectstore.gov.bc.ca/wrfdel/calpuff/3ddat/201901/d02/0016/x002y162x011y171.201901.10x10.d02.m3d
x002y172x011y181.201901.10x10.d02.m3d,2019,1,d02,17,2,172,11,181,53.07559967,-136.4221954,53.4620018,-136.0119934,https://nrs.objectstore.gov.bc.ca/wrfdel/calpuff/3ddat/201901/d02/0017/x002y172x011y181.201901.10x10.d02.m3d
x002y182x011y191.201901.10x10.d02.m3d,2019,1,d02,18,2,182,11,191,53.42620087,-136.5554962,53.8132019,-136.1430969,https://nrs.objectstore.gov.bc.ca/wrfdel/calpuff/3ddat/201901/d02/0018/x002y182x011y191.201901.10x10.d02.m3d
x002y192x011y201.201901.10x10.d02.m3d,2019,1,d02,19,2,192,11,201,53.77679825,-136.6909943,54.16419983,-136.2763062,https://nrs.objectstore.gov.bc.ca/wrfdel/calpuff/3ddat/201901/d02/0019/x002y192x011y201.201901.10x10.d02.m3d
x002y202x011y211.201901.10x10.d02.m3d,2019,1,d02,20,2,202,11,211,54.12720108,-136.8289032,54.51520157,-136.4118958,https://nrs.objectstore.gov.bc.ca/wrfdel/calpuff/3ddat/201901/d02/0020/x002y202x011y211.201901.10x10.d02.m3d
x002y212x011y221.201901.10x10.d02.m3d,2019,1,d02,21,2,212,11,221,54.4776001,-136.969101,54.86600113,-136.5498962,https://nrs.objectstore.gov.bc.ca/wrfdel/calpuff/3ddat/201901/d02/0021/x002y212x011y221.201901.10x10.d02.m3d
x002y222x011y231.201901.10x10.d02.m3d,2019,1,d02,22,2,222,11,231,54.82770157,-137.1118011,55.21670151,-136.6903076,https://nrs.objectstore.gov.bc.ca/wrfdel/calpuff/3ddat/201901/d02/0022/x002y222x011y231.201901.10x10.d02.m3d
x002y232x011y241.201901.10x10.d02.m3d,2019,1,d02,23,2,232,11,241,55.17770004,-137.2570038,55.56719971,-136.8332062,https://nrs.objectstore.gov.bc.ca/wrfdel/calpuff/3ddat/201901/d02/0023/x002y232x011y241.201901.10x10.d02.m3d
x002y242x011y251.201901.10x10.d02.m3d,2019,1,d02,24,2,242,11,251,55.52759933,-137.4048004,55.91749954,-136.9786072,https://nrs.objectstore.gov.bc.ca/wrfdel/calpuff/3ddat/201901/d02/0024/x002y242x011y251.201901.10x10.d02.m3d
x002y252x011y261.201901.10x10.d02.m3d,2019,1,d02,25,2,252,11,261,55.87720108,-137.5552063,56.2677002,-137.1266022,https://nrs.objectstore.gov.bc.ca/wrfdel/calpuff/3ddat/201901/d02/0025/x002y252x011y261.201901.10x10.d02.m3d
x002y262x011y271.201901.10x10.d02.m3d,2019,1,d02,26,2,262,11,271,56.22669983,-137.7082062,56.61759949,-137.2774048,https://nrs.objectstore.gov.bc.ca/wrfdel/calpuff/3ddat/201901/d02/0026/x002y262x011y271.201901.10x10.d02.m3d
x002y272x011y281.201901.10x10.d02.m3d,2019,1,d02,27,2,272,11,281,56.57590103,-137.8641968,56.96720123,-137.4309998,https://nrs.objectstore.gov.bc.ca/wrfdel/calpuff/3ddat/201901/d02/0027/x002y272x011y281.201901.10x10.d02.m3d
x002y282x011y291.201901.10x10.d02.m3d,2019,1,d02,28,2,282,11,291,56.92480087,-138.0229034,57.31669998,-137.5872955,https://nrs.objectstore.gov.bc.ca/wrfdel/calpuff/3ddat/201901/d02/0028/x002y282x011y291.201901.10x10.d02.m3d
x002y292x011y301.201901.10x10.d02.m3d,2019,1,d02,29,2,292,11,301,57.27349854,-138.1846008,57.66579819,-137.7465973,https://nrs.objectstore.gov.bc.ca/wrfdel/calpuff/3ddat/201901/d02/0029/x002y292x011y301.201901.10x10.d02.m3d
x002y302x011y311.201901.10x10.d02.m3d,2019,1,d02,30,2,302,11,311,57.62189865,-138.3493042,58.01459885,-137.9089966,https://nrs.objectstore.gov.bc.ca/wrfdel/calpuff/3ddat/201901/d02/0030/x002y302x011y311.201901.10x10.d02.m3d
x002y312x011y321.201901.10x10.d02.m3d,2019,1,d02,31,2,312,11,321,57.97000122,-138.5171051,58.36320114,-138.0744019,https://nrs.objectstore.gov.bc.ca/wrfdel/calpuff/3ddat/201901/d02/0031/x002y312x011y321.201901.10x10.d02.m3d
x002y322x011y331.201901.10x10.d02.m3d,2019,1,d02,32,2,322,11,331,58.31779861,-138.6880035,58.71139908,-138.2429047,https://nrs.objectstore.gov.bc.ca/wrfdel/calpuff/3ddat/201901/d02/0032/x002y322x011y331.201901.10x10.d02.m3d
x002y332x011y341.201901.10x10.d02.m3d,2019,1,d02,33,2,332,11,341,58.66519928,-138.8623047,59.05920029,-138.4147949,https://nrs.objectstore.gov.bc.ca/wrfdel/calpuff/3ddat/201901/d02/0033/x002y332x011y341.201901.10x10.d02.m3d
x002y342x011y351.201901.10x10.d02.m3d,2019,1,d02,34,2,342,11,351,59.0121994,-139.0399017,59.40670013,-138.5899963,https://nrs.objectstore.gov.bc.ca/wrfdel/calpuff/3ddat/201901/d02/0034/x002y342x011y351.201901.10x10.d02.m3d
x002y352x011y361.201901.10x10.d02.m3d,2019,1,d02,35,2,352,11,361,59.35889816,-139.220993,59.75370026,-138.7686005,https://nrs.objectstore.gov.bc.ca/wrfdel/calpuff/3ddat/201901/d02/0035/x002y352x011y361.201901.10x10.d02.m3d
x002y362x011y371.201901.10x10.d02.m3d,2019,1,d02,36,2,362,11,371,59.7052002,-139.4055939,60.10039902,-138.9508972,https://nrs.objectstore.gov.bc.ca/wrfdel/calpuff/3ddat/201901/d02/0036/x002y362x011y371.201901.10x10.d02.m3d
x002y372x011y373.201901.10x10.d02.m3d,2019,1,d02,37,2,372,11,373,60.05099869,-139.5939026,60.16970062,-138.987793,https://nrs.objectstore.gov.bc.ca/wrfdel/calpuff/3ddat/201901/d02/0037/x002y372x011y373.201901.10x10.d02.m3d
x012y002x021y011.201901.10x10.d02.m3d,2019,1,d02,100,12,2,21,11,47.18370056,-133.9411011,47.55810165,-133.5619965,https://nrs.objectstore.gov.bc.ca/wrfdel/calpuff/3ddat/201901/d02/0100/x012y002x021y011.201901.10x10.d02.m3d
x012y012x021y021.201901.10x10.d02.m3d,2019,1,d02,101,12,12,21,21,47.53409958,-134.0393982,47.90909958,-133.6582947,https://nrs.objectstore.gov.bc.ca/wrfdel/calpuff/3ddat/201901/d02/0101/x012y012x021y021.201901.10x10.d02.m3d
x012y022x021y031.201901.10x10.d02.m3d,2019,1,d02,102,12,22,21,31,47.88460159,-134.1392059,48.26029968,-133.7559967,https://nrs.objectstore.gov.bc.ca/wrfdel/calpuff/3ddat/201901/d02/0102/x012y022x021y031.201901.10x10.d02.m3d
x012y032x021y041.201901.10x10.d02.m3d,2019,1,d02,103,12,32,21,41,48.23529816,-134.2404022,48.61159897,-133.8551941,https://nrs.objectstore.gov.bc.ca/wrfdel/calpuff/3ddat/201901/d02/0103/x012y032x021y041.201901.10x10.d02.m3d
x012y042x021y051.201901.10x10.d02.m3d,2019,1,d02,104,12,42,21,51,48.58610153,-134.3432007,48.96310043,-133.9559021,https://nrs.objectstore.gov.bc.ca/wrfdel/calpuff/3ddat/201901/d02/0104/x012y042x021y051.201901.10x10.d02.m3d
x012y052x021y061.201901.10x10.d02.m3d,2019,1,d02,105,12,52,21,61,48.93709946,-134.4476013,49.31470108,-134.058197,https://nrs.objectstore.gov.bc.ca/wrfdel/calpuff/3ddat/201901/d02/0105/x012y052x021y061.201901.10x10.d02.m3d
x012y062x021y071.201901.10x10.d02.m3d,2019,1,d02,106,12,62,21,71,49.28820038,-134.5536041,49.66630173,-134.1620026,https://nrs.objectstore.gov.bc.ca/wrfdel/calpuff/3ddat/201901/d02/0106/x012y062x021y071.201901.10x10.d02.m3d
x012y072x021y081.201901.10x10.d02.m3d,2019,1,d02,107,12,72,21,81,49.63940048,-134.6613007,50.01810074,-134.2675018,https://nrs.objectstore.gov.bc.ca/wrfdel/calpuff/3ddat/201901/d02/0107/x012y072x021y081.201901.10x10.d02.m3d
x012y082x021y091.201901.10x10.d02.m3d,2019,1,d02,108,12,82,21,91,49.99069977,-134.7705994,50.36999893,-134.3746033,https://nrs.objectstore.gov.bc.ca/wrfdel/calpuff/3ddat/201901/d02/0108/x012y082x021y091.201901.10x10.d02.m3d
x012y092x021y101.201901.10x10.d02.m3d,2019,1,d02,109,12,92,21,101,50.34199905,-134.8816986,50.72190094,-134.4835052,https://nrs.objectstore.gov.bc.ca/wrfdel/calpuff/3ddat/201901/d02/0109/x012y092x021y101.201901.10x10.d02.m3d
x012y102x021y111.201901.10x10.d02.m3d,2019,1,d02,110,12,102,21,111,50.69340134,-134.9945068,51.07389832,-134.594101,https://nrs.objectstore.gov.bc.ca/wrfdel/calpuff/3ddat/201901/d02/0110/x012y102x021y111.201901.10x10.d02.m3d
x012y112x021y121.201901.10x10.d02.m3d,2019,1,d02,111,12,112,21,121,51.04489899,-135.1092072,51.42589951,-134.7064972,https://nrs.objectstore.gov.bc.ca/wrfdel/calpuff/3ddat/201901/d02/0111/x012y112x021y121.201901.10x10.d02.m3d
x012y122x021y131.201901.10x10.d02.m3d,2019,1,d02,112,12,122,21,131,51.39630127,-135.2256012,51.7779007,-134.8208008,https://nrs.objectstore.gov.bc.ca/wrfdel/calpuff/3ddat/201901/d02/0112/x012y122x021y131.201901.10x10.d02.m3d
x012y132x021y141.201901.10x10.d02.m3d,2019,1,d02,113,12,132,21,141,51.74779892,-135.3439941,52.13000107,-134.9369049,https://nrs.objectstore.gov.bc.ca/wrfdel/calpuff/3ddat/201901/d02/0113/x012y132x021y141.201901.10x10.d02.m3d
x012y142x021y151.201901.10x10.d02.m3d,2019,1,d02,114,12,142,21,151,52.09930038,-135.4642944,52.48199844,-135.0549011,https://nrs.objectstore.gov.bc.ca/wrfdel/calpuff/3ddat/201901/d02/0114/x012y142x021y151.201901.10x10.d02.m3d
x012y152x021y161.201901.10x10.d02.m3d,2019,1,d02,115,12,152,21,161,52.45069885,-135.5865936,52.83399963,-135.1748962,https://nrs.objectstore.gov.bc.ca/wrfdel/calpuff/3ddat/201901/d02/0115/x012y152x021y161.201901.10x10.d02.m3d
x012y162x021y171.201901.10x10.d02.m3d,2019,1,d02,116,12,162,21,171,52.80220032,-135.7109985,53.18600082,-135.2969055,https://nrs.objectstore.gov.bc.ca/wrfdel/calpuff/3ddat/201901/d02/0116/x012y162x021y171.201901.10x10.d02.m3d
x012y172x021y181.201901.10x10.d02.m3d,2019,1,d02,117,12,172,21,181,53.1534996,-135.8374023,53.53789902,-135.4210052,https://nrs.objectstore.gov.bc.ca/wrfdel/calpuff/3ddat/201901/d02/0117/x012y172x021y181.201901.10x10.d02.m3d
x012y182x021y191.201901.10x10.d02.m3d,2019,1,d02,118,12,182,21,191,53.50479889,-135.9660034,53.88970184,-135.5473022,https://nrs.objectstore.gov.bc.ca/wrfdel/calpuff/3ddat/201901/d02/0118/x012y182x021y191.201901.10x10.d02.m3d
x012y192x021y201.201901.10x10.d02.m3d,2019,1,d02,119,12,192,21,201,53.85609818,-136.0968018,54.24140167,-135.6755981,https://nrs.objectstore.gov.bc.ca/wrfdel/calpuff/3ddat/201901/d02/0119/x012y192x021y201.201901.10x10.d02.m3d
x012y202x021y211.201901.10x10.d02.m3d,2019,1,d02,120,12,202,21,211,54.2071991,-136.2297974,54.5931015,-135.8063049,https://nrs.objectstore.gov.bc.ca/wrfdel/calpuff/3ddat/201901/d02/0120/x012y202x021y211.201901.10x10.d02.m3d
x012y212x021y221.201901.10x10.d02.m3d,2019,1,d02,121,12,212,21,221,54.55820084,-136.365097,54.94459915,-135.9391937,https://nrs.objectstore.gov.bc.ca/wrfdel/calpuff/3ddat/201901/d02/0121/x012y212x021y221.201901.10x10.d02.m3d
x012y222x021y231.201901.10x10.d02.m3d,2019,1,d02,122,12,222,21,231,54.90909958,-136.5028076,55.29600143,-136.0744934,https://nrs.objectstore.gov.bc.ca/wrfdel/calpuff/3ddat/201901/d02/0122/x012y222x021y231.201901.10x10.d02.m3d
x012y232x021y241.201901.10x10.d02.m3d,2019,1,d02,123,12,232,21,241,55.25979996,-136.6428986,55.64720154,-136.2120972,https://nrs.objectstore.gov.bc.ca/wrfdel/calpuff/3ddat/201901/d02/0123/x012y232x021y241.201901.10x10.d02.m3d
x012y242x021y251.201901.10x10.d02.m3d,2019,1,d02,124,12,242,21,251,55.61040115,-136.7855072,55.99819946,-136.3522949,https://nrs.objectstore.gov.bc.ca/wrfdel/calpuff/3ddat/201901/d02/0124/x012y242x021y251.201901.10x10.d02.m3d
x012y252x021y261.201901.10x10.d02.m3d,2019,1,d02,125,12,252,21,261,55.96080017,-136.9306946,56.34899902,-136.4949951,https://nrs.objectstore.gov.bc.ca/wrfdel/calpuff/3ddat/201901/d02/0125/x012y252x021y261.201901.10x10.d02.m3d
x012y262x021y271.201901.10x10.d02.m3d,2019,1,d02,126,12,262,21,271,56.31100082,-137.0785065,56.6996994,-136.6403046,https://nrs.objectstore.gov.bc.ca/wrfdel/calpuff/3ddat/201901/d02/0126/x012y262x021y271.201901.10x10.d02.m3d
x012y272x021y281.201901.10x10.d02.m3d,2019,1,d02,127,12,272,21,281,56.66090012,-137.2290039,57.05009842,-136.7882996,https://nrs.objectstore.gov.bc.ca/wrfdel/calpuff/3ddat/201901/d02/0127/x012y272x021y281.201901.10x10.d02.m3d
x012y282x021y291.201901.10x10.d02.m3d,2019,1,d02,128,12,282,21,291,57.01060104,-137.3822937,57.40029907,-136.9391022,https://nrs.objectstore.gov.bc.ca/wrfdel/calpuff/3ddat/201901/d02/0128/x012y282x021y291.201901.10x10.d02.m3d
x012y292x021y301.201901.10x10.d02.m3d,2019,1,d02,129,12,292,21,301,57.36009979,-137.5384064,57.75019836,-137.0926056,https://nrs.objectstore.gov.bc.ca/wrfdel/calpuff/3ddat/201901/d02/0129/x012y292x021y301.201901.10x10.d02.m3d
x012y302x021y311.201901.10x10.d02.m3d,2019,1,d02,130,12,302,21,311,57.70930099,-137.697403,58.09980011,-137.2492065,https://nrs.objectstore.gov.bc.ca/wrfdel/calpuff/3ddat/201901/d02/0130/x012y302x021y311.201901.10x10.d02.m3d
x012y312x021y321.201901.10x10.d02.m3d,2019,1,d02,131,12,312,21,321,58.05820084,-137.8594055,58.44910049,-137.4085999,https://nrs.objectstore.gov.bc.ca/wrfdel/calpuff/3ddat/201901/d02/0131/x012y312x021y321.201901.10x10.d02.m3d
x012y322x021y331.201901.10x10.d02.m3d,2019,1,d02,132,12,322,21,331,58.40670013,-138.0245972,58.79809952,-137.5711975,https://nrs.objectstore.gov.bc.ca/wrfdel/calpuff/3ddat/201901/d02/0132/x012y322x021y331.201901.10x10.d02.m3d
x012y332x021y341.201901.10x10.d02.m3d,2019,1,d02,133,12,332,21,341,58.75500107,-138.1929016,59.14670181,-137.7368927,https://nrs.objectstore.gov.bc.ca/wrfdel/calpuff/3ddat/201901/d02/0133/x012y332x021y341.201901.10x10.d02.m3d
x012y342x021y351.201901.10x10.d02.m3d,2019,1,d02,134,12,342,21,351,59.10290146,-138.3643951,59.49499893,-137.905899,https://nrs.objectstore.gov.bc.ca/wrfdel/calpuff/3ddat/201901/d02/0134/x012y342x021y351.201901.10x10.d02.m3d
x012y352x021y361.201901.10x10.d02.m3d,2019,1,d02,135,12,352,21,361,59.45040131,-138.5393982,59.84289932,-138.0782928,https://nrs.objectstore.gov.bc.ca/wrfdel/calpuff/3ddat/201901/d02/0135/x012y352x021y361.201901.10x10.d02.m3d
x012y362x021y371.201901.10x10.d02.m3d,2019,1,d02,136,12,362,21,371,59.79750061,-138.717804,60.19039917,-138.2541046,https://nrs.objectstore.gov.bc.ca/wrfdel/calpuff/3ddat/201901/d02/0136/x012y362x021y371.201901.10x10.d02.m3d
x012y372x021y373.201901.10x10.d02.m3d,2019,1,d02,137,12,372,21,373,60.14419937,-138.899704,60.25989914,-138.2895966,https://nrs.objectstore.gov.bc.ca/wrfdel/calpuff/3ddat/201901/d02/0137/x012y372x021y373.201901.10x10.d02.m3d
x022y002x031y011.201901.10x10.d02.m3d,2019,1,d02,200,22,2,31,11,47.24869919,-133.4250031,47.62129974,-133.0413055,https://nrs.objectstore.gov.bc.ca/wrfdel/calpuff/3ddat/201901/d02/0200/x022y002x031y011.201901.10x10.d02.m3d
x022y012x031y021.201901.10x10.d02.m3d,2019,1,d02,201,22,12,31,21,47.59960175,-133.5196075,47.97280121,-133.1338043,https://nrs.objectstore.gov.bc.ca/wrfdel/calpuff/3ddat/201901/d02/0201/x022y012x031y021.201901.10x10.d02.m3d
x022y022x031y031.201901.10x10.d02.m3d,2019,1,d02,202,22,22,31,31,47.95069885,-133.6156006,48.32450104,-133.2276001,https://nrs.objectstore.gov.bc.ca/wrfdel/calpuff/3ddat/201901/d02/0202/x022y022x031y031.201901.10x10.d02.m3d
x022y032x031y041.201901.10x10.d02.m3d,2019,1,d02,203,22,32,31,41,48.30199814,-133.7129974,48.67639923,-133.3229065,https://nrs.objectstore.gov.bc.ca/wrfdel/calpuff/3ddat/201901/d02/0203/x022y032x031y041.201901.10x10.d02.m3d
x022y042x031y051.201901.10x10.d02.m3d,2019,1,d02,204,22,42,31,51,48.65340042,-133.8119965,49.02840042,-133.419693,https://nrs.objectstore.gov.bc.ca/wrfdel/calpuff/3ddat/201901/d02/0204/x022y042x031y051.201901.10x10.d02.m3d
x022y052x031y061.201901.10x10.d02.m3d,2019,1,d02,205,22,52,31,61,49.00490189,-133.9123993,49.38050079,-133.5180054,https://nrs.objectstore.gov.bc.ca/wrfdel/calpuff/3ddat/201901/d02/0205/x022y052x031y061.201901.10x10.d02.m3d
x022y062x031y071.201901.10x10.d02.m3d,2019,1,d02,206,22,62,31,71,49.35649872,-134.0144958,49.73270035,-133.6177979,https://nrs.objectstore.gov.bc.ca/wrfdel/calpuff/3ddat/201901/d02/0206/x022y062x031y071.201901.10x10.d02.m3d
x022y072x031y081.201901.10x10.d02.m3d,2019,1,d02,207,22,72,31,81,49.70830154,-134.118103,50.08509827,-133.719101,https://nrs.objectstore.gov.bc.ca/wrfdel/calpuff/3ddat/201901/d02/0207/x022y072x031y081.201901.10x10.d02.m3d
x022y082x031y091.201901.10x10.d02.m3d,2019,1,d02,208,22,82,31,91,50.06010056,-134.2232971,50.4375,-133.8220978,https://nrs.objectstore.gov.bc.ca/wrfdel/calpuff/3ddat/201901/d02/0208/x022y082x031y091.201901.10x10.d02.m3d
x022y092x031y101.201901.10x10.d02.m3d,2019,1,d02,209,22,92,31,101,50.41210175,-134.3302002,50.79000092,-133.9266968,https://nrs.objectstore.gov.bc.ca/wrfdel/calpuff/3ddat/201901/d02/0209/x022y092x031y101.201901.10x10.d02.m3d
x022y102x031y111.201901.10x10.d02.m3d,2019,1,d02,210,22,102,31,111,50.76399994,-134.4389038,51.14250183,-134.0330048,https://nrs.objectstore.gov.bc.ca/wrfdel/calpuff/3ddat/201901/d02/0210/x022y102x031y111.201901.10x10.d02.m3d
x022y112x031y121.201901.10x10.d02.m3d,2019,1,d02,211,22,112,31,121,51.11610031,-134.5491943,51.49509811,-134.1410065,https://nrs.objectstore.gov.bc.ca/wrfdel/calpuff/3ddat/201901/d02/0211/x022y112x031y121.201901.10x10.d02.m3d
x022y122x031y131.201901.10x10.d02.m3d,2019,1,d02,212,22,122,31,131,51.46820068,-134.6614075,51.84780121,-134.2507935,https://nrs.objectstore.gov.bc.ca/wrfdel/calpuff/3ddat/201901/d02/0212/x022y122x031y131.201901.10x10.d02.m3d
x022y132x031y141.201901.10x10.d02.m3d,2019,1,d02,213,22,132,31,141,51.82030106,-134.7752991,52.20040131,-134.3625031,https://nrs.objectstore.gov.bc.ca/wrfdel/calpuff/3ddat/201901/d02/0213/x022y132x031y141.201901.10x10.d02.m3d
x022y142x031y151.201901.10x10.d02.m3d,2019,1,d02,214,22,142,31,151,52.17240143,-134.8912048,52.5530014,-134.4759064,https://nrs.objectstore.gov.bc.ca/wrfdel/calpuff/3ddat/201901/d02/0214/x022y142x031y151.201901.10x10.d02.m3d
x022y152x031y161.201901.10x10.d02.m3d,2019,1,d02,215,22,152,31,161,52.5243988,-135.0090027,52.9056015,-134.5912933,https://nrs.objectstore.gov.bc.ca/wrfdel/calpuff/3ddat/201901/d02/0215/x022y152x031y161.201901.10x10.d02.m3d
x022y162x031y171.201901.10x10.d02.m3d,2019,1,d02,216,22,162,31,171,52.87649918,-135.1286926,53.2582016,-134.7086029,https://nrs.objectstore.gov.bc.ca/wrfdel/calpuff/3ddat/201901/d02/0216/x022y162x031y171.201901.10x10.d02.m3d
x022y172x031y181.201901.10x10.d02.m3d,2019,1,d02,217,22,172,31,181,53.22850037,-135.2505035,53.6108017,-134.8278961,https://nrs.objectstore.gov.bc.ca/wrfdel/calpuff/3ddat/201901/d02/0217/x022y172x031y181.201901.10x10.d02.m3d
x022y182x031y191.201901.10x10.d02.m3d,2019,1,d02,218,22,182,31,191,53.58050156,-135.3742981,53.96319962,-134.949295,https://nrs.objectstore.gov.bc.ca/wrfdel/calpuff/3ddat/201901/d02/0218/x022y182x031y191.201901.10x10.d02.m3d
x022y192x031y201.201901.10x10.d02.m3d,2019,1,d02,219,22,192,31,201,53.93239975,-135.5001984,54.31560135,-135.0726929,https://nrs.objectstore.gov.bc.ca/wrfdel/calpuff/3ddat/201901/d02/0219/x022y192x031y201.201901.10x10.d02.m3d
x022y202x031y211.201901.10x10.d02.m3d,2019,1,d02,220,22,202,31,211,54.28419876,-135.6284027,54.66790009,-135.1983032,https://nrs.objectstore.gov.bc.ca/wrfdel/calpuff/3ddat/201901/d02/0220/x022y202x031y211.201901.10x10.d02.m3d
x022y212x031y221.201901.10x10.d02.m3d,2019,1,d02,221,22,212,31,221,54.63579941,-135.7586975,55.02009964,-135.3262024,https://nrs.objectstore.gov.bc.ca/wrfdel/calpuff/3ddat/201901/d02/0221/x022y212x031y221.201901.10x10.d02.m3d
x022y222x031y231.201901.10x10.d02.m3d,2019,1,d02,222,22,222,31,231,54.98740005,-135.8914032,55.37210083,-135.4562073,https://nrs.objectstore.gov.bc.ca/wrfdel/calpuff/3ddat/201901/d02/0222/x022y222x031y231.201901.10x10.d02.m3d
x022y232x031y241.201901.10x10.d02.m3d,2019,1,d02,223,22,232,31,241,55.33879852,-136.0263977,55.72399902,-135.5886993,https://nrs.objectstore.gov.bc.ca/wrfdel/calpuff/3ddat/201901/d02/0223/x022y232x031y241.201901.10x10.d02.m3d
x022y242x031y251.201901.10x10.d02.m3d,2019,1,d02,224,22,242,31,251,55.69010162,-136.1638031,56.07569885,-135.7234955,https://nrs.objectstore.gov.bc.ca/wrfdel/calpuff/3ddat/201901/d02/0224/x022y242x031y251.201901.10x10.d02.m3d
x022y252x031y261.201901.10x10.d02.m3d,2019,1,d02,225,22,252,31,261,56.04119873,-136.3036041,56.42720032,-135.8607941,https://nrs.objectstore.gov.bc.ca/wrfdel/calpuff/3ddat/201901/d02/0225/x022y252x031y261.201901.10x10.d02.m3d
x022y262x031y271.201901.10x10.d02.m3d,2019,1,d02,226,22,262,31,271,56.39210129,-136.446106,56.77859879,-136.0005951,https://nrs.objectstore.gov.bc.ca/wrfdel/calpuff/3ddat/201901/d02/0226/x022y262x031y271.201901.10x10.d02.m3d
x022y272x031y281.201901.10x10.d02.m3d,2019,1,d02,227,22,272,31,281,56.74280167,-136.591095,57.12969971,-136.1428986,https://nrs.objectstore.gov.bc.ca/wrfdel/calpuff/3ddat/201901/d02/0227/x022y272x031y281.201901.10x10.d02.m3d
x022y282x031y291.201901.10x10.d02.m3d,2019,1,d02,228,22,282,31,291,57.09320068,-136.7388,57.48059845,-136.2879944,https://nrs.objectstore.gov.bc.ca/wrfdel/calpuff/3ddat/201901/d02/0228/x022y282x031y291.201901.10x10.d02.m3d
x022y292x031y301.201901.10x10.d02.m3d,2019,1,d02,229,22,292,31,301,57.44340134,-136.8892059,57.83119965,-136.4358063,https://nrs.objectstore.gov.bc.ca/wrfdel/calpuff/3ddat/201901/d02/0229/x022y292x031y301.201901.10x10.d02.m3d
x022y302x031y311.201901.10x10.d02.m3d,2019,1,d02,230,22,302,31,311,57.79339981,-137.0426025,58.18159866,-136.5863953,https://nrs.objectstore.gov.bc.ca/wrfdel/calpuff/3ddat/201901/d02/0230/x022y302x031y311.201901.10x10.d02.m3d
x022y312x031y321.201901.10x10.d02.m3d,2019,1,d02,231,22,312,31,321,58.14310074,-137.1988068,58.53170013,-136.7398071,https://nrs.objectstore.gov.bc.ca/wrfdel/calpuff/3ddat/201901/d02/0231/x022y312x031y321.201901.10x10.d02.m3d
x022y322x031y331.201901.10x10.d02.m3d,2019,1,d02,232,22,322,31,331,58.49240112,-137.3580017,58.88140106,-136.8963013,https://nrs.objectstore.gov.bc.ca/wrfdel/calpuff/3ddat/201901/d02/0232/x022y322x031y331.201901.10x10.d02.m3d
x022y332x031y341.201901.10x10.d02.m3d,2019,1,d02,233,22,332,31,341,58.84140015,-137.5202026,59.23080063,-137.0558014,https://nrs.objectstore.gov.bc.ca/wrfdel/calpuff/3ddat/201901/d02/0233/x022y332x031y341.201901.10x10.d02.m3d
x022y342x031y351.201901.10x10.d02.m3d,2019,1,d02,234,22,342,31,351,59.19010162,-137.6855927,59.57989883,-137.2185059,https://nrs.objectstore.gov.bc.ca/wrfdel/calpuff/3ddat/201901/d02/0234/x022y342x031y351.201901.10x10.d02.m3d
x022y352x031y361.201901.10x10.d02.m3d,2019,1,d02,235,22,352,31,361,59.53850174,-137.8544006,59.92860031,-137.3843994,https://nrs.objectstore.gov.bc.ca/wrfdel/calpuff/3ddat/201901/d02/0235/x022y352x031y361.201901.10x10.d02.m3d
x022y362x031y371.201901.10x10.d02.m3d,2019,1,d02,236,22,362,31,371,59.88639832,-138.0263977,60.27690125,-137.5536957,https://nrs.objectstore.gov.bc.ca/wrfdel/calpuff/3ddat/201901/d02/0236/x022y362x031y371.201901.10x10.d02.m3d
x022y372x031y373.201901.10x10.d02.m3d,2019,1,d02,237,22,372,31,373,60.23389816,-138.2019043,60.3465004,-137.5879974,https://nrs.objectstore.gov.bc.ca/wrfdel/calpuff/3ddat/201901/d02/0237/x022y372x031y373.201901.10x10.d02.m3d
x032y002x041y011.201901.10x10.d02.m3d,2019,1,d02,300,32,2,41,11,47.31119919,-132.9075012,47.68180084,-132.5191956,https://nrs.objectstore.gov.bc.ca/wrfdel/calpuff/3ddat/201901/d02/0300/x032y002x041y011.201901.10x10.d02.m3d
x032y012x041y021.201901.10x10.d02.m3d,2019,1,d02,301,32,12,41,21,47.66260147,-132.9983063,48.03379822,-132.6078949,https://nrs.objectstore.gov.bc.ca/wrfdel/calpuff/3ddat/201901/d02/0301/x032y012x041y021.201901.10x10.d02.m3d
x032y022x041y031.201901.10x10.d02.m3d,2019,1,d02,302,32,22,41,31,48.0141983,-133.0904999,48.38600159,-132.6979065,https://nrs.objectstore.gov.bc.ca/wrfdel/calpuff/3ddat/201901/d02/0302/x032y022x041y031.201901.10x10.d02.m3d
x032y032x041y041.201901.10x10.d02.m3d,2019,1,d02,303,32,32,41,41,48.36600113,-133.1842041,48.73839951,-132.7891998,https://nrs.objectstore.gov.bc.ca/wrfdel/calpuff/3ddat/201901/d02/0303/x032y032x041y041.201901.10x10.d02.m3d
x032y042x041y051.201901.10x10.d02.m3d,2019,1,d02,304,32,42,41,51,48.71789932,-133.2792053,49.09090042,-132.8820038,https://nrs.objectstore.gov.bc.ca/wrfdel/calpuff/3ddat/201901/d02/0304/x032y042x041y051.201901.10x10.d02.m3d
x032y052x041y061.201901.10x10.d02.m3d,2019,1,d02,305,32,52,41,61,49.06999969,-133.3757019,49.4435997,-132.9761963,https://nrs.objectstore.gov.bc.ca/wrfdel/calpuff/3ddat/201901/d02/0305/x032y052x041y061.201901.10x10.d02.m3d
x032y062x041y071.201901.10x10.d02.m3d,2019,1,d02,306,32,62,41,71,49.42210007,-133.4736938,49.79639816,-133.0718994,https://nrs.objectstore.gov.bc.ca/wrfdel/calpuff/3ddat/201901/d02/0306/x032y062x041y071.201901.10x10.d02.m3d
x032y072x041y081.201901.10x10.d02.m3d,2019,1,d02,307,32,72,41,81,49.7743988,-133.5733032,50.14920044,-133.1690979,https://nrs.objectstore.gov.bc.ca/wrfdel/calpuff/3ddat/201901/d02/0307/x032y072x041y081.201901.10x10.d02.m3d
x032y082x041y091.201901.10x10.d02.m3d,2019,1,d02,308,32,82,41,91,50.12680054,-133.6743927,50.50220108,-133.2678986,https://nrs.objectstore.gov.bc.ca/wrfdel/calpuff/3ddat/201901/d02/0308/x032y082x041y091.201901.10x10.d02.m3d
x032y092x041y101.201901.10x10.d02.m3d,2019,1,d02,309,32,92,41,101,50.47930145,-133.7770996,50.85520172,-133.3681946,https://nrs.objectstore.gov.bc.ca/wrfdel/calpuff/3ddat/201901/d02/0309/x032y092x041y101.201901.10x10.d02.m3d
x032y102x041y111.201901.10x10.d02.m3d,2019,1,d02,310,32,102,41,111,50.83190155,-133.8813934,51.20840073,-133.4701996,https://nrs.objectstore.gov.bc.ca/wrfdel/calpuff/3ddat/201901/d02/0310/x032y102x041y111.201901.10x10.d02.m3d
x032y112x041y121.201901.10x10.d02.m3d,2019,1,d02,311,32,112,41,121,51.18450165,-133.9875031,51.56150055,-133.5738068,https://nrs.objectstore.gov.bc.ca/wrfdel/calpuff/3ddat/201901/d02/0311/x032y112x041y121.201901.10x10.d02.m3d
x032y122x041y131.201901.10x10.d02.m3d,2019,1,d02,312,32,122,41,131,51.53720093,-134.0953064,51.91469955,-133.6790924,https://nrs.objectstore.gov.bc.ca/wrfdel/calpuff/3ddat/201901/d02/0312/x032y122x041y131.201901.10x10.d02.m3d
x032y132x041y141.201901.10x10.d02.m3d,2019,1,d02,313,32,132,41,141,51.88980103,-134.2048035,52.26789856,-133.7861938,https://nrs.objectstore.gov.bc.ca/wrfdel/calpuff/3ddat/201901/d02/0313/x032y132x041y141.201901.10x10.d02.m3d
x032y142x041y151.201901.10x10.d02.m3d,2019,1,d02,314,32,142,41,151,52.24250031,-134.3161011,52.62110138,-133.8950043,https://nrs.objectstore.gov.bc.ca/wrfdel/calpuff/3ddat/201901/d02/0314/x032y142x041y151.201901.10x10.d02.m3d
x032y152x041y161.201901.10x10.d02.m3d,2019,1,d02,315,32,152,41,161,52.59519958,-134.429306,52.97430038,-134.0057068,https://nrs.objectstore.gov.bc.ca/wrfdel/calpuff/3ddat/201901/d02/0315/x032y152x041y161.201901.10x10.d02.m3d
x032y162x041y171.201901.10x10.d02.m3d,2019,1,d02,316,32,162,41,171,52.94789886,-134.5444031,53.32749939,-134.1181946,https://nrs.objectstore.gov.bc.ca/wrfdel/calpuff/3ddat/201901/d02/0316/x032y162x041y171.201901.10x10.d02.m3d
x032y172x041y181.201901.10x10.d02.m3d,2019,1,d02,317,32,172,41,181,53.30049896,-134.6614075,53.68059921,-134.2326965,https://nrs.objectstore.gov.bc.ca/wrfdel/calpuff/3ddat/201901/d02/0317/x032y172x041y181.201901.10x10.d02.m3d
x032y182x041y191.201901.10x10.d02.m3d,2019,1,d02,318,32,182,41,191,53.65309906,-134.7805023,54.03369904,-134.3491974,https://nrs.objectstore.gov.bc.ca/wrfdel/calpuff/3ddat/201901/d02/0318/x032y182x041y191.201901.10x10.d02.m3d
x032y192x041y201.201901.10x10.d02.m3d,2019,1,d02,319,32,192,41,201,54.00559998,-134.9015961,54.38669968,-134.4676056,https://nrs.objectstore.gov.bc.ca/wrfdel/calpuff/3ddat/201901/d02/0319/x032y192x041y201.201901.10x10.d02.m3d
x032y202x041y211.201901.10x10.d02.m3d,2019,1,d02,320,32,202,41,211,54.35810089,-135.024704,54.73960114,-134.5881958,https://nrs.objectstore.gov.bc.ca/wrfdel/calpuff/3ddat/201901/d02/0320/x032y202x041y211.201901.10x10.d02.m3d
x032y212x041y221.201901.10x10.d02.m3d,2019,1,d02,321,32,212,41,221,54.71039963,-135.1499939,55.0923996,-134.7108002,https://nrs.objectstore.gov.bc.ca/wrfdel/calpuff/3ddat/201901/d02/0321/x032y212x041y221.201901.10x10.d02.m3d
x032y222x041y231.201901.10x10.d02.m3d,2019,1,d02,322,32,222,41,231,55.06259918,-135.2776031,55.44509888,-134.8356934,https://nrs.objectstore.gov.bc.ca/wrfdel/calpuff/3ddat/201901/d02/0322/x032y222x041y231.201901.10x10.d02.m3d
x032y232x041y241.201901.10x10.d02.m3d,2019,1,d02,323,32,232,41,241,55.41469955,-135.4073944,55.79759979,-134.9627991,https://nrs.objectstore.gov.bc.ca/wrfdel/calpuff/3ddat/201901/d02/0323/x032y232x041y241.201901.10x10.d02.m3d
x032y242x041y251.201901.10x10.d02.m3d,2019,1,d02,324,32,242,41,251,55.76670074,-135.539505,56.15000153,-135.0921936,https://nrs.objectstore.gov.bc.ca/wrfdel/calpuff/3ddat/201901/d02/0324/x032y242x041y251.201901.10x10.d02.m3d
x032y252x041y261.201901.10x10.d02.m3d,2019,1,d02,325,32,252,41,261,56.11849976,-135.673996,56.50220108,-135.223999,https://nrs.objectstore.gov.bc.ca/wrfdel/calpuff/3ddat/201901/d02/0325/x032y252x041y261.201901.10x10.d02.m3d
x032y262x041y271.201901.10x10.d02.m3d,2019,1,d02,326,32,262,41,271,56.47000122,-135.8110046,56.85430145,-135.3582001,https://nrs.objectstore.gov.bc.ca/wrfdel/calpuff/3ddat/201901/d02/0326/x032y262x041y271.201901.10x10.d02.m3d
x032y272x041y281.201901.10x10.d02.m3d,2019,1,d02,327,32,272,41,281,56.82139969,-135.9505005,57.20610046,-135.4949036,https://nrs.objectstore.gov.bc.ca/wrfdel/calpuff/3ddat/201901/d02/0327/x032y272x041y281.201901.10x10.d02.m3d
x032y282x041y291.201901.10x10.d02.m3d,2019,1,d02,328,32,282,41,291,57.17259979,-136.0926056,57.55770111,-135.634201,https://nrs.objectstore.gov.bc.ca/wrfdel/calpuff/3ddat/201901/d02/0328/x032y282x041y291.201901.10x10.d02.m3d
x032y292x041y301.201901.10x10.d02.m3d,2019,1,d02,329,32,292,41,301,57.52349854,-136.2373047,57.9090004,-135.776001,https://nrs.objectstore.gov.bc.ca/wrfdel/calpuff/3ddat/201901/d02/0329/x032y292x041y301.201901.10x10.d02.m3d
x032y302x041y311.201901.10x10.d02.m3d,2019,1,d02,330,32,302,41,311,57.87419891,-136.3847961,58.26010132,-135.9207001,https://nrs.objectstore.gov.bc.ca/wrfdel/calpuff/3ddat/201901/d02/0330/x032y302x041y311.201901.10x10.d02.m3d
x032y312x041y321.201901.10x10.d02.m3d,2019,1,d02,331,32,312,41,321,58.22460175,-136.5350952,58.61090088,-136.0681,https://nrs.objectstore.gov.bc.ca/wrfdel/calpuff/3ddat/201901/d02/0331/x032y312x041y321.201901.10x10.d02.m3d
x032y322x041y331.201901.10x10.d02.m3d,2019,1,d02,332,32,322,41,331,58.5746994,-136.6882019,58.96139908,-136.218399,https://nrs.objectstore.gov.bc.ca/wrfdel/calpuff/3ddat/201901/d02/0332/x032y322x041y331.201901.10x10.d02.m3d
x032y332x041y341.201901.10x10.d02.m3d,2019,1,d02,333,32,332,41,341,58.92449951,-136.8444061,59.31150055,-136.3715973,https://nrs.objectstore.gov.bc.ca/wrfdel/calpuff/3ddat/201901/d02/0333/x032y332x041y341.201901.10x10.d02.m3d
x032y342x041y351.201901.10x10.d02.m3d,2019,1,d02,334,32,342,41,351,59.27399826,-137.0036011,59.66139984,-136.5278931,https://nrs.objectstore.gov.bc.ca/wrfdel/calpuff/3ddat/201901/d02/0334/x032y342x041y351.201901.10x10.d02.m3d
x032y352x041y361.201901.10x10.d02.m3d,2019,1,d02,335,32,352,41,361,59.62310028,-137.1660004,60.01079941,-136.6873016,https://nrs.objectstore.gov.bc.ca/wrfdel/calpuff/3ddat/201901/d02/0335/x032y352x041y361.201901.10x10.d02.m3d
x032y362x041y371.201901.10x10.d02.m3d,2019,1,d02,336,32,362,41,371,59.97180176,-137.331604,60.35990143,-136.8498993,https://nrs.objectstore.gov.bc.ca/wrfdel/calpuff/3ddat/201901/d02/0336/x032y362x041y371.201901.10x10.d02.m3d
x032y372x041y373.201901.10x10.d02.m3d,2019,1,d02,337,32,372,41,373,60.32020187,-137.5005035,60.42969894,-136.8827972,https://nrs.objectstore.gov.bc.ca/wrfdel/calpuff/3ddat/201901/d02/0337/x032y372x041y373.201901.10x10.d02.m3d
x042y002x051y011.201901.10x10.d02.m3d,2019,1,d02,400,42,2,51,11,47.37099838,-132.3885956,47.73970032,-131.9958038,https://nrs.objectstore.gov.bc.ca/wrfdel/calpuff/3ddat/201901/d02/0400/x042y002x051y011.201901.10x10.d02.m3d
x042y012x051y021.201901.10x10.d02.m3d,2019,1,d02,401,42,12,51,21,47.72290039,-132.4756927,48.09220123,-132.0805969,https://nrs.objectstore.gov.bc.ca/wrfdel/calpuff/3ddat/201901/d02/0401/x042y012x051y021.201901.10x10.d02.m3d
x042y022x051y031.201901.10x10.d02.m3d,2019,1,d02,402,42,22,51,31,48.07500076,-132.5641022,48.44490051,-132.1667023,https://nrs.objectstore.gov.bc.ca/wrfdel/calpuff/3ddat/201901/d02/0402/x042y022x051y031.201901.10x10.d02.m3d
x042y032x051y041.201901.10x10.d02.m3d,2019,1,d02,403,42,32,51,41,48.4272995,-132.6537933,48.79779816,-132.2541046,https://nrs.objectstore.gov.bc.ca/wrfdel/calpuff/3ddat/201901/d02/0403/x042y032x051y041.201901.10x10.d02.m3d
x042y042x051y051.201901.10x10.d02.m3d,2019,1,d02,404,42,42,51,51,48.77970123,-132.7449951,49.1507988,-132.3428955,https://nrs.objectstore.gov.bc.ca/wrfdel/calpuff/3ddat/201901/d02/0404/x042y042x051y051.201901.10x10.d02.m3d
x042y052x051y061.201901.10x10.d02.m3d,2019,1,d02,405,42,52,51,61,49.13230133,-132.8374939,49.50400162,-132.4329987,https://nrs.objectstore.gov.bc.ca/wrfdel/calpuff/3ddat/201901/d02/0405/x042y052x051y061.201901.10x10.d02.m3d
x042y062x051y071.201901.10x10.d02.m3d,2019,1,d02,406,42,62,51,71,49.48500061,-132.9313965,49.85720062,-132.5245972,https://nrs.objectstore.gov.bc.ca/wrfdel/calpuff/3ddat/201901/d02/0406/x042y062x051y071.201901.10x10.d02.m3d
x042y072x051y081.201901.10x10.d02.m3d,2019,1,d02,407,42,72,51,81,49.83789825,-133.0269012,50.21060181,-132.6175995,https://nrs.objectstore.gov.bc.ca/wrfdel/calpuff/3ddat/201901/d02/0407/x042y072x051y081.201901.10x10.d02.m3d
x042y082x051y091.201901.10x10.d02.m3d,2019,1,d02,408,42,82,51,91,50.19079971,-133.1237946,50.56409836,-132.7120972,https://nrs.objectstore.gov.bc.ca/wrfdel/calpuff/3ddat/201901/d02/0408/x042y082x051y091.201901.10x10.d02.m3d
x042y092x051y101.201901.10x10.d02.m3d,2019,1,d02,409,42,92,51,101,50.54380035,-133.2223053,50.91770172,-132.8081055,https://nrs.objectstore.gov.bc.ca/wrfdel/calpuff/3ddat/201901/d02/0409/x042y092x051y101.201901.10x10.d02.m3d
x042y102x051y111.201901.10x10.d02.m3d,2019,1,d02,410,42,102,51,111,50.89690018,-133.322403,51.27130127,-132.9057007,https://nrs.objectstore.gov.bc.ca/wrfdel/calpuff/3ddat/201901/d02/0410/x042y102x051y111.201901.10x10.d02.m3d
x042y112x051y121.201901.10x10.d02.m3d,2019,1,d02,411,42,112,51,121,51.25009918,-133.4241028,51.625,-133.0048981,https://nrs.objectstore.gov.bc.ca/wrfdel/calpuff/3ddat/201901/d02/0411/x042y112x051y121.201901.10x10.d02.m3d
x042y122x051y131.201901.10x10.d02.m3d,2019,1,d02,412,42,122,51,131,51.60329819,-133.5274048,51.97869873,-133.1056976,https://nrs.objectstore.gov.bc.ca/wrfdel/calpuff/3ddat/201901/d02/0412/x042y122x051y131.201901.10x10.d02.m3d
x042y132x051y141.201901.10x10.d02.m3d,2019,1,d02,413,42,132,51,141,51.95660019,-133.6324005,52.33250046,-133.2080994,https://nrs.objectstore.gov.bc.ca/wrfdel/calpuff/3ddat/201901/d02/0413/x042y132x051y141.201901.10x10.d02.m3d
x042y142x051y151.201901.10x10.d02.m3d,2019,1,d02,414,42,142,51,151,52.30979919,-133.7391968,52.68629837,-133.3123016,https://nrs.objectstore.gov.bc.ca/wrfdel/calpuff/3ddat/201901/d02/0414/x042y142x051y151.201901.10x10.d02.m3d
x042y152x051y161.201901.10x10.d02.m3d,2019,1,d02,415,42,152,51,161,52.6631012,-133.8477936,53.04000092,-133.4181976,https://nrs.objectstore.gov.bc.ca/wrfdel/calpuff/3ddat/201901/d02/0415/x042y152x051y161.201901.10x10.d02.m3d
x042y162x051y171.201901.10x10.d02.m3d,2019,1,d02,416,42,162,51,171,53.01639938,-133.9582062,53.39379883,-133.526001,https://nrs.objectstore.gov.bc.ca/wrfdel/calpuff/3ddat/201901/d02/0416/x042y162x051y171.201901.10x10.d02.m3d
x042y172x051y181.201901.10x10.d02.m3d,2019,1,d02,417,42,172,51,181,53.36959839,-134.0704041,53.74750137,-133.6356049,https://nrs.objectstore.gov.bc.ca/wrfdel/calpuff/3ddat/201901/d02/0417/x042y172x051y181.201901.10x10.d02.m3d
x042y182x051y191.201901.10x10.d02.m3d,2019,1,d02,418,42,182,51,191,53.72280121,-134.1846008,54.1012001,-133.746994,https://nrs.objectstore.gov.bc.ca/wrfdel/calpuff/3ddat/201901/d02/0418/x042y182x051y191.201901.10x10.d02.m3d
x042y192x051y201.201901.10x10.d02.m3d,2019,1,d02,419,42,192,51,201,54.07590103,-134.3007965,54.45479965,-133.8605042,https://nrs.objectstore.gov.bc.ca/wrfdel/calpuff/3ddat/201901/d02/0419/x042y192x051y201.201901.10x10.d02.m3d
x042y202x051y211.201901.10x10.d02.m3d,2019,1,d02,420,42,202,51,211,54.42900085,-134.4188995,54.80830002,-133.9759064,https://nrs.objectstore.gov.bc.ca/wrfdel/calpuff/3ddat/201901/d02/0420/x042y202x051y211.201901.10x10.d02.m3d
x042y212x051y221.201901.10x10.d02.m3d,2019,1,d02,421,42,212,51,221,54.7818985,-134.5391998,55.1617012,-134.093399,https://nrs.objectstore.gov.bc.ca/wrfdel/calpuff/3ddat/201901/d02/0421/x042y212x051y221.201901.10x10.d02.m3d
x042y222x051y231.201901.10x10.d02.m3d,2019,1,d02,422,42,222,51,231,55.13479996,-134.661499,55.51499939,-134.2129059,https://nrs.objectstore.gov.bc.ca/wrfdel/calpuff/3ddat/201901/d02/0422/x042y222x051y231.201901.10x10.d02.m3d
x042y232x051y241.201901.10x10.d02.m3d,2019,1,d02,423,42,232,51,241,55.48749924,-134.7861023,55.86819839,-134.3345947,https://nrs.objectstore.gov.bc.ca/wrfdel/calpuff/3ddat/201901/d02/0423/x042y232x051y241.201901.10x10.d02.m3d
x042y242x051y251.201901.10x10.d02.m3d,2019,1,d02,424,42,242,51,251,55.84009933,-134.9129028,56.22119904,-134.4586029,https://nrs.objectstore.gov.bc.ca/wrfdel/calpuff/3ddat/201901/d02/0424/x042y242x051y251.201901.10x10.d02.m3d
x042y252x051y261.201901.10x10.d02.m3d,2019,1,d02,425,42,252,51,261,56.19250107,-135.0420074,56.57400131,-134.5847931,https://nrs.objectstore.gov.bc.ca/wrfdel/calpuff/3ddat/201901/d02/0425/x042y252x051y261.201901.10x10.d02.m3d
x042y262x051y271.201901.10x10.d02.m3d,2019,1,d02,426,42,262,51,271,56.5447998,-135.1734009,56.92670059,-134.7133026,https://nrs.objectstore.gov.bc.ca/wrfdel/calpuff/3ddat/201901/d02/0426/x042y262x051y271.201901.10x10.d02.m3d
x042y272x051y281.201901.10x10.d02.m3d,2019,1,d02,427,42,272,51,281,56.89690018,-135.3072968,57.27920151,-134.8442993,https://nrs.objectstore.gov.bc.ca/wrfdel/calpuff/3ddat/201901/d02/0427/x042y272x051y281.201901.10x10.d02.m3d
x042y282x051y291.201901.10x10.d02.m3d,2019,1,d02,428,42,282,51,291,57.24869919,-135.4436951,57.63140106,-134.9777069,https://nrs.objectstore.gov.bc.ca/wrfdel/calpuff/3ddat/201901/d02/0428/x042y282x051y291.201901.10x10.d02.m3d
x042y292x051y301.201901.10x10.d02.m3d,2019,1,d02,429,42,292,51,301,57.60029984,-135.5825958,57.98339844,-135.1136017,https://nrs.objectstore.gov.bc.ca/wrfdel/calpuff/3ddat/201901/d02/0429/x042y292x051y301.201901.10x10.d02.m3d
x042y302x051y311.201901.10x10.d02.m3d,2019,1,d02,430,42,302,51,311,57.9516983,-135.7241974,58.33520126,-135.2521973,https://nrs.objectstore.gov.bc.ca/wrfdel/calpuff/3ddat/201901/d02/0430/x042y302x051y311.201901.10x10.d02.m3d
x042y312x051y321.201901.10x10.d02.m3d,2019,1,d02,431,42,312,51,321,58.30279922,-135.8684998,58.68669891,-135.3934021,https://nrs.objectstore.gov.bc.ca/wrfdel/calpuff/3ddat/201901/d02/0431/x042y312x051y321.201901.10x10.d02.m3d
x042y322x051y331.201901.10x10.d02.m3d,2019,1,d02,432,42,322,51,331,58.65370178,-136.0155945,59.03789902,-135.5373993,https://nrs.objectstore.gov.bc.ca/wrfdel/calpuff/3ddat/201901/d02/0432/x042y322x051y331.201901.10x10.d02.m3d
x042y332x051y341.201901.10x10.d02.m3d,2019,1,d02,433,42,332,51,341,59.00419998,-136.1654968,59.38880157,-135.6842957,https://nrs.objectstore.gov.bc.ca/wrfdel/calpuff/3ddat/201901/d02/0433/x042y332x051y341.201901.10x10.d02.m3d
x042y342x051y351.201901.10x10.d02.m3d,2019,1,d02,434,42,342,51,351,59.35440063,-136.3184052,59.73929977,-135.8341064,https://nrs.objectstore.gov.bc.ca/wrfdel/calpuff/3ddat/201901/d02/0434/x042y342x051y351.201901.10x10.d02.m3d
x042y352x051y361.201901.10x10.d02.m3d,2019,1,d02,435,42,352,51,361,59.70429993,-136.4743958,60.08950043,-135.9868927,https://nrs.objectstore.gov.bc.ca/wrfdel/calpuff/3ddat/201901/d02/0435/x042y352x051y361.201901.10x10.d02.m3d
x042y362x051y371.201901.10x10.d02.m3d,2019,1,d02,436,42,362,51,371,60.05379868,-136.6334076,60.43939972,-136.142807,https://nrs.objectstore.gov.bc.ca/wrfdel/calpuff/3ddat/201901/d02/0436/x042y362x051y371.201901.10x10.d02.m3d
x042y372x051y373.201901.10x10.d02.m3d,2019,1,d02,437,42,372,51,373,60.4029007,-136.7957001,60.50930023,-136.1743011,https://nrs.objectstore.gov.bc.ca/wrfdel/calpuff/3ddat/201901/d02/0437/x042y372x051y373.201901.10x10.d02.m3d
x052y002x061y011.201901.10x10.d02.m3d,2019,1,d02,500,52,2,61,11,47.42819977,-131.8684998,47.79499817,-131.4712067,https://nrs.objectstore.gov.bc.ca/wrfdel/calpuff/3ddat/201901/d02/0500/x052y002x061y011.201901.10x10.d02.m3d
x052y012x061y021.201901.10x10.d02.m3d,2019,1,d02,501,52,12,61,21,47.7806015,-131.9517975,48.14799881,-131.5520935,https://nrs.objectstore.gov.bc.ca/wrfdel/calpuff/3ddat/201901/d02/0501/x052y012x061y021.201901.10x10.d02.m3d
x052y022x061y031.201901.10x10.d02.m3d,2019,1,d02,502,52,22,61,31,48.1332016,-132.0363007,48.50109863,-131.634201,https://nrs.objectstore.gov.bc.ca/wrfdel/calpuff/3ddat/201901/d02/0502/x052y022x061y031.201901.10x10.d02.m3d
x052y032x061y041.201901.10x10.d02.m3d,2019,1,d02,503,52,32,61,41,48.48600006,-132.1221924,48.85449982,-131.7176971,https://nrs.objectstore.gov.bc.ca/wrfdel/calpuff/3ddat/201901/d02/0503/x052y032x061y041.201901.10x10.d02.m3d
x052y042x061y051.201901.10x10.d02.m3d,2019,1,d02,504,52,42,61,51,48.83890152,-132.2093048,49.207901,-131.8023987,https://nrs.objectstore.gov.bc.ca/wrfdel/calpuff/3ddat/201901/d02/0504/x052y042x061y051.201901.10x10.d02.m3d
x052y052x061y061.201901.10x10.d02.m3d,2019,1,d02,505,52,52,61,61,49.19200134,-132.2978058,49.56159973,-131.8883972,https://nrs.objectstore.gov.bc.ca/wrfdel/calpuff/3ddat/201901/d02/0505/x052y052x061y061.201901.10x10.d02.m3d
x052y062x061y071.201901.10x10.d02.m3d,2019,1,d02,506,52,62,61,71,49.54520035,-132.3876953,49.91529846,-131.9757996,https://nrs.objectstore.gov.bc.ca/wrfdel/calpuff/3ddat/201901/d02/0506/x052y062x061y071.201901.10x10.d02.m3d
x052y072x061y081.201901.10x10.d02.m3d,2019,1,d02,507,52,72,61,81,49.89849854,-132.4790039,50.26919937,-132.0646057,https://nrs.objectstore.gov.bc.ca/wrfdel/calpuff/3ddat/201901/d02/0507/x052y072x061y081.201901.10x10.d02.m3d
x052y082x061y091.201901.10x10.d02.m3d,2019,1,d02,508,52,82,61,91,50.2519989,-132.571701,50.62319946,-132.1548004,https://nrs.objectstore.gov.bc.ca/wrfdel/calpuff/3ddat/201901/d02/0508/x052y082x061y091.201901.10x10.d02.m3d
x052y092x061y101.201901.10x10.d02.m3d,2019,1,d02,509,52,92,61,101,50.60549927,-132.6658936,50.97729874,-132.2465057,https://nrs.objectstore.gov.bc.ca/wrfdel/calpuff/3ddat/201901/d02/0509/x052y092x061y101.201901.10x10.d02.m3d
x052y102x061y111.201901.10x10.d02.m3d,2019,1,d02,510,52,102,61,111,50.95909882,-132.7617035,51.33140182,-132.3395996,https://nrs.objectstore.gov.bc.ca/wrfdel/calpuff/3ddat/201901/d02/0510/x052y102x061y111.201901.10x10.d02.m3d
x052y112x061y121.201901.10x10.d02.m3d,2019,1,d02,511,52,112,61,121,51.31280136,-132.8589935,51.68560028,-132.4342957,https://nrs.objectstore.gov.bc.ca/wrfdel/calpuff/3ddat/201901/d02/0511/x052y112x061y121.201901.10x10.d02.m3d
x052y122x061y131.201901.10x10.d02.m3d,2019,1,d02,512,52,122,61,131,51.66659927,-132.9577942,52.03990173,-132.5305023,https://nrs.objectstore.gov.bc.ca/wrfdel/calpuff/3ddat/201901/d02/0512/x052y122x061y131.201901.10x10.d02.m3d
x052y132x061y141.201901.10x10.d02.m3d,2019,1,d02,513,52,132,61,141,52.020401,-133.0583954,52.39419937,-132.6284027,https://nrs.objectstore.gov.bc.ca/wrfdel/calpuff/3ddat/201901/d02/0513/x052y132x061y141.201901.10x10.d02.m3d
x052y142x061y151.201901.10x10.d02.m3d,2019,1,d02,514,52,142,61,151,52.37419891,-133.1605072,52.74850082,-132.7277985,https://nrs.objectstore.gov.bc.ca/wrfdel/calpuff/3ddat/201901/d02/0514/x052y142x061y151.201901.10x10.d02.m3d
x052y152x061y161.201901.10x10.d02.m3d,2019,1,d02,515,52,152,61,161,52.72800064,-133.2644043,53.10279846,-132.8289948,https://nrs.objectstore.gov.bc.ca/wrfdel/calpuff/3ddat/201901/d02/0515/x052y152x061y161.201901.10x10.d02.m3d
x052y162x061y171.201901.10x10.d02.m3d,2019,1,d02,516,52,162,61,171,53.08179855,-133.3699951,53.45709991,-132.9319,https://nrs.objectstore.gov.bc.ca/wrfdel/calpuff/3ddat/201901/d02/0516/x052y162x061y171.201901.10x10.d02.m3d
x052y172x061y181.201901.10x10.d02.m3d,2019,1,d02,517,52,172,61,181,53.43560028,-133.4774933,53.81129837,-133.036499,https://nrs.objectstore.gov.bc.ca/wrfdel/calpuff/3ddat/201901/d02/0517/x052y172x061y181.201901.10x10.d02.m3d
x052y182x061y191.201901.10x10.d02.m3d,2019,1,d02,518,52,182,61,191,53.78939819,-133.5868073,54.16559982,-133.1430054,https://nrs.objectstore.gov.bc.ca/wrfdel/calpuff/3ddat/201901/d02/0518/x052y182x061y191.201901.10x10.d02.m3d
x052y192x061y201.201901.10x10.d02.m3d,2019,1,d02,519,52,192,61,201,54.14310074,-133.6979065,54.5196991,-133.251297,https://nrs.objectstore.gov.bc.ca/wrfdel/calpuff/3ddat/201901/d02/0519/x052y192x061y201.201901.10x10.d02.m3d
x052y202x061y211.201901.10x10.d02.m3d,2019,1,d02,520,52,202,61,211,54.49679947,-133.8110046,54.87379837,-133.3616028,https://nrs.objectstore.gov.bc.ca/wrfdel/calpuff/3ddat/201901/d02/0520/x052y202x061y211.201901.10x10.d02.m3d
x052y212x061y221.201901.10x10.d02.m3d,2019,1,d02,521,52,212,61,221,54.85029984,-133.9261932,55.22779846,-133.4738007,https://nrs.objectstore.gov.bc.ca/wrfdel/calpuff/3ddat/201901/d02/0521/x052y212x061y221.201901.10x10.d02.m3d
x052y222x061y231.201901.10x10.d02.m3d,2019,1,d02,522,52,222,61,231,55.2038002,-134.0433044,55.58169937,-133.5879974,https://nrs.objectstore.gov.bc.ca/wrfdel/calpuff/3ddat/201901/d02/0522/x052y222x061y231.201901.10x10.d02.m3d
x052y232x061y241.201901.10x10.d02.m3d,2019,1,d02,523,52,232,61,241,55.55709839,-134.1625061,55.9355011,-133.7041931,https://nrs.objectstore.gov.bc.ca/wrfdel/calpuff/3ddat/201901/d02/0523/x052y232x061y241.201901.10x10.d02.m3d
x052y242x061y251.201901.10x10.d02.m3d,2019,1,d02,524,52,242,61,251,55.91030121,-134.283905,56.28910065,-133.8226013,https://nrs.objectstore.gov.bc.ca/wrfdel/calpuff/3ddat/201901/d02/0524/x052y242x061y251.201901.10x10.d02.m3d
x052y252x061y261.201901.10x10.d02.m3d,2019,1,d02,525,52,252,61,261,56.26340103,-134.4075928,56.64260101,-133.9432068,https://nrs.objectstore.gov.bc.ca/wrfdel/calpuff/3ddat/201901/d02/0525/x052y252x061y261.201901.10x10.d02.m3d
x052y262x061y271.201901.10x10.d02.m3d,2019,1,d02,526,52,262,61,271,56.61629868,-134.5334015,56.9958992,-134.0659943,https://nrs.objectstore.gov.bc.ca/wrfdel/calpuff/3ddat/201901/d02/0526/x052y262x061y271.201901.10x10.d02.m3d
x052y272x061y281.201901.10x10.d02.m3d,2019,1,d02,527,52,272,61,281,56.96900177,-134.6616058,57.34899902,-134.1911926,https://nrs.objectstore.gov.bc.ca/wrfdel/calpuff/3ddat/201901/d02/0527/x052y272x061y281.201901.10x10.d02.m3d
x052y282x061y291.201901.10x10.d02.m3d,2019,1,d02,528,52,282,61,291,57.32149887,-134.7922058,57.7018013,-134.3186951,https://nrs.objectstore.gov.bc.ca/wrfdel/calpuff/3ddat/201901/d02/0528/x052y282x061y291.201901.10x10.d02.m3d
x052y292x061y301.201901.10x10.d02.m3d,2019,1,d02,529,52,292,61,301,57.67380142,-134.925293,58.05450058,-134.4485931,https://nrs.objectstore.gov.bc.ca/wrfdel/calpuff/3ddat/201901/d02/0529/x052y292x061y301.201901.10x10.d02.m3d
x052y302x061y311.201901.10x10.d02.m3d,2019,1,d02,530,52,302,61,311,58.02590179,-135.0608978,58.4068985,-134.5809937,https://nrs.objectstore.gov.bc.ca/wrfdel/calpuff/3ddat/201901/d02/0530/x052y302x061y311.201901.10x10.d02.m3d
x052y312x061y321.201901.10x10.d02.m3d,2019,1,d02,531,52,312,61,321,58.37770081,-135.1990967,58.75910187,-134.7160034,https://nrs.objectstore.gov.bc.ca/wrfdel/calpuff/3ddat/201901/d02/0531/x052y312x061y321.201901.10x10.d02.m3d
x052y322x061y331.201901.10x10.d02.m3d,2019,1,d02,532,52,322,61,331,58.72919846,-135.3399963,59.11100006,-134.8536987,https://nrs.objectstore.gov.bc.ca/wrfdel/calpuff/3ddat/201901/d02/0532/x052y322x061y331.201901.10x10.d02.m3d
x052y332x061y341.201901.10x10.d02.m3d,2019,1,d02,533,52,332,61,341,59.08050156,-135.4837036,59.46260071,-134.9940948,https://nrs.objectstore.gov.bc.ca/wrfdel/calpuff/3ddat/201901/d02/0533/x052y332x061y341.201901.10x10.d02.m3d
x052y342x061y351.201901.10x10.d02.m3d,2019,1,d02,534,52,342,61,351,59.4314003,-135.6302032,59.81380081,-135.1372986,https://nrs.objectstore.gov.bc.ca/wrfdel/calpuff/3ddat/201901/d02/0534/x052y342x061y351.201901.10x10.d02.m3d
x052y352x061y361.201901.10x10.d02.m3d,2019,1,d02,535,52,352,61,361,59.7820015,-135.7796021,60.16469955,-135.2834015,https://nrs.objectstore.gov.bc.ca/wrfdel/calpuff/3ddat/201901/d02/0535/x052y352x061y361.201901.10x10.d02.m3d
x052y362x061y371.201901.10x10.d02.m3d,2019,1,d02,536,52,362,61,371,60.13219833,-135.9320068,60.51530075,-135.4324036,https://nrs.objectstore.gov.bc.ca/wrfdel/calpuff/3ddat/201901/d02/0536/x052y362x061y371.201901.10x10.d02.m3d
x052y372x061y373.201901.10x10.d02.m3d,2019,1,d02,537,52,372,61,373,60.48210144,-136.0876007,60.58539963,-135.4626007,https://nrs.objectstore.gov.bc.ca/wrfdel/calpuff/3ddat/201901/d02/0537/x052y372x061y373.201901.10x10.d02.m3d
x062y002x071y011.201901.10x10.d02.m3d,2019,1,d02,600,62,2,71,11,47.48279953,-131.3471985,47.84759903,-130.9452972,https://nrs.objectstore.gov.bc.ca/wrfdel/calpuff/3ddat/201901/d02/0600/x062y002x071y011.201901.10x10.d02.m3d
x062y012x071y021.201901.10x10.d02.m3d,2019,1,d02,601,62,12,71,21,47.83570099,-131.4266052,48.20100021,-131.0222931,https://nrs.objectstore.gov.bc.ca/wrfdel/calpuff/3ddat/201901/d02/0601/x062y012x071y021.201901.10x10.d02.m3d
x062y022x071y031.201901.10x10.d02.m3d,2019,1,d02,602,62,22,71,31,48.18870163,-131.5072937,48.55459976,-131.1004944,https://nrs.objectstore.gov.bc.ca/wrfdel/calpuff/3ddat/201901/d02/0602/x062y022x071y031.201901.10x10.d02.m3d
x062y032x071y041.201901.10x10.d02.m3d,2019,1,d02,603,62,32,71,41,48.54190063,-131.5892029,48.90840149,-131.1799011,https://nrs.objectstore.gov.bc.ca/wrfdel/calpuff/3ddat/201901/d02/0603/x062y032x071y041.201901.10x10.d02.m3d
x062y042x071y051.201901.10x10.d02.m3d,2019,1,d02,604,62,42,71,51,48.89530182,-131.6723022,49.26229858,-131.2606049,https://nrs.objectstore.gov.bc.ca/wrfdel/calpuff/3ddat/201901/d02/0604/x062y042x071y051.201901.10x10.d02.m3d
x062y052x071y061.201901.10x10.d02.m3d,2019,1,d02,605,62,52,71,61,49.24890137,-131.7568054,49.61640167,-131.3424072,https://nrs.objectstore.gov.bc.ca/wrfdel/calpuff/3ddat/201901/d02/0605/x062y052x071y061.201901.10x10.d02.m3d
x062y062x071y071.201901.10x10.d02.m3d,2019,1,d02,606,62,62,71,71,49.6026001,-131.8424988,49.97069931,-131.425705,https://nrs.objectstore.gov.bc.ca/wrfdel/calpuff/3ddat/201901/d02/0606/x062y062x071y071.201901.10x10.d02.m3d
x062y072x071y081.201901.10x10.d02.m3d,2019,1,d02,607,62,72,71,81,49.95640182,-131.9295959,50.32500076,-131.5101929,https://nrs.objectstore.gov.bc.ca/wrfdel/calpuff/3ddat/201901/d02/0607/x062y072x071y081.201901.10x10.d02.m3d
x062y082x071y091.201901.10x10.d02.m3d,2019,1,d02,608,62,82,71,91,50.31029892,-132.0180969,50.67950058,-131.595993,https://nrs.objectstore.gov.bc.ca/wrfdel/calpuff/3ddat/201901/d02/0608/x062y082x071y091.201901.10x10.d02.m3d
x062y092x071y101.201901.10x10.d02.m3d,2019,1,d02,609,62,92,71,101,50.66439819,-132.1080933,51.0340004,-131.6833038,https://nrs.objectstore.gov.bc.ca/wrfdel/calpuff/3ddat/201901/d02/0609/x062y092x071y101.201901.10x10.d02.m3d
x062y102x071y111.201901.10x10.d02.m3d,2019,1,d02,610,62,102,71,111,51.01850128,-132.1994019,51.38869858,-131.7720032,https://nrs.objectstore.gov.bc.ca/wrfdel/calpuff/3ddat/201901/d02/0610/x062y102x071y111.201901.10x10.d02.m3d
x062y112x071y121.201901.10x10.d02.m3d,2019,1,d02,611,62,112,71,121,51.37269974,-132.2922974,51.74340057,-131.8621979,https://nrs.objectstore.gov.bc.ca/wrfdel/calpuff/3ddat/201901/d02/0611/x062y112x071y121.201901.10x10.d02.m3d
x062y122x071y131.201901.10x10.d02.m3d,2019,1,d02,612,62,122,71,131,51.72700119,-132.3867035,52.09809875,-131.9537964,https://nrs.objectstore.gov.bc.ca/wrfdel/calpuff/3ddat/201901/d02/0612/x062y122x071y131.201901.10x10.d02.m3d
x062y132x071y141.201901.10x10.d02.m3d,2019,1,d02,613,62,132,71,141,52.08129883,-132.482605,52.45289993,-132.0469971,https://nrs.objectstore.gov.bc.ca/wrfdel/calpuff/3ddat/201901/d02/0613/x062y132x071y141.201901.10x10.d02.m3d
x062y142x071y151.201901.10x10.d02.m3d,2019,1,d02,614,62,142,71,151,52.43560028,-132.5800934,52.80770111,-132.1416931,https://nrs.objectstore.gov.bc.ca/wrfdel/calpuff/3ddat/201901/d02/0614/x062y142x071y151.201901.10x10.d02.m3d
x062y152x071y161.201901.10x10.d02.m3d,2019,1,d02,615,62,152,71,161,52.79000092,-132.679306,53.16249847,-132.2380066,https://nrs.objectstore.gov.bc.ca/wrfdel/calpuff/3ddat/201901/d02/0615/x062y152x071y161.201901.10x10.d02.m3d
x062y162x071y171.201901.10x10.d02.m3d,2019,1,d02,616,62,162,71,171,53.14429855,-132.7801056,53.51739883,-132.3359985,https://nrs.objectstore.gov.bc.ca/wrfdel/calpuff/3ddat/201901/d02/0616/x062y162x071y171.201901.10x10.d02.m3d
x062y172x071y181.201901.10x10.d02.m3d,2019,1,d02,617,62,172,71,181,53.49869919,-132.8827057,53.87210083,-132.4356995,https://nrs.objectstore.gov.bc.ca/wrfdel/calpuff/3ddat/201901/d02/0617/x062y172x071y181.201901.10x10.d02.m3d
x062y182x071y191.201901.10x10.d02.m3d,2019,1,d02,618,62,182,71,191,53.85300064,-132.9869995,54.22689819,-132.5370941,https://nrs.objectstore.gov.bc.ca/wrfdel/calpuff/3ddat/201901/d02/0618/x062y182x071y191.201901.10x10.d02.m3d
x062y192x071y201.201901.10x10.d02.m3d,2019,1,d02,619,62,192,71,201,54.20729828,-133.0932007,54.58160019,-132.6403046,https://nrs.objectstore.gov.bc.ca/wrfdel/calpuff/3ddat/201901/d02/0619/x062y192x071y201.201901.10x10.d02.m3d
x062y202x071y211.201901.10x10.d02.m3d,2019,1,d02,620,62,202,71,211,54.56150055,-133.2012024,54.93619919,-132.7453003,https://nrs.objectstore.gov.bc.ca/wrfdel/calpuff/3ddat/201901/d02/0620/x062y202x071y211.201901.10x10.d02.m3d
x062y212x071y221.201901.10x10.d02.m3d,2019,1,d02,621,62,212,71,221,54.91559982,-133.3110962,55.29079819,-132.8522034,https://nrs.objectstore.gov.bc.ca/wrfdel/calpuff/3ddat/201901/d02/0621/x062y212x071y221.201901.10x10.d02.m3d
x062y222x071y231.201901.10x10.d02.m3d,2019,1,d02,622,62,222,71,231,55.2696991,-133.4230042,55.64519882,-132.9609985,https://nrs.objectstore.gov.bc.ca/wrfdel/calpuff/3ddat/201901/d02/0622/x062y222x071y231.201901.10x10.d02.m3d
x062y232x071y241.201901.10x10.d02.m3d,2019,1,d02,623,62,232,71,241,55.62360001,-133.5368042,55.99959946,-133.0717926,https://nrs.objectstore.gov.bc.ca/wrfdel/calpuff/3ddat/201901/d02/0623/x062y232x071y241.201901.10x10.d02.m3d
x062y242x071y251.201901.10x10.d02.m3d,2019,1,d02,624,62,242,71,251,55.97740173,-133.6528015,56.35380173,-133.1846008,https://nrs.objectstore.gov.bc.ca/wrfdel/calpuff/3ddat/201901/d02/0624/x062y242x071y251.201901.10x10.d02.m3d
x062y252x071y261.201901.10x10.d02.m3d,2019,1,d02,625,62,252,71,261,56.33110046,-133.7707977,56.70780182,-133.2993927,https://nrs.objectstore.gov.bc.ca/wrfdel/calpuff/3ddat/201901/d02/0625/x062y252x071y261.201901.10x10.d02.m3d
x062y262x071y271.201901.10x10.d02.m3d,2019,1,d02,626,62,262,71,271,56.68460083,-133.891098,57.06169891,-133.4165039,https://nrs.objectstore.gov.bc.ca/wrfdel/calpuff/3ddat/201901/d02/0626/x062y262x071y271.201901.10x10.d02.m3d
x062y272x071y281.201901.10x10.d02.m3d,2019,1,d02,627,62,272,71,281,57.03789902,-134.0135956,57.41540146,-133.5357056,https://nrs.objectstore.gov.bc.ca/wrfdel/calpuff/3ddat/201901/d02/0627/x062y272x071y281.201901.10x10.d02.m3d
x062y282x071y291.201901.10x10.d02.m3d,2019,1,d02,628,62,282,71,291,57.39110184,-134.1383057,57.76890182,-133.657196,https://nrs.objectstore.gov.bc.ca/wrfdel/calpuff/3ddat/201901/d02/0628/x062y282x071y291.201901.10x10.d02.m3d
x062y292x071y301.201901.10x10.d02.m3d,2019,1,d02,629,62,292,71,301,57.74399948,-134.2655029,58.12220001,-133.7810974,https://nrs.objectstore.gov.bc.ca/wrfdel/calpuff/3ddat/201901/d02/0629/x062y292x071y301.201901.10x10.d02.m3d
x062y302x071y311.201901.10x10.d02.m3d,2019,1,d02,630,62,302,71,311,58.09669876,-134.3950043,58.47529984,-133.9073029,https://nrs.objectstore.gov.bc.ca/wrfdel/calpuff/3ddat/201901/d02/0630/x062y302x071y311.201901.10x10.d02.m3d
x062y312x071y321.201901.10x10.d02.m3d,2019,1,d02,631,62,312,71,321,58.44919968,-134.5270996,58.8280983,-134.0359955,https://nrs.objectstore.gov.bc.ca/wrfdel/calpuff/3ddat/201901/d02/0631/x062y312x071y321.201901.10x10.d02.m3d
x062y322x071y331.201901.10x10.d02.m3d,2019,1,d02,632,62,322,71,331,58.80139923,-134.6616974,59.18059921,-134.1672058,https://nrs.objectstore.gov.bc.ca/wrfdel/calpuff/3ddat/201901/d02/0632/x062y322x071y331.201901.10x10.d02.m3d
x062y332x071y341.201901.10x10.d02.m3d,2019,1,d02,633,62,332,71,341,59.15330124,-134.798996,59.53279877,-134.3011017,https://nrs.objectstore.gov.bc.ca/wrfdel/calpuff/3ddat/201901/d02/0633/x062y332x071y341.201901.10x10.d02.m3d
x062y342x071y351.201901.10x10.d02.m3d,2019,1,d02,634,62,342,71,351,59.50490189,-134.9389954,59.88479996,-134.4376068,https://nrs.objectstore.gov.bc.ca/wrfdel/calpuff/3ddat/201901/d02/0634/x062y342x071y351.201901.10x10.d02.m3d
x062y352x071y361.201901.10x10.d02.m3d,2019,1,d02,635,62,352,71,361,59.85620117,-135.0818024,60.2364006,-134.5769043,https://nrs.objectstore.gov.bc.ca/wrfdel/calpuff/3ddat/201901/d02/0635/x062y352x071y361.201901.10x10.d02.m3d
x062y362x071y371.201901.10x10.d02.m3d,2019,1,d02,636,62,362,71,371,60.20709991,-135.2276001,60.58760071,-134.7189941,https://nrs.objectstore.gov.bc.ca/wrfdel/calpuff/3ddat/201901/d02/0636/x062y362x071y371.201901.10x10.d02.m3d
x062y372x071y373.201901.10x10.d02.m3d,2019,1,d02,637,62,372,71,373,60.55770111,-135.3762054,60.65779877,-134.7478027,https://nrs.objectstore.gov.bc.ca/wrfdel/calpuff/3ddat/201901/d02/0637/x062y372x071y373.201901.10x10.d02.m3d
x072y002x081y011.201901.10x10.d02.m3d,2019,1,d02,700,72,2,81,11,47.53480148,-130.8246002,47.89759827,-130.4181976,https://nrs.objectstore.gov.bc.ca/wrfdel/calpuff/3ddat/201901/d02/0700/x072y002x081y011.201901.10x10.d02.m3d
x072y012x081y021.201901.10x10.d02.m3d,2019,1,d02,701,72,12,81,21,47.88809967,-130.9002075,48.25139999,-130.4913025,https://nrs.objectstore.gov.bc.ca/wrfdel/calpuff/3ddat/201901/d02/0701/x072y012x081y021.201901.10x10.d02.m3d
x072y022x081y031.201901.10x10.d02.m3d,2019,1,d02,702,72,22,81,31,48.24160004,-130.977005,48.60540009,-130.5655975,https://nrs.objectstore.gov.bc.ca/wrfdel/calpuff/3ddat/201901/d02/0702/x072y022x081y031.201901.10x10.d02.m3d
x072y032x081y041.201901.10x10.d02.m3d,2019,1,d02,703,72,32,81,41,48.59519958,-131.0549011,48.95959854,-130.6408997,https://nrs.objectstore.gov.bc.ca/wrfdel/calpuff/3ddat/201901/d02/0703/x072y032x081y041.201901.10x10.d02.m3d
x072y042x081y051.201901.10x10.d02.m3d,2019,1,d02,704,72,42,81,51,48.94900131,-131.1340027,49.31399918,-130.7174072,https://nrs.objectstore.gov.bc.ca/wrfdel/calpuff/3ddat/201901/d02/0704/x072y042x081y051.201901.10x10.d02.m3d
x072y052x081y061.201901.10x10.d02.m3d,2019,1,d02,705,72,52,81,61,49.3030014,-131.2144012,49.66849899,-130.7951965,https://nrs.objectstore.gov.bc.ca/wrfdel/calpuff/3ddat/201901/d02/0705/x072y052x081y061.201901.10x10.d02.m3d
x072y062x081y071.201901.10x10.d02.m3d,2019,1,d02,706,72,62,81,71,49.65719986,-131.2960052,50.02320099,-130.8742065,https://nrs.objectstore.gov.bc.ca/wrfdel/calpuff/3ddat/201901/d02/0706/x072y062x081y071.201901.10x10.d02.m3d
x072y072x081y081.201901.10x10.d02.m3d,2019,1,d02,707,72,72,81,81,50.01150131,-131.3789063,50.37799835,-130.9544067,https://nrs.objectstore.gov.bc.ca/wrfdel/calpuff/3ddat/201901/d02/0707/x072y072x081y081.201901.10x10.d02.m3d
x072y082x081y091.201901.10x10.d02.m3d,2019,1,d02,708,72,82,81,91,50.36589813,-131.4631958,50.73289871,-131.0359039,https://nrs.objectstore.gov.bc.ca/wrfdel/calpuff/3ddat/201901/d02/0708/x072y082x081y091.201901.10x10.d02.m3d
x072y092x081y101.201901.10x10.d02.m3d,2019,1,d02,709,72,92,81,101,50.72040176,-131.5487061,51.08789825,-131.1188049,https://nrs.objectstore.gov.bc.ca/wrfdel/calpuff/3ddat/201901/d02/0709/x072y092x081y101.201901.10x10.d02.m3d
x072y102x081y111.201901.10x10.d02.m3d,2019,1,d02,710,72,102,81,111,51.07500076,-131.6356964,51.44300079,-131.2028961,https://nrs.objectstore.gov.bc.ca/wrfdel/calpuff/3ddat/201901/d02/0710/x072y102x081y111.201901.10x10.d02.m3d
x072y112x081y121.201901.10x10.d02.m3d,2019,1,d02,711,72,112,81,121,51.42969894,-131.7241058,51.7981987,-131.2884979,https://nrs.objectstore.gov.bc.ca/wrfdel/calpuff/3ddat/201901/d02/0711/x072y112x081y121.201901.10x10.d02.m3d
x072y122x081y131.201901.10x10.d02.m3d,2019,1,d02,712,72,122,81,131,51.78440094,-131.8139038,52.15340042,-131.3755035,https://nrs.objectstore.gov.bc.ca/wrfdel/calpuff/3ddat/201901/d02/0712/x072y122x081y131.201901.10x10.d02.m3d
x072y132x081y141.201901.10x10.d02.m3d,2019,1,d02,713,72,132,81,141,52.1393013,-131.9051971,52.50870132,-131.4640045,https://nrs.objectstore.gov.bc.ca/wrfdel/calpuff/3ddat/201901/d02/0713/x072y132x081y141.201901.10x10.d02.m3d
x072y142x081y151.201901.10x10.d02.m3d,2019,1,d02,714,72,142,81,151,52.49409866,-131.9980927,52.86399841,-131.553894,https://nrs.objectstore.gov.bc.ca/wrfdel/calpuff/3ddat/201901/d02/0714/x072y142x081y151.201901.10x10.d02.m3d
x072y152x081y161.201901.10x10.d02.m3d,2019,1,d02,715,72,152,81,161,52.84899902,-132.0924988,53.21929932,-131.645401,https://nrs.objectstore.gov.bc.ca/wrfdel/calpuff/3ddat/201901/d02/0715/x072y152x081y161.201901.10x10.d02.m3d
x072y162x081y171.201901.10x10.d02.m3d,2019,1,d02,716,72,162,81,171,53.2038002,-132.1885071,53.57460022,-131.7384033,https://nrs.objectstore.gov.bc.ca/wrfdel/calpuff/3ddat/201901/d02/0716/x072y162x081y171.201901.10x10.d02.m3d
x072y172x081y181.201901.10x10.d02.m3d,2019,1,d02,717,72,172,81,181,53.55870056,-132.2861938,53.92990112,-131.8330994,https://nrs.objectstore.gov.bc.ca/wrfdel/calpuff/3ddat/201901/d02/0717/x072y172x081y181.201901.10x10.d02.m3d
x072y182x081y191.201901.10x10.d02.m3d,2019,1,d02,718,72,182,81,191,53.91350174,-132.385498,54.28519821,-131.9293976,https://nrs.objectstore.gov.bc.ca/wrfdel/calpuff/3ddat/201901/d02/0718/x072y182x081y191.201901.10x10.d02.m3d
x072y192x081y201.201901.10x10.d02.m3d,2019,1,d02,719,72,192,81,201,54.2682991,-132.4866028,54.64039993,-132.0274048,https://nrs.objectstore.gov.bc.ca/wrfdel/calpuff/3ddat/201901/d02/0719/x072y192x081y201.201901.10x10.d02.m3d
x072y202x081y211.201901.10x10.d02.m3d,2019,1,d02,720,72,202,81,211,54.62310028,-132.5894012,54.99549866,-132.1271057,https://nrs.objectstore.gov.bc.ca/wrfdel/calpuff/3ddat/201901/d02/0720/x072y202x081y211.201901.10x10.d02.m3d
x072y212x081y221.201901.10x10.d02.m3d,2019,1,d02,721,72,212,81,221,54.97779846,-132.6941071,55.3506012,-132.2286072,https://nrs.objectstore.gov.bc.ca/wrfdel/calpuff/3ddat/201901/d02/0721/x072y212x081y221.201901.10x10.d02.m3d
x072y222x081y231.201901.10x10.d02.m3d,2019,1,d02,722,72,222,81,231,55.33240128,-132.8005981,55.70560074,-132.3320007,https://nrs.objectstore.gov.bc.ca/wrfdel/calpuff/3ddat/201901/d02/0722/x072y222x081y231.201901.10x10.d02.m3d
x072y232x081y241.201901.10x10.d02.m3d,2019,1,d02,723,72,232,81,241,55.68690109,-132.9091034,56.0605011,-132.4371948,https://nrs.objectstore.gov.bc.ca/wrfdel/calpuff/3ddat/201901/d02/0723/x072y232x081y241.201901.10x10.d02.m3d
x072y242x081y251.201901.10x10.d02.m3d,2019,1,d02,724,72,242,81,251,56.04130173,-133.0195007,56.41519928,-132.5444031,https://nrs.objectstore.gov.bc.ca/wrfdel/calpuff/3ddat/201901/d02/0724/x072y242x081y251.201901.10x10.d02.m3d
x072y252x081y261.201901.10x10.d02.m3d,2019,1,d02,725,72,252,81,261,56.39550018,-133.1320038,56.76990128,-132.6535034,https://nrs.objectstore.gov.bc.ca/wrfdel/calpuff/3ddat/201901/d02/0725/x072y252x081y261.201901.10x10.d02.m3d
x072y262x081y271.201901.10x10.d02.m3d,2019,1,d02,726,72,262,81,271,56.74959946,-133.2465057,57.1242981,-132.7646942,https://nrs.objectstore.gov.bc.ca/wrfdel/calpuff/3ddat/201901/d02/0726/x072y262x081y271.201901.10x10.d02.m3d
x072y272x081y281.201901.10x10.d02.m3d,2019,1,d02,727,72,272,81,281,57.10350037,-133.363205,57.47859955,-132.878006,https://nrs.objectstore.gov.bc.ca/wrfdel/calpuff/3ddat/201901/d02/0727/x072y272x081y281.201901.10x10.d02.m3d
x072y282x081y291.201901.10x10.d02.m3d,2019,1,d02,728,72,282,81,291,57.45729828,-133.4819946,57.83269882,-132.9934998,https://nrs.objectstore.gov.bc.ca/wrfdel/calpuff/3ddat/201901/d02/0728/x072y282x081y291.201901.10x10.d02.m3d
x072y292x081y301.201901.10x10.d02.m3d,2019,1,d02,729,72,292,81,301,57.81079865,-133.6031952,58.18659973,-133.1112061,https://nrs.objectstore.gov.bc.ca/wrfdel/calpuff/3ddat/201901/d02/0729/x072y292x081y301.201901.10x10.d02.m3d
x072y302x081y311.201901.10x10.d02.m3d,2019,1,d02,730,72,302,81,311,58.16410065,-133.726593,58.54019928,-133.2310944,https://nrs.objectstore.gov.bc.ca/wrfdel/calpuff/3ddat/201901/d02/0730/x072y302x081y311.201901.10x10.d02.m3d
x072y312x081y321.201901.10x10.d02.m3d,2019,1,d02,731,72,312,81,321,58.51720047,-133.8524933,58.89360046,-133.3533936,https://nrs.objectstore.gov.bc.ca/wrfdel/calpuff/3ddat/201901/d02/0731/x072y312x081y321.201901.10x10.d02.m3d
x072y322x081y331.201901.10x10.d02.m3d,2019,1,d02,732,72,322,81,331,58.87009811,-133.9808044,59.24679947,-133.4781036,https://nrs.objectstore.gov.bc.ca/wrfdel/calpuff/3ddat/201901/d02/0732/x072y322x081y331.201901.10x10.d02.m3d
x072y332x081y341.201901.10x10.d02.m3d,2019,1,d02,733,72,332,81,341,59.22259903,-134.1116028,59.59960175,-133.6053925,https://nrs.objectstore.gov.bc.ca/wrfdel/calpuff/3ddat/201901/d02/0733/x072y332x081y341.201901.10x10.d02.m3d
x072y342x081y351.201901.10x10.d02.m3d,2019,1,d02,734,72,342,81,351,59.57490158,-134.2451019,59.95220184,-133.7351074,https://nrs.objectstore.gov.bc.ca/wrfdel/calpuff/3ddat/201901/d02/0734/x072y342x081y351.201901.10x10.d02.m3d
x072y352x081y361.201901.10x10.d02.m3d,2019,1,d02,735,72,352,81,361,59.92689896,-134.3811951,60.3044014,-133.8675995,https://nrs.objectstore.gov.bc.ca/wrfdel/calpuff/3ddat/201901/d02/0735/x072y352x081y361.201901.10x10.d02.m3d
x072y362x081y371.201901.10x10.d02.m3d,2019,1,d02,736,72,362,81,371,60.2784996,-134.5200958,60.65629959,-134.0027008,https://nrs.objectstore.gov.bc.ca/wrfdel/calpuff/3ddat/201901/d02/0736/x072y362x081y371.201901.10x10.d02.m3d
x072y372x081y373.201901.10x10.d02.m3d,2019,1,d02,737,72,372,81,373,60.62979889,-134.6618958,60.72669983,-134.0301056,https://nrs.objectstore.gov.bc.ca/wrfdel/calpuff/3ddat/201901/d02/0737/x072y372x081y373.201901.10x10.d02.m3d
x082y002x091y011.201901.10x10.d02.m3d,2019,1,d02,800,82,2,91,11,47.58409882,-130.3009949,47.94490051,-129.8901062,https://nrs.objectstore.gov.bc.ca/wrfdel/calpuff/3ddat/201901/d02/0800/x082y002x091y011.201901.10x10.d02.m3d
x082y012x091y021.201901.10x10.d02.m3d,2019,1,d02,801,82,12,91,21,47.93780136,-130.3726959,48.29909897,-129.9593048,https://nrs.objectstore.gov.bc.ca/wrfdel/calpuff/3ddat/201901/d02/0801/x082y012x091y021.201901.10x10.d02.m3d
x082y022x091y031.201901.10x10.d02.m3d,2019,1,d02,802,82,22,91,31,48.29169846,-130.4454956,48.6534996,-130.0294037,https://nrs.objectstore.gov.bc.ca/wrfdel/calpuff/3ddat/201901/d02/0802/x082y022x091y031.201901.10x10.d02.m3d
x082y032x091y041.201901.10x10.d02.m3d,2019,1,d02,803,82,32,91,41,48.64580154,-130.5193939,49.0080986,-130.1007996,https://nrs.objectstore.gov.bc.ca/wrfdel/calpuff/3ddat/201901/d02/0803/x082y032x091y041.201901.10x10.d02.m3d
x082y042x091y051.201901.10x10.d02.m3d,2019,1,d02,804,82,42,91,51,49,-130.5944977,49.36289978,-130.1732025,https://nrs.objectstore.gov.bc.ca/wrfdel/calpuff/3ddat/201901/d02/0804/x082y042x091y051.201901.10x10.d02.m3d
x082y052x091y061.201901.10x10.d02.m3d,2019,1,d02,805,82,52,91,61,49.35449982,-130.6708069,49.71789932,-130.2467041,https://nrs.objectstore.gov.bc.ca/wrfdel/calpuff/3ddat/201901/d02/0805/x082y052x091y061.201901.10x10.d02.m3d
x082y062x091y071.201901.10x10.d02.m3d,2019,1,d02,806,82,62,91,71,49.70909882,-130.7481995,50.07289886,-130.3213959,https://nrs.objectstore.gov.bc.ca/wrfdel/calpuff/3ddat/201901/d02/0806/x082y062x091y071.201901.10x10.d02.m3d
x082y072x091y081.201901.10x10.d02.m3d,2019,1,d02,807,82,72,91,81,50.06380081,-130.8269043,50.42819977,-130.3972931,https://nrs.objectstore.gov.bc.ca/wrfdel/calpuff/3ddat/201901/d02/0807/x082y072x091y081.201901.10x10.d02.m3d
x082y082x091y091.201901.10x10.d02.m3d,2019,1,d02,808,82,82,91,91,50.41859818,-130.9067993,50.78350067,-130.4745026,https://nrs.objectstore.gov.bc.ca/wrfdel/calpuff/3ddat/201901/d02/0808/x082y082x091y091.201901.10x10.d02.m3d
x082y092x091y101.201901.10x10.d02.m3d,2019,1,d02,809,82,92,91,101,50.77360153,-130.9880066,51.13890076,-130.5527954,https://nrs.objectstore.gov.bc.ca/wrfdel/calpuff/3ddat/201901/d02/0809/x082y092x091y101.201901.10x10.d02.m3d
x082y102x091y111.201901.10x10.d02.m3d,2019,1,d02,810,82,102,91,111,51.12870026,-131.0704956,51.49449921,-130.6325073,https://nrs.objectstore.gov.bc.ca/wrfdel/calpuff/3ddat/201901/d02/0810/x082y102x091y111.201901.10x10.d02.m3d
x082y112x091y121.201901.10x10.d02.m3d,2019,1,d02,811,82,112,91,121,51.48379898,-131.1544037,51.85010147,-130.713501,https://nrs.objectstore.gov.bc.ca/wrfdel/calpuff/3ddat/201901/d02/0811/x082y112x091y121.201901.10x10.d02.m3d
x082y122x091y131.201901.10x10.d02.m3d,2019,1,d02,812,82,122,91,131,51.8390007,-131.2397003,52.20569992,-130.7958069,https://nrs.objectstore.gov.bc.ca/wrfdel/calpuff/3ddat/201901/d02/0812/x082y122x091y131.201901.10x10.d02.m3d
x082y132x091y141.201901.10x10.d02.m3d,2019,1,d02,813,82,132,91,141,52.19430161,-131.3262939,52.56150055,-130.8795013,https://nrs.objectstore.gov.bc.ca/wrfdel/calpuff/3ddat/201901/d02/0813/x082y132x091y141.201901.10x10.d02.m3d
x082y142x091y151.201901.10x10.d02.m3d,2019,1,d02,814,82,142,91,151,52.54959869,-131.414505,52.91719818,-130.9645996,https://nrs.objectstore.gov.bc.ca/wrfdel/calpuff/3ddat/201901/d02/0814/x082y142x091y151.201901.10x10.d02.m3d
x082y152x091y161.201901.10x10.d02.m3d,2019,1,d02,815,82,152,91,161,52.90499878,-131.5041046,53.27299881,-131.0511932,https://nrs.objectstore.gov.bc.ca/wrfdel/calpuff/3ddat/201901/d02/0815/x082y152x091y161.201901.10x10.d02.m3d
x082y162x091y171.201901.10x10.d02.m3d,2019,1,d02,816,82,162,91,171,53.26029968,-131.5951996,53.62879944,-131.1392059,https://nrs.objectstore.gov.bc.ca/wrfdel/calpuff/3ddat/201901/d02/0816/x082y162x091y171.201901.10x10.d02.m3d
x082y172x091y181.201901.10x10.d02.m3d,2019,1,d02,817,82,172,91,181,53.61569977,-131.6878967,53.98460007,-131.2288055,https://nrs.objectstore.gov.bc.ca/wrfdel/calpuff/3ddat/201901/d02/0817/x082y172x091y181.201901.10x10.d02.m3d
x082y182x091y191.201901.10x10.d02.m3d,2019,1,d02,818,82,182,91,191,53.97100067,-131.782196,54.34030151,-131.3200073,https://nrs.objectstore.gov.bc.ca/wrfdel/calpuff/3ddat/201901/d02/0818/x082y182x091y191.201901.10x10.d02.m3d
x082y192x091y201.201901.10x10.d02.m3d,2019,1,d02,819,82,192,91,201,54.32630157,-131.8782043,54.69599915,-131.412796,https://nrs.objectstore.gov.bc.ca/wrfdel/calpuff/3ddat/201901/d02/0819/x082y192x091y201.201901.10x10.d02.m3d
x082y202x091y211.201901.10x10.d02.m3d,2019,1,d02,820,82,202,91,211,54.68159866,-131.9757996,55.05170059,-131.5072021,https://nrs.objectstore.gov.bc.ca/wrfdel/calpuff/3ddat/201901/d02/0820/x082y202x091y211.201901.10x10.d02.m3d
x082y212x091y221.201901.10x10.d02.m3d,2019,1,d02,821,82,212,91,221,55.03680038,-132.0751953,55.40729904,-131.603302,https://nrs.objectstore.gov.bc.ca/wrfdel/calpuff/3ddat/201901/d02/0821/x082y212x091y221.201901.10x10.d02.m3d
x082y222x091y231.201901.10x10.d02.m3d,2019,1,d02,822,82,222,91,231,55.39189911,-132.1764069,55.76279831,-131.7010956,https://nrs.objectstore.gov.bc.ca/wrfdel/calpuff/3ddat/201901/d02/0822/x082y222x091y231.201901.10x10.d02.m3d
x082y232x091y241.201901.10x10.d02.m3d,2019,1,d02,823,82,232,91,241,55.74700165,-132.2794037,56.11819839,-131.800705,https://nrs.objectstore.gov.bc.ca/wrfdel/calpuff/3ddat/201901/d02/0823/x082y232x091y241.201901.10x10.d02.m3d
x082y242x091y251.201901.10x10.d02.m3d,2019,1,d02,824,82,242,91,251,56.10189819,-132.384201,56.47340012,-131.9022064,https://nrs.objectstore.gov.bc.ca/wrfdel/calpuff/3ddat/201901/d02/0824/x082y242x091y251.201901.10x10.d02.m3d
x082y252x091y261.201901.10x10.d02.m3d,2019,1,d02,825,82,252,91,261,56.45669937,-132.4909973,56.82860184,-132.0056,https://nrs.objectstore.gov.bc.ca/wrfdel/calpuff/3ddat/201901/d02/0825/x082y252x091y261.201901.10x10.d02.m3d
x082y262x091y271.201901.10x10.d02.m3d,2019,1,d02,826,82,262,91,271,56.81129837,-132.5997925,57.18360138,-132.1107941,https://nrs.objectstore.gov.bc.ca/wrfdel/calpuff/3ddat/201901/d02/0826/x082y262x091y271.201901.10x10.d02.m3d
x082y272x091y281.201901.10x10.d02.m3d,2019,1,d02,827,82,272,91,281,57.16579819,-132.7106018,57.53839874,-132.2180939,https://nrs.objectstore.gov.bc.ca/wrfdel/calpuff/3ddat/201901/d02/0827/x082y272x091y281.201901.10x10.d02.m3d
x082y282x091y291.201901.10x10.d02.m3d,2019,1,d02,828,82,282,91,291,57.52009964,-132.8235016,57.89300156,-132.3274994,https://nrs.objectstore.gov.bc.ca/wrfdel/calpuff/3ddat/201901/d02/0828/x082y282x091y291.201901.10x10.d02.m3d
x082y292x091y301.201901.10x10.d02.m3d,2019,1,d02,829,82,292,91,301,57.8742981,-132.9385986,58.24750137,-132.4389038,https://nrs.objectstore.gov.bc.ca/wrfdel/calpuff/3ddat/201901/d02/0829/x082y292x091y301.201901.10x10.d02.m3d
x082y302x091y311.201901.10x10.d02.m3d,2019,1,d02,830,82,302,91,311,58.22819901,-133.0558014,58.60169983,-132.552597,https://nrs.objectstore.gov.bc.ca/wrfdel/calpuff/3ddat/201901/d02/0830/x082y302x091y311.201901.10x10.d02.m3d
x082y312x091y321.201901.10x10.d02.m3d,2019,1,d02,831,82,312,91,321,58.58190155,-133.1753998,58.95569992,-132.668396,https://nrs.objectstore.gov.bc.ca/wrfdel/calpuff/3ddat/201901/d02/0831/x082y312x091y321.201901.10x10.d02.m3d
x082y322x091y331.201901.10x10.d02.m3d,2019,1,d02,832,82,322,91,331,58.93529892,-133.2973022,59.30939865,-132.7866058,https://nrs.objectstore.gov.bc.ca/wrfdel/calpuff/3ddat/201901/d02/0832/x082y322x091y331.201901.10x10.d02.m3d
x082y332x091y341.201901.10x10.d02.m3d,2019,1,d02,833,82,332,91,341,59.28850174,-133.4216003,59.66289902,-132.9071045,https://nrs.objectstore.gov.bc.ca/wrfdel/calpuff/3ddat/201901/d02/0833/x082y332x091y341.201901.10x10.d02.m3d
x082y342x091y351.201901.10x10.d02.m3d,2019,1,d02,834,82,342,91,351,59.64139938,-133.5484009,60.01599884,-133.0299988,https://nrs.objectstore.gov.bc.ca/wrfdel/calpuff/3ddat/201901/d02/0834/x082y342x091y351.201901.10x10.d02.m3d
x082y352x091y361.201901.10x10.d02.m3d,2019,1,d02,835,82,352,91,361,59.99399948,-133.6777954,60.3689003,-133.1555023,https://nrs.objectstore.gov.bc.ca/wrfdel/calpuff/3ddat/201901/d02/0835/x082y352x091y361.201901.10x10.d02.m3d
x082y362x091y371.201901.10x10.d02.m3d,2019,1,d02,836,82,362,91,371,60.34629822,-133.8097992,60.72140121,-133.2835999,https://nrs.objectstore.gov.bc.ca/wrfdel/calpuff/3ddat/201901/d02/0836/x082y362x091y371.201901.10x10.d02.m3d
x082y372x091y373.201901.10x10.d02.m3d,2019,1,d02,837,82,372,91,373,60.69820023,-133.9445038,60.79190063,-133.309494,https://nrs.objectstore.gov.bc.ca/wrfdel/calpuff/3ddat/201901/d02/0837/x082y372x091y373.201901.10x10.d02.m3d
x092y002x101y011.201901.10x10.d02.m3d,2019,1,d02,900,92,2,101,11,47.63079834,-129.7761993,47.98949814,-129.3609924,https://nrs.objectstore.gov.bc.ca/wrfdel/calpuff/3ddat/201901/d02/0900/x092y002x101y011.201901.10x10.d02.m3d
x092y012x101y021.201901.10x10.d02.m3d,2019,1,d02,901,92,12,101,21,47.98490143,-129.844101,48.34410095,-129.4261017,https://nrs.objectstore.gov.bc.ca/wrfdel/calpuff/3ddat/201901/d02/0901/x092y012x101y021.201901.10x10.d02.m3d
x092y022x101y031.201901.10x10.d02.m3d,2019,1,d02,902,92,22,101,31,48.33919907,-129.9129028,48.69889832,-129.4922943,https://nrs.objectstore.gov.bc.ca/wrfdel/calpuff/3ddat/201901/d02/0902/x092y022x101y031.201901.10x10.d02.m3d
x092y032x101y041.201901.10x10.d02.m3d,2019,1,d02,903,92,32,101,41,48.69369888,-129.9828033,49.05390167,-129.559494,https://nrs.objectstore.gov.bc.ca/wrfdel/calpuff/3ddat/201901/d02/0903/x092y032x101y041.201901.10x10.d02.m3d
x092y042x101y051.201901.10x10.d02.m3d,2019,1,d02,904,92,42,101,51,49.0483017,-130.0538025,49.40909958,-129.6277008,https://nrs.objectstore.gov.bc.ca/wrfdel/calpuff/3ddat/201901/d02/0904/x092y042x101y051.201901.10x10.d02.m3d
x092y052x101y061.201901.10x10.d02.m3d,2019,1,d02,905,92,52,101,61,49.40319824,-130.1259003,49.76440048,-129.6970062,https://nrs.objectstore.gov.bc.ca/wrfdel/calpuff/3ddat/201901/d02/0905/x092y052x101y061.201901.10x10.d02.m3d
x092y062x101y071.201901.10x10.d02.m3d,2019,1,d02,906,92,62,101,71,49.7580986,-130.1992035,50.11989975,-129.7675018,https://nrs.objectstore.gov.bc.ca/wrfdel/calpuff/3ddat/201901/d02/0906/x092y062x101y071.201901.10x10.d02.m3d
x092y072x101y081.201901.10x10.d02.m3d,2019,1,d02,907,92,72,101,81,50.11330032,-130.2736053,50.4754982,-129.8390045,https://nrs.objectstore.gov.bc.ca/wrfdel/calpuff/3ddat/201901/d02/0907/x092y072x101y081.201901.10x10.d02.m3d
x092y082x101y091.201901.10x10.d02.m3d,2019,1,d02,908,92,82,101,91,50.46860123,-130.3491974,50.83119965,-129.9116974,https://nrs.objectstore.gov.bc.ca/wrfdel/calpuff/3ddat/201901/d02/0908/x092y082x101y091.201901.10x10.d02.m3d
x092y092x101y101.201901.10x10.d02.m3d,2019,1,d02,909,92,92,101,101,50.82389832,-130.4259949,51.18709946,-129.9855957,https://nrs.objectstore.gov.bc.ca/wrfdel/calpuff/3ddat/201901/d02/0909/x092y092x101y101.201901.10x10.d02.m3d
x092y102x101y111.201901.10x10.d02.m3d,2019,1,d02,910,92,102,101,111,51.1794014,-130.5039978,51.54299927,-130.0606995,https://nrs.objectstore.gov.bc.ca/wrfdel/calpuff/3ddat/201901/d02/0910/x092y102x101y111.201901.10x10.d02.m3d
x092y112x101y121.201901.10x10.d02.m3d,2019,1,d02,911,92,112,101,121,51.53499985,-130.5834045,51.89899826,-130.1371002,https://nrs.objectstore.gov.bc.ca/wrfdel/calpuff/3ddat/201901/d02/0911/x092y112x101y121.201901.10x10.d02.m3d
x092y122x101y131.201901.10x10.d02.m3d,2019,1,d02,912,92,122,101,131,51.89070129,-130.6640015,52.25510025,-130.2147064,https://nrs.objectstore.gov.bc.ca/wrfdel/calpuff/3ddat/201901/d02/0912/x092y122x101y131.201901.10x10.d02.m3d
x092y132x101y141.201901.10x10.d02.m3d,2019,1,d02,913,92,132,101,141,52.24639893,-130.7460022,52.61130142,-130.2935944,https://nrs.objectstore.gov.bc.ca/wrfdel/calpuff/3ddat/201901/d02/0913/x092y132x101y141.201901.10x10.d02.m3d
x092y142x101y151.201901.10x10.d02.m3d,2019,1,d02,914,92,142,101,151,52.60219955,-130.8294067,52.96749878,-130.3739014,https://nrs.objectstore.gov.bc.ca/wrfdel/calpuff/3ddat/201901/d02/0914/x092y142x101y151.201901.10x10.d02.m3d
x092y152x101y161.201901.10x10.d02.m3d,2019,1,d02,915,92,152,101,161,52.95800018,-130.9141998,53.32369995,-130.4555054,https://nrs.objectstore.gov.bc.ca/wrfdel/calpuff/3ddat/201901/d02/0915/x092y152x101y161.201901.10x10.d02.m3d
x092y162x101y171.201901.10x10.d02.m3d,2019,1,d02,916,92,162,101,171,53.31380081,-131.0003967,53.67990112,-130.5384979,https://nrs.objectstore.gov.bc.ca/wrfdel/calpuff/3ddat/201901/d02/0916/x092y162x101y171.201901.10x10.d02.m3d
x092y172x101y181.201901.10x10.d02.m3d,2019,1,d02,917,92,172,101,181,53.66960144,-131.0881042,54.03620148,-130.6230011,https://nrs.objectstore.gov.bc.ca/wrfdel/calpuff/3ddat/201901/d02/0917/x092y172x101y181.201901.10x10.d02.m3d
x092y182x101y191.201901.10x10.d02.m3d,2019,1,d02,918,92,182,101,191,54.02539825,-131.1773071,54.39239883,-130.7089996,https://nrs.objectstore.gov.bc.ca/wrfdel/calpuff/3ddat/201901/d02/0918/x092y182x101y191.201901.10x10.d02.m3d
x092y192x101y201.201901.10x10.d02.m3d,2019,1,d02,919,92,192,101,201,54.38119888,-131.2680969,54.74850082,-130.7964935,https://nrs.objectstore.gov.bc.ca/wrfdel/calpuff/3ddat/201901/d02/0919/x092y192x101y201.201901.10x10.d02.m3d
x092y202x101y211.201901.10x10.d02.m3d,2019,1,d02,920,92,202,101,211,54.73699951,-131.3605042,55.104599,-130.885498,https://nrs.objectstore.gov.bc.ca/wrfdel/calpuff/3ddat/201901/d02/0920/x092y202x101y211.201901.10x10.d02.m3d
x092y212x101y221.201901.10x10.d02.m3d,2019,1,d02,921,92,212,101,221,55.09270096,-131.4546051,55.46070099,-130.9761963,https://nrs.objectstore.gov.bc.ca/wrfdel/calpuff/3ddat/201901/d02/0921/x092y212x101y221.201901.10x10.d02.m3d
x092y222x101y231.201901.10x10.d02.m3d,2019,1,d02,922,92,222,101,231,55.44829941,-131.550293,55.81669998,-131.0684052,https://nrs.objectstore.gov.bc.ca/wrfdel/calpuff/3ddat/201901/d02/0922/x092y222x101y231.201901.10x10.d02.m3d
x092y232x101y241.201901.10x10.d02.m3d,2019,1,d02,923,92,232,101,241,55.80379868,-131.6477966,56.17259979,-131.1623993,https://nrs.objectstore.gov.bc.ca/wrfdel/calpuff/3ddat/201901/d02/0923/x092y232x101y241.201901.10x10.d02.m3d
x092y242x101y251.201901.10x10.d02.m3d,2019,1,d02,924,92,242,101,251,56.15930176,-131.746994,56.52840042,-131.258194,https://nrs.objectstore.gov.bc.ca/wrfdel/calpuff/3ddat/201901/d02/0924/x092y242x101y251.201901.10x10.d02.m3d
x092y252x101y261.201901.10x10.d02.m3d,2019,1,d02,925,92,252,101,261,56.51459885,-131.8480988,56.88399887,-131.3556061,https://nrs.objectstore.gov.bc.ca/wrfdel/calpuff/3ddat/201901/d02/0925/x092y252x101y261.201901.10x10.d02.m3d
x092y262x101y271.201901.10x10.d02.m3d,2019,1,d02,926,92,262,101,271,56.86980057,-131.951004,57.23949814,-131.4550018,https://nrs.objectstore.gov.bc.ca/wrfdel/calpuff/3ddat/201901/d02/0926/x092y262x101y271.201901.10x10.d02.m3d
x092y272x101y281.201901.10x10.d02.m3d,2019,1,d02,927,92,272,101,281,57.22480011,-132.0558929,57.59479904,-131.5561981,https://nrs.objectstore.gov.bc.ca/wrfdel/calpuff/3ddat/201901/d02/0927/x092y272x101y281.201901.10x10.d02.m3d
x092y282x101y291.201901.10x10.d02.m3d,2019,1,d02,928,92,282,101,291,57.57970047,-132.162796,57.95000076,-131.6593933,https://nrs.objectstore.gov.bc.ca/wrfdel/calpuff/3ddat/201901/d02/0928/x092y282x101y291.201901.10x10.d02.m3d
x092y292x101y301.201901.10x10.d02.m3d,2019,1,d02,929,92,292,101,301,57.93429947,-132.2718048,58.30500031,-131.7644958,https://nrs.objectstore.gov.bc.ca/wrfdel/calpuff/3ddat/201901/d02/0929/x092y292x101y301.201901.10x10.d02.m3d
x092y302x101y311.201901.10x10.d02.m3d,2019,1,d02,930,92,302,101,311,58.28879929,-132.3827972,58.65980148,-131.8717957,https://nrs.objectstore.gov.bc.ca/wrfdel/calpuff/3ddat/201901/d02/0930/x092y302x101y311.201901.10x10.d02.m3d
x092y312x101y321.201901.10x10.d02.m3d,2019,1,d02,931,92,312,101,321,58.64310074,-132.4960022,59.0143013,-131.9810944,https://nrs.objectstore.gov.bc.ca/wrfdel/calpuff/3ddat/201901/d02/0931/x092y312x101y321.201901.10x10.d02.m3d
x092y322x101y331.201901.10x10.d02.m3d,2019,1,d02,932,92,322,101,331,58.99710083,-132.6114044,59.36859894,-132.0926056,https://nrs.objectstore.gov.bc.ca/wrfdel/calpuff/3ddat/201901/d02/0932/x092y322x101y331.201901.10x10.d02.m3d
x092y332x101y341.201901.10x10.d02.m3d,2019,1,d02,933,92,332,101,341,59.35089874,-132.7290955,59.72259903,-132.2064056,https://nrs.objectstore.gov.bc.ca/wrfdel/calpuff/3ddat/201901/d02/0933/x092y332x101y341.201901.10x10.d02.m3d
x092y342x101y351.201901.10x10.d02.m3d,2019,1,d02,934,92,342,101,351,59.70429993,-132.8491974,60.07630157,-132.322403,https://nrs.objectstore.gov.bc.ca/wrfdel/calpuff/3ddat/201901/d02/0934/x092y342x101y351.201901.10x10.d02.m3d
x092y352x101y361.201901.10x10.d02.m3d,2019,1,d02,935,92,352,101,361,60.05749893,-132.9718018,60.42979813,-132.4409027,https://nrs.objectstore.gov.bc.ca/wrfdel/calpuff/3ddat/201901/d02/0935/x092y352x101y361.201901.10x10.d02.m3d
x092y362x101y371.201901.10x10.d02.m3d,2019,1,d02,936,92,362,101,371,60.41040039,-133.0968018,60.78290176,-132.5617981,https://nrs.objectstore.gov.bc.ca/wrfdel/calpuff/3ddat/201901/d02/0936/x092y362x101y371.201901.10x10.d02.m3d
x092y372x101y373.201901.10x10.d02.m3d,2019,1,d02,937,92,372,101,373,60.76300049,-133.2243958,60.85350037,-132.5861969,https://nrs.objectstore.gov.bc.ca/wrfdel/calpuff/3ddat/201901/d02/0937/x092y372x101y373.201901.10x10.d02.m3d
x102y002x111y011.201901.10x10.d02.m3d,2019,1,d02,1000,102,2,111,11,47.67480087,-129.2505035,48.03150177,-128.8307953,https://nrs.objectstore.gov.bc.ca/wrfdel/calpuff/3ddat/201901/d02/1000/x102y002x111y011.201901.10x10.d02.m3d
x102y012x111y021.201901.10x10.d02.m3d,2019,1,d02,1001,102,12,111,21,48.02930069,-129.3144073,48.38639832,-128.8919983,https://nrs.objectstore.gov.bc.ca/wrfdel/calpuff/3ddat/201901/d02/1001/x102y012x111y021.201901.10x10.d02.m3d
x102y022x111y031.201901.10x10.d02.m3d,2019,1,d02,1002,102,22,111,31,48.38389969,-129.379303,48.74160004,-128.9541016,https://nrs.objectstore.gov.bc.ca/wrfdel/calpuff/3ddat/201901/d02/1002/x102y022x111y031.201901.10x10.d02.m3d
x102y032x111y041.201901.10x10.d02.m3d,2019,1,d02,1003,102,32,111,41,48.73880005,-129.4450989,49.09690094,-129.0171967,https://nrs.objectstore.gov.bc.ca/wrfdel/calpuff/3ddat/201901/d02/1003/x102y032x111y041.201901.10x10.d02.m3d
x102y042x111y051.201901.10x10.d02.m3d,2019,1,d02,1004,102,42,111,51,49.09379959,-129.5119934,49.45240021,-129.0812073,https://nrs.objectstore.gov.bc.ca/wrfdel/calpuff/3ddat/201901/d02/1004/x102y042x111y051.201901.10x10.d02.m3d
x102y052x111y061.201901.10x10.d02.m3d,2019,1,d02,1005,102,52,111,61,49.44910049,-129.5800018,49.80810165,-129.1463013,https://nrs.objectstore.gov.bc.ca/wrfdel/calpuff/3ddat/201901/d02/1005/x102y052x111y061.201901.10x10.d02.m3d
x102y062x111y071.201901.10x10.d02.m3d,2019,1,d02,1006,102,62,111,71,49.8044014,-129.6490021,50.16400146,-129.2124023,https://nrs.objectstore.gov.bc.ca/wrfdel/calpuff/3ddat/201901/d02/1006/x102y062x111y071.201901.10x10.d02.m3d
x102y072x111y081.201901.10x10.d02.m3d,2019,1,d02,1007,102,72,111,81,50.15999985,-129.719101,50.52000046,-129.2796021,https://nrs.objectstore.gov.bc.ca/wrfdel/calpuff/3ddat/201901/d02/1007/x102y072x111y081.201901.10x10.d02.m3d
x102y082x111y091.201901.10x10.d02.m3d,2019,1,d02,1008,102,82,111,91,50.5155983,-129.7902985,50.87609863,-129.3477936,https://nrs.objectstore.gov.bc.ca/wrfdel/calpuff/3ddat/201901/d02/1008/x102y082x111y091.201901.10x10.d02.m3d
x102y092x111y101.201901.10x10.d02.m3d,2019,1,d02,1009,102,92,111,101,50.87139893,-129.8627014,51.2322998,-129.4172058,https://nrs.objectstore.gov.bc.ca/wrfdel/calpuff/3ddat/201901/d02/1009/x102y092x111y101.201901.10x10.d02.m3d
x102y102x111y111.201901.10x10.d02.m3d,2019,1,d02,1010,102,102,111,111,51.22729874,-129.936203,51.58860016,-129.4877014,https://nrs.objectstore.gov.bc.ca/wrfdel/calpuff/3ddat/201901/d02/1010/x102y102x111y111.201901.10x10.d02.m3d
x102y112x111y121.201901.10x10.d02.m3d,2019,1,d02,1011,102,112,111,121,51.58330154,-130.0110016,51.94509888,-129.5594025,https://nrs.objectstore.gov.bc.ca/wrfdel/calpuff/3ddat/201901/d02/1011/x102y112x111y121.201901.10x10.d02.m3d
x102y122x111y131.201901.10x10.d02.m3d,2019,1,d02,1012,102,122,111,131,51.93939972,-130.0870056,52.30160141,-129.6322937,https://nrs.objectstore.gov.bc.ca/wrfdel/calpuff/3ddat/201901/d02/1012/x102y122x111y131.201901.10x10.d02.m3d
x102y132x111y141.201901.10x10.d02.m3d,2019,1,d02,1013,102,132,111,141,52.29550171,-130.1643066,52.65810013,-129.7064056,https://nrs.objectstore.gov.bc.ca/wrfdel/calpuff/3ddat/201901/d02/1013/x102y132x111y141.201901.10x10.d02.m3d
x102y142x111y151.201901.10x10.d02.m3d,2019,1,d02,1014,102,142,111,151,52.65169907,-130.2429047,53.01470184,-129.7817993,https://nrs.objectstore.gov.bc.ca/wrfdel/calpuff/3ddat/201901/d02/1014/x102y142x111y151.201901.10x10.d02.m3d
x102y152x111y161.201901.10x10.d02.m3d,2019,1,d02,1015,102,152,111,161,53.00799942,-130.3227997,53.37139893,-129.8583984,https://nrs.objectstore.gov.bc.ca/wrfdel/calpuff/3ddat/201901/d02/1015/x102y152x111y161.201901.10x10.d02.m3d
x102y162x111y171.201901.10x10.d02.m3d,2019,1,d02,1016,102,162,111,171,53.36420059,-130.404007,53.72800064,-129.9364014,https://nrs.objectstore.gov.bc.ca/wrfdel/calpuff/3ddat/201901/d02/1016/x102y162x111y171.201901.10x10.d02.m3d
x102y172x111y181.201901.10x10.d02.m3d,2019,1,d02,1017,102,172,111,181,53.72050095,-130.4866943,54.08459854,-130.0157928,https://nrs.objectstore.gov.bc.ca/wrfdel/calpuff/3ddat/201901/d02/1017/x102y172x111y181.201901.10x10.d02.m3d
x102y182x111y191.201901.10x10.d02.m3d,2019,1,d02,1018,102,182,111,191,54.0768013,-130.5708008,54.44129944,-130.0964966,https://nrs.objectstore.gov.bc.ca/wrfdel/calpuff/3ddat/201901/d02/1018/x102y182x111y191.201901.10x10.d02.m3d
x102y192x111y201.201901.10x10.d02.m3d,2019,1,d02,1019,102,192,111,201,54.43299866,-130.6564026,54.79790115,-130.1786041,https://nrs.objectstore.gov.bc.ca/wrfdel/calpuff/3ddat/201901/d02/1019/x102y192x111y201.201901.10x10.d02.m3d
x102y202x111y211.201901.10x10.d02.m3d,2019,1,d02,1020,102,202,111,211,54.78919983,-130.7436066,55.15449905,-130.2622986,https://nrs.objectstore.gov.bc.ca/wrfdel/calpuff/3ddat/201901/d02/1020/x102y202x111y211.201901.10x10.d02.m3d
x102y212x111y221.201901.10x10.d02.m3d,2019,1,d02,1021,102,212,111,221,55.145401,-130.8321991,55.51100159,-130.3473969,https://nrs.objectstore.gov.bc.ca/wrfdel/calpuff/3ddat/201901/d02/1021/x102y212x111y221.201901.10x10.d02.m3d
x102y222x111y231.201901.10x10.d02.m3d,2019,1,d02,1022,102,222,111,231,55.50149918,-130.9223938,55.86740112,-130.4340973,https://nrs.objectstore.gov.bc.ca/wrfdel/calpuff/3ddat/201901/d02/1022/x102y222x111y231.201901.10x10.d02.m3d
x102y232x111y241.201901.10x10.d02.m3d,2019,1,d02,1023,102,232,111,241,55.85749817,-131.0144043,56.22380066,-130.5223999,https://nrs.objectstore.gov.bc.ca/wrfdel/calpuff/3ddat/201901/d02/1023/x102y232x111y241.201901.10x10.d02.m3d
x102y242x111y251.201901.10x10.d02.m3d,2019,1,d02,1024,102,242,111,251,56.21340179,-131.1078949,56.58000183,-130.6123047,https://nrs.objectstore.gov.bc.ca/wrfdel/calpuff/3ddat/201901/d02/1024/x102y242x111y251.201901.10x10.d02.m3d
x102y252x111y261.201901.10x10.d02.m3d,2019,1,d02,1025,102,252,111,261,56.56919861,-131.2032928,56.93610001,-130.7039032,https://nrs.objectstore.gov.bc.ca/wrfdel/calpuff/3ddat/201901/d02/1025/x102y252x111y261.201901.10x10.d02.m3d
x102y262x111y271.201901.10x10.d02.m3d,2019,1,d02,1026,102,262,111,271,56.92490005,-131.3003998,57.292099,-130.7971954,https://nrs.objectstore.gov.bc.ca/wrfdel/calpuff/3ddat/201901/d02/1026/x102y262x111y271.201901.10x10.d02.m3d
x102y272x111y281.201901.10x10.d02.m3d,2019,1,d02,1027,102,272,111,281,57.2804985,-131.3993073,57.64789963,-130.892395,https://nrs.objectstore.gov.bc.ca/wrfdel/calpuff/3ddat/201901/d02/1027/x102y272x111y281.201901.10x10.d02.m3d
x102y282x111y291.201901.10x10.d02.m3d,2019,1,d02,1028,102,282,111,291,57.63579941,-131.5001068,58.00360107,-130.9893036,https://nrs.objectstore.gov.bc.ca/wrfdel/calpuff/3ddat/201901/d02/1028/x102y282x111y291.201901.10x10.d02.m3d
x102y292x111y301.201901.10x10.d02.m3d,2019,1,d02,1029,102,292,111,301,57.99100113,-131.6027985,58.35900116,-131.0881042,https://nrs.objectstore.gov.bc.ca/wrfdel/calpuff/3ddat/201901/d02/1029/x102y292x111y301.201901.10x10.d02.m3d
x102y302x111y311.201901.10x10.d02.m3d,2019,1,d02,1030,102,302,111,311,58.34600067,-131.7075958,58.71429825,-131.1889038,https://nrs.objectstore.gov.bc.ca/wrfdel/calpuff/3ddat/201901/d02/1030/x102y302x111y311.201901.10x10.d02.m3d
x102y312x111y321.201901.10x10.d02.m3d,2019,1,d02,1031,102,312,111,321,58.70080185,-131.8144073,59.06940079,-131.2915955,https://nrs.objectstore.gov.bc.ca/wrfdel/calpuff/3ddat/201901/d02/1031/x102y312x111y321.201901.10x10.d02.m3d
x102y322x111y331.201901.10x10.d02.m3d,2019,1,d02,1032,102,322,111,331,59.05540085,-131.9232025,59.42419815,-131.3963928,https://nrs.objectstore.gov.bc.ca/wrfdel/calpuff/3ddat/201901/d02/1032/x102y322x111y331.201901.10x10.d02.m3d
x102y332x111y341.201901.10x10.d02.m3d,2019,1,d02,1033,102,332,111,341,59.40969849,-132.0343018,59.77870178,-131.5032959,https://nrs.objectstore.gov.bc.ca/wrfdel/calpuff/3ddat/201901/d02/1033/x102y332x111y341.201901.10x10.d02.m3d
x102y342x111y351.201901.10x10.d02.m3d,2019,1,d02,1034,102,342,111,351,59.76380157,-132.1475983,60.13299942,-131.6123962,https://nrs.objectstore.gov.bc.ca/wrfdel/calpuff/3ddat/201901/d02/1034/x102y342x111y351.201901.10x10.d02.m3d
x102y352x111y361.201901.10x10.d02.m3d,2019,1,d02,1035,102,352,111,361,60.11750031,-132.2631989,60.48699951,-131.7238007,https://nrs.objectstore.gov.bc.ca/wrfdel/calpuff/3ddat/201901/d02/1035/x102y352x111y361.201901.10x10.d02.m3d
x102y362x111y371.201901.10x10.d02.m3d,2019,1,d02,1036,102,362,111,371,60.47100067,-132.3811951,60.84069824,-131.8374023,https://nrs.objectstore.gov.bc.ca/wrfdel/calpuff/3ddat/201901/d02/1036/x102y362x111y371.201901.10x10.d02.m3d
x102y372x111y373.201901.10x10.d02.m3d,2019,1,d02,1037,102,372,111,373,60.82410049,-132.5016022,60.91139984,-131.8603973,https://nrs.objectstore.gov.bc.ca/wrfdel/calpuff/3ddat/201901/d02/1037/x102y372x111y373.201901.10x10.d02.m3d
x112y002x121y011.201901.10x10.d02.m3d,2019,1,d02,1100,112,2,121,11,47.71620178,-128.7238007,48.0707016,-128.2996979,https://nrs.objectstore.gov.bc.ca/wrfdel/calpuff/3ddat/201901/d02/1100/x112y002x121y011.201901.10x10.d02.m3d
x112y012x121y021.201901.10x10.d02.m3d,2019,1,d02,1101,112,12,121,21,48.07099915,-128.7837982,48.42599869,-128.3569031,https://nrs.objectstore.gov.bc.ca/wrfdel/calpuff/3ddat/201901/d02/1101/x112y012x121y021.201901.10x10.d02.m3d
x112y022x121y031.201901.10x10.d02.m3d,2019,1,d02,1102,112,22,121,31,48.42599869,-128.8446045,48.78150177,-128.4149017,https://nrs.objectstore.gov.bc.ca/wrfdel/calpuff/3ddat/201901/d02/1102/x112y022x121y031.201901.10x10.d02.m3d
x112y032x121y041.201901.10x10.d02.m3d,2019,1,d02,1103,112,32,121,41,48.78120041,-128.9064026,49.13710022,-128.4738007,https://nrs.objectstore.gov.bc.ca/wrfdel/calpuff/3ddat/201901/d02/1103/x112y032x121y041.201901.10x10.d02.m3d
x112y042x121y051.201901.10x10.d02.m3d,2019,1,d02,1104,112,42,121,51,49.13660049,-128.9691925,49.49300003,-128.5337067,https://nrs.objectstore.gov.bc.ca/wrfdel/calpuff/3ddat/201901/d02/1104/x112y042x121y051.201901.10x10.d02.m3d
x112y052x121y061.201901.10x10.d02.m3d,2019,1,d02,1105,112,52,121,61,49.49219894,-129.0328979,49.84899902,-128.5944977,https://nrs.objectstore.gov.bc.ca/wrfdel/calpuff/3ddat/201901/d02/1105/x112y052x121y061.201901.10x10.d02.m3d
x112y062x121y071.201901.10x10.d02.m3d,2019,1,d02,1106,112,62,121,71,49.84790039,-129.097702,50.2052002,-128.6562958,https://nrs.objectstore.gov.bc.ca/wrfdel/calpuff/3ddat/201901/d02/1106/x112y062x121y071.201901.10x10.d02.m3d
x112y072x121y081.201901.10x10.d02.m3d,2019,1,d02,1107,112,72,121,81,50.2038002,-129.1634979,50.56159973,-128.7189941,https://nrs.objectstore.gov.bc.ca/wrfdel/calpuff/3ddat/201901/d02/1107/x112y072x121y081.201901.10x10.d02.m3d
x112y082x121y091.201901.10x10.d02.m3d,2019,1,d02,1108,112,82,121,91,50.55989838,-129.2303009,50.91809845,-128.7828064,https://nrs.objectstore.gov.bc.ca/wrfdel/calpuff/3ddat/201901/d02/1108/x112y082x121y091.201901.10x10.d02.m3d
x112y092x121y101.201901.10x10.d02.m3d,2019,1,d02,1109,112,92,121,101,50.91600037,-129.2982025,51.27460098,-128.8475952,https://nrs.objectstore.gov.bc.ca/wrfdel/calpuff/3ddat/201901/d02/1109/x112y092x121y101.201901.10x10.d02.m3d
x112y102x121y111.201901.10x10.d02.m3d,2019,1,d02,1110,112,102,121,111,51.27230072,-129.3672943,51.63130188,-128.9136047,https://nrs.objectstore.gov.bc.ca/wrfdel/calpuff/3ddat/201901/d02/1110/x112y102x121y111.201901.10x10.d02.m3d
x112y112x121y121.201901.10x10.d02.m3d,2019,1,d02,1111,112,112,121,121,51.62870026,-129.4373932,51.98809814,-128.9806061,https://nrs.objectstore.gov.bc.ca/wrfdel/calpuff/3ddat/201901/d02/1111/x112y112x121y121.201901.10x10.d02.m3d
x112y122x121y131.201901.10x10.d02.m3d,2019,1,d02,1112,112,122,121,131,51.98519897,-129.5088043,52.34500122,-129.0487061,https://nrs.objectstore.gov.bc.ca/wrfdel/calpuff/3ddat/201901/d02/1112/x112y122x121y131.201901.10x10.d02.m3d
x112y132x121y141.201901.10x10.d02.m3d,2019,1,d02,1113,112,132,121,141,52.34170151,-129.5812988,52.70190048,-129.1179047,https://nrs.objectstore.gov.bc.ca/wrfdel/calpuff/3ddat/201901/d02/1113/x112y132x121y141.201901.10x10.d02.m3d
x112y142x121y151.201901.10x10.d02.m3d,2019,1,d02,1114,112,142,121,151,52.69829941,-129.6549988,53.05889893,-129.1884003,https://nrs.objectstore.gov.bc.ca/wrfdel/calpuff/3ddat/201901/d02/1114/x112y142x121y151.201901.10x10.d02.m3d
x112y152x121y161.201901.10x10.d02.m3d,2019,1,d02,1115,112,152,121,161,53.05490112,-129.7299957,53.41600037,-129.2599945,https://nrs.objectstore.gov.bc.ca/wrfdel/calpuff/3ddat/201901/d02/1115/x112y152x121y161.201901.10x10.d02.m3d
x112y162x121y171.201901.10x10.d02.m3d,2019,1,d02,1116,112,162,121,171,53.41159821,-129.8063049,53.77299881,-129.332901,https://nrs.objectstore.gov.bc.ca/wrfdel/calpuff/3ddat/201901/d02/1116/x112y162x121y171.201901.10x10.d02.m3d
x112y172x121y181.201901.10x10.d02.m3d,2019,1,d02,1117,112,172,121,181,53.7682991,-129.8838959,54.13000107,-129.4071045,https://nrs.objectstore.gov.bc.ca/wrfdel/calpuff/3ddat/201901/d02/1117/x112y172x121y181.201901.10x10.d02.m3d
x112y182x121y191.201901.10x10.d02.m3d,2019,1,d02,1118,112,182,121,191,54.125,-129.9629059,54.48709869,-129.4824982,https://nrs.objectstore.gov.bc.ca/wrfdel/calpuff/3ddat/201901/d02/1118/x112y182x121y191.201901.10x10.d02.m3d
x112y192x121y201.201901.10x10.d02.m3d,2019,1,d02,1119,112,192,121,201,54.4817009,-130.0431976,54.84410095,-129.5592957,https://nrs.objectstore.gov.bc.ca/wrfdel/calpuff/3ddat/201901/d02/1119/x112y192x121y201.201901.10x10.d02.m3d
x112y202x121y211.201901.10x10.d02.m3d,2019,1,d02,1120,112,202,121,211,54.8382988,-130.125,55.2010994,-129.6374969,https://nrs.objectstore.gov.bc.ca/wrfdel/calpuff/3ddat/201901/d02/1120/x112y202x121y211.201901.10x10.d02.m3d
x112y212x121y221.201901.10x10.d02.m3d,2019,1,d02,1121,112,212,121,221,55.19490051,-130.2082062,55.55799866,-129.7171021,https://nrs.objectstore.gov.bc.ca/wrfdel/calpuff/3ddat/201901/d02/1121/x112y212x121y221.201901.10x10.d02.m3d
x112y222x121y231.201901.10x10.d02.m3d,2019,1,d02,1122,112,222,121,231,55.55149841,-130.2929993,55.91490173,-129.7982025,https://nrs.objectstore.gov.bc.ca/wrfdel/calpuff/3ddat/201901/d02/1122/x112y222x121y231.201901.10x10.d02.m3d
x112y232x121y241.201901.10x10.d02.m3d,2019,1,d02,1123,112,232,121,241,55.90790176,-130.379303,56.27159882,-129.8807068,https://nrs.objectstore.gov.bc.ca/wrfdel/calpuff/3ddat/201901/d02/1123/x112y232x121y241.201901.10x10.d02.m3d
x112y242x121y251.201901.10x10.d02.m3d,2019,1,d02,1124,112,242,121,251,56.2643013,-130.4671936,56.62829971,-129.964798,https://nrs.objectstore.gov.bc.ca/wrfdel/calpuff/3ddat/201901/d02/1124/x112y242x121y251.201901.10x10.d02.m3d
x112y252x121y261.201901.10x10.d02.m3d,2019,1,d02,1125,112,252,121,261,56.62060165,-130.5565948,56.98490143,-130.0503998,https://nrs.objectstore.gov.bc.ca/wrfdel/calpuff/3ddat/201901/d02/1125/x112y252x121y261.201901.10x10.d02.m3d
x112y262x121y271.201901.10x10.d02.m3d,2019,1,d02,1126,112,262,121,271,56.97669983,-130.6477966,57.34130096,-130.1376953,https://nrs.objectstore.gov.bc.ca/wrfdel/calpuff/3ddat/201901/d02/1126/x112y262x121y271.201901.10x10.d02.m3d
x112y272x121y281.201901.10x10.d02.m3d,2019,1,d02,1127,112,272,121,281,57.33280182,-130.7407074,57.69760132,-130.2266998,https://nrs.objectstore.gov.bc.ca/wrfdel/calpuff/3ddat/201901/d02/1127/x112y272x121y281.201901.10x10.d02.m3d
x112y282x121y291.201901.10x10.d02.m3d,2019,1,d02,1128,112,282,121,291,57.68859863,-130.8354034,58.05369949,-130.3173065,https://nrs.objectstore.gov.bc.ca/wrfdel/calpuff/3ddat/201901/d02/1128/x112y282x121y291.201901.10x10.d02.m3d
x112y292x121y301.201901.10x10.d02.m3d,2019,1,d02,1129,112,292,121,301,58.04430008,-130.9319,58.40969849,-130.4098053,https://nrs.objectstore.gov.bc.ca/wrfdel/calpuff/3ddat/201901/d02/1129/x112y292x121y301.201901.10x10.d02.m3d
x112y302x121y311.201901.10x10.d02.m3d,2019,1,d02,1130,112,302,121,311,58.39979935,-131.030304,58.76539993,-130.5039978,https://nrs.objectstore.gov.bc.ca/wrfdel/calpuff/3ddat/201901/d02/1130/x112y302x121y311.201901.10x10.d02.m3d
x112y312x121y321.201901.10x10.d02.m3d,2019,1,d02,1131,112,312,121,321,58.75510025,-131.1306,59.1208992,-130.6000977,https://nrs.objectstore.gov.bc.ca/wrfdel/calpuff/3ddat/201901/d02/1131/x112y312x121y321.201901.10x10.d02.m3d
x112y322x121y331.201901.10x10.d02.m3d,2019,1,d02,1132,112,322,121,331,59.11019897,-131.2328949,59.4762001,-130.6981049,https://nrs.objectstore.gov.bc.ca/wrfdel/calpuff/3ddat/201901/d02/1132/x112y322x121y331.201901.10x10.d02.m3d
x112y332x121y341.201901.10x10.d02.m3d,2019,1,d02,1133,112,332,121,341,59.46500015,-131.337204,59.83129883,-130.7980957,https://nrs.objectstore.gov.bc.ca/wrfdel/calpuff/3ddat/201901/d02/1133/x112y332x121y341.201901.10x10.d02.m3d
x112y342x121y351.201901.10x10.d02.m3d,2019,1,d02,1134,112,342,121,351,59.81959915,-131.4436035,60.18610001,-130.9002075,https://nrs.objectstore.gov.bc.ca/wrfdel/calpuff/3ddat/201901/d02/1134/x112y342x121y351.201901.10x10.d02.m3d
x112y352x121y361.201901.10x10.d02.m3d,2019,1,d02,1135,112,352,121,361,60.1739006,-131.5523071,60.54059982,-131.0043945,https://nrs.objectstore.gov.bc.ca/wrfdel/calpuff/3ddat/201901/d02/1135/x112y352x121y361.201901.10x10.d02.m3d
x112y362x121y371.201901.10x10.d02.m3d,2019,1,d02,1136,112,362,121,371,60.5279007,-131.6631012,60.89479828,-131.1107025,https://nrs.objectstore.gov.bc.ca/wrfdel/calpuff/3ddat/201901/d02/1136/x112y362x121y371.201901.10x10.d02.m3d
x112y372x121y373.201901.10x10.d02.m3d,2019,1,d02,1137,112,372,121,373,60.88159943,-131.7763062,60.96559906,-131.1322021,https://nrs.objectstore.gov.bc.ca/wrfdel/calpuff/3ddat/201901/d02/1137/x112y372x121y373.201901.10x10.d02.m3d
x122y002x131y011.201901.10x10.d02.m3d,2019,1,d02,1200,122,2,131,11,47.75490189,-128.1961975,48.10720062,-127.7677994,https://nrs.objectstore.gov.bc.ca/wrfdel/calpuff/3ddat/201901/d02/1200/x122y002x131y011.201901.10x10.d02.m3d
x122y012x131y021.201901.10x10.d02.m3d,2019,1,d02,1201,122,12,131,21,48.11000061,-128.2521973,48.46279907,-127.8209,https://nrs.objectstore.gov.bc.ca/wrfdel/calpuff/3ddat/201901/d02/1201/x122y012x131y021.201901.10x10.d02.m3d
x122y022x131y031.201901.10x10.d02.m3d,2019,1,d02,1202,122,22,131,31,48.46530151,-128.3090057,48.8185997,-127.8748016,https://nrs.objectstore.gov.bc.ca/wrfdel/calpuff/3ddat/201901/d02/1202/x122y022x131y031.201901.10x10.d02.m3d
x122y032x131y041.201901.10x10.d02.m3d,2019,1,d02,1203,122,32,131,41,48.82089996,-128.3666992,49.17459869,-127.9296036,https://nrs.objectstore.gov.bc.ca/wrfdel/calpuff/3ddat/201901/d02/1203/x122y032x131y041.201901.10x10.d02.m3d
x122y042x131y051.201901.10x10.d02.m3d,2019,1,d02,1204,122,42,131,51,49.17660141,-128.4253998,49.53079987,-127.985199,https://nrs.objectstore.gov.bc.ca/wrfdel/calpuff/3ddat/201901/d02/1204/x122y042x131y051.201901.10x10.d02.m3d
x122y052x131y061.201901.10x10.d02.m3d,2019,1,d02,1205,122,52,131,61,49.53250122,-128.4848938,49.8871994,-128.0417023,https://nrs.objectstore.gov.bc.ca/wrfdel/calpuff/3ddat/201901/d02/1205/x122y052x131y061.201901.10x10.d02.m3d
x122y062x131y071.201901.10x10.d02.m3d,2019,1,d02,1206,122,62,131,71,49.8885994,-128.5453949,50.24369812,-128.0991974,https://nrs.objectstore.gov.bc.ca/wrfdel/calpuff/3ddat/201901/d02/1206/x122y062x131y071.201901.10x10.d02.m3d
x122y072x131y081.201901.10x10.d02.m3d,2019,1,d02,1207,122,72,131,81,50.24480057,-128.6067963,50.60029984,-128.1575012,https://nrs.objectstore.gov.bc.ca/wrfdel/calpuff/3ddat/201901/d02/1207/x122y072x131y081.201901.10x10.d02.m3d
x122y082x131y091.201901.10x10.d02.m3d,2019,1,d02,1208,122,82,131,91,50.6012001,-128.6692047,50.9571991,-128.2167969,https://nrs.objectstore.gov.bc.ca/wrfdel/calpuff/3ddat/201901/d02/1208/x122y082x131y091.201901.10x10.d02.m3d
x122y092x131y101.201901.10x10.d02.m3d,2019,1,d02,1209,122,92,131,101,50.95780182,-128.7326965,51.31409836,-128.2769928,https://nrs.objectstore.gov.bc.ca/wrfdel/calpuff/3ddat/201901/d02/1209/x122y092x131y101.201901.10x10.d02.m3d
x122y102x131y111.201901.10x10.d02.m3d,2019,1,d02,1210,122,102,131,111,51.31439972,-128.7971039,51.67110062,-128.3383026,https://nrs.objectstore.gov.bc.ca/wrfdel/calpuff/3ddat/201901/d02/1210/x122y102x131y111.201901.10x10.d02.m3d
x122y112x131y121.201901.10x10.d02.m3d,2019,1,d02,1211,122,112,131,121,51.67110062,-128.8627014,52.02830124,-128.4006042,https://nrs.objectstore.gov.bc.ca/wrfdel/calpuff/3ddat/201901/d02/1211/x122y112x131y121.201901.10x10.d02.m3d
x122y122x131y131.201901.10x10.d02.m3d,2019,1,d02,1212,122,122,131,131,52.02799988,-128.929306,52.38550186,-128.4638977,https://nrs.objectstore.gov.bc.ca/wrfdel/calpuff/3ddat/201901/d02/1212/x122y122x131y131.201901.10x10.d02.m3d
x122y132x131y141.201901.10x10.d02.m3d,2019,1,d02,1213,122,132,131,141,52.38489914,-128.996994,52.74280167,-128.5283051,https://nrs.objectstore.gov.bc.ca/wrfdel/calpuff/3ddat/201901/d02/1213/x122y132x131y141.201901.10x10.d02.m3d
x122y142x131y151.201901.10x10.d02.m3d,2019,1,d02,1214,122,142,131,151,52.7419014,-129.0659943,53.10010147,-128.5937958,https://nrs.objectstore.gov.bc.ca/wrfdel/calpuff/3ddat/201901/d02/1214/x122y142x131y151.201901.10x10.d02.m3d
x122y152x131y161.201901.10x10.d02.m3d,2019,1,d02,1215,122,152,131,161,53.09889984,-129.1360016,53.45750046,-128.6604004,https://nrs.objectstore.gov.bc.ca/wrfdel/calpuff/3ddat/201901/d02/1215/x122y152x131y161.201901.10x10.d02.m3d
x122y162x131y171.201901.10x10.d02.m3d,2019,1,d02,1216,122,162,131,171,53.45589828,-129.2073059,53.81489944,-128.7281036,https://nrs.objectstore.gov.bc.ca/wrfdel/calpuff/3ddat/201901/d02/1216/x122y162x131y171.201901.10x10.d02.m3d
x122y172x131y181.201901.10x10.d02.m3d,2019,1,d02,1217,122,172,131,181,53.81299973,-129.2798004,54.17229843,-128.7971039,https://nrs.objectstore.gov.bc.ca/wrfdel/calpuff/3ddat/201901/d02/1217/x122y172x131y181.201901.10x10.d02.m3d
x122y182x131y191.201901.10x10.d02.m3d,2019,1,d02,1218,122,182,131,191,54.17010117,-129.3536072,54.52970123,-128.8672028,https://nrs.objectstore.gov.bc.ca/wrfdel/calpuff/3ddat/201901/d02/1218/x122y182x131y191.201901.10x10.d02.m3d
x122y192x131y201.201901.10x10.d02.m3d,2019,1,d02,1219,122,192,131,201,54.52719879,-129.4286041,54.88710022,-128.9387054,https://nrs.objectstore.gov.bc.ca/wrfdel/calpuff/3ddat/201901/d02/1219/x122y192x131y201.201901.10x10.d02.m3d
x122y202x131y211.201901.10x10.d02.m3d,2019,1,d02,1220,122,202,131,211,54.88420105,-129.5050049,55.24449921,-129.0113983,https://nrs.objectstore.gov.bc.ca/wrfdel/calpuff/3ddat/201901/d02/1220/x122y202x131y211.201901.10x10.d02.m3d
x122y212x131y221.201901.10x10.d02.m3d,2019,1,d02,1221,122,212,131,221,55.24129868,-129.5827942,55.60179901,-129.0854034,https://nrs.objectstore.gov.bc.ca/wrfdel/calpuff/3ddat/201901/d02/1221/x122y212x131y221.201901.10x10.d02.m3d
x122y222x131y231.201901.10x10.d02.m3d,2019,1,d02,1222,122,222,131,231,55.59820175,-129.6620026,55.95909882,-129.1607971,https://nrs.objectstore.gov.bc.ca/wrfdel/calpuff/3ddat/201901/d02/1222/x122y222x131y231.201901.10x10.d02.m3d
x122y232x131y241.201901.10x10.d02.m3d,2019,1,d02,1223,122,232,131,241,55.95510101,-129.7425995,56.31629944,-129.2375031,https://nrs.objectstore.gov.bc.ca/wrfdel/calpuff/3ddat/201901/d02/1223/x122y232x131y241.201901.10x10.d02.m3d
x122y242x131y251.201901.10x10.d02.m3d,2019,1,d02,1224,122,242,131,251,56.31190109,-129.824707,56.6733017,-129.3157043,https://nrs.objectstore.gov.bc.ca/wrfdel/calpuff/3ddat/201901/d02/1224/x122y242x131y251.201901.10x10.d02.m3d
x122y252x131y261.201901.10x10.d02.m3d,2019,1,d02,1225,122,252,131,261,56.66859818,-129.9084015,57.03030014,-129.395401,https://nrs.objectstore.gov.bc.ca/wrfdel/calpuff/3ddat/201901/d02/1225/x122y252x131y261.201901.10x10.d02.m3d
x122y262x131y271.201901.10x10.d02.m3d,2019,1,d02,1226,122,262,131,271,57.02519989,-129.9936066,57.3871994,-129.4765015,https://nrs.objectstore.gov.bc.ca/wrfdel/calpuff/3ddat/201901/d02/1226/x122y262x131y271.201901.10x10.d02.m3d
x122y272x131y281.201901.10x10.d02.m3d,2019,1,d02,1227,122,272,131,281,57.38169861,-130.0803986,57.7439003,-129.5592041,https://nrs.objectstore.gov.bc.ca/wrfdel/calpuff/3ddat/201901/d02/1227/x122y272x131y281.201901.10x10.d02.m3d
x122y282x131y291.201901.10x10.d02.m3d,2019,1,d02,1228,122,282,131,291,57.73799896,-130.1688995,58.10039902,-129.6436005,https://nrs.objectstore.gov.bc.ca/wrfdel/calpuff/3ddat/201901/d02/1228/x122y282x131y291.201901.10x10.d02.m3d
x122y292x131y301.201901.10x10.d02.m3d,2019,1,d02,1229,122,292,131,301,58.09420013,-130.2590942,58.45679855,-129.729599,https://nrs.objectstore.gov.bc.ca/wrfdel/calpuff/3ddat/201901/d02/1229/x122y292x131y301.201901.10x10.d02.m3d
x122y302x131y311.201901.10x10.d02.m3d,2019,1,d02,1230,122,302,131,311,58.45009995,-130.3511047,58.81299973,-129.8171997,https://nrs.objectstore.gov.bc.ca/wrfdel/calpuff/3ddat/201901/d02/1230/x122y302x131y311.201901.10x10.d02.m3d
x122y312x131y321.201901.10x10.d02.m3d,2019,1,d02,1231,122,312,131,321,58.80590057,-130.4447937,59.16899872,-129.906601,https://nrs.objectstore.gov.bc.ca/wrfdel/calpuff/3ddat/201901/d02/1231/x122y312x131y321.201901.10x10.d02.m3d
x122y322x131y331.201901.10x10.d02.m3d,2019,1,d02,1232,122,322,131,331,59.16149902,-130.5404968,59.52470016,-129.9978027,https://nrs.objectstore.gov.bc.ca/wrfdel/calpuff/3ddat/201901/d02/1232/x122y322x131y331.201901.10x10.d02.m3d
x122y332x131y341.201901.10x10.d02.m3d,2019,1,d02,1233,122,332,131,341,59.51679993,-130.6380005,59.88029861,-130.0908966,https://nrs.objectstore.gov.bc.ca/wrfdel/calpuff/3ddat/201901/d02/1233/x122y332x131y341.201901.10x10.d02.m3d
x122y342x131y351.201901.10x10.d02.m3d,2019,1,d02,1234,122,342,131,351,59.87179947,-130.7375031,60.23550034,-130.1858063,https://nrs.objectstore.gov.bc.ca/wrfdel/calpuff/3ddat/201901/d02/1234/x122y342x131y351.201901.10x10.d02.m3d
x122y352x131y361.201901.10x10.d02.m3d,2019,1,d02,1235,122,352,131,361,60.22669983,-130.8390961,60.59049988,-130.2828064,https://nrs.objectstore.gov.bc.ca/wrfdel/calpuff/3ddat/201901/d02/1235/x122y352x131y361.201901.10x10.d02.m3d
x122y362x131y371.201901.10x10.d02.m3d,2019,1,d02,1236,122,362,131,371,60.58119965,-130.9427948,60.94520187,-130.3816986,https://nrs.objectstore.gov.bc.ca/wrfdel/calpuff/3ddat/201901/d02/1236/x122y362x131y371.201901.10x10.d02.m3d
x122y372x131y373.201901.10x10.d02.m3d,2019,1,d02,1237,122,372,131,373,60.9353981,-131.0485992,61.01610184,-130.4017944,https://nrs.objectstore.gov.bc.ca/wrfdel/calpuff/3ddat/201901/d02/1237/x122y372x131y373.201901.10x10.d02.m3d
x132y002x141y011.201901.10x10.d02.m3d,2019,1,d02,1300,132,2,141,11,47.79090118,-127.6678009,48.14110184,-127.2350006,https://nrs.objectstore.gov.bc.ca/wrfdel/calpuff/3ddat/201901/d02/1300/x132y002x141y011.201901.10x10.d02.m3d
x132y012x141y021.201901.10x10.d02.m3d,2019,1,d02,1301,132,12,141,21,48.14630127,-127.7198029,48.49689865,-127.2841034,https://nrs.objectstore.gov.bc.ca/wrfdel/calpuff/3ddat/201901/d02/1301/x132y012x141y021.201901.10x10.d02.m3d
x132y022x141y031.201901.10x10.d02.m3d,2019,1,d02,1302,132,22,141,31,48.50189972,-127.7725983,48.85300064,-127.3339005,https://nrs.objectstore.gov.bc.ca/wrfdel/calpuff/3ddat/201901/d02/1302/x132y022x141y031.201901.10x10.d02.m3d
x132y032x141y041.201901.10x10.d02.m3d,2019,1,d02,1303,132,32,141,41,48.85779953,-127.8262024,49.20930099,-127.3844986,https://nrs.objectstore.gov.bc.ca/wrfdel/calpuff/3ddat/201901/d02/1303/x132y032x141y041.201901.10x10.d02.m3d
x132y042x141y051.201901.10x10.d02.m3d,2019,1,d02,1304,132,42,141,51,49.21379852,-127.8806,49.56579971,-127.4358978,https://nrs.objectstore.gov.bc.ca/wrfdel/calpuff/3ddat/201901/d02/1304/x132y042x141y051.201901.10x10.d02.m3d
x132y052x141y061.201901.10x10.d02.m3d,2019,1,d02,1305,132,52,141,61,49.57009888,-127.9358978,49.92240143,-127.4880981,https://nrs.objectstore.gov.bc.ca/wrfdel/calpuff/3ddat/201901/d02/1305/x132y052x141y061.201901.10x10.d02.m3d
x132y062x141y071.201901.10x10.d02.m3d,2019,1,d02,1306,132,62,141,71,49.92649841,-127.9921036,50.27930069,-127.5410995,https://nrs.objectstore.gov.bc.ca/wrfdel/calpuff/3ddat/201901/d02/1306/x132y062x141y071.201901.10x10.d02.m3d
x132y072x141y081.201901.10x10.d02.m3d,2019,1,d02,1307,132,72,141,81,50.28300095,-128.0491028,50.63619995,-127.5950012,https://nrs.objectstore.gov.bc.ca/wrfdel/calpuff/3ddat/201901/d02/1307/x132y072x141y081.201901.10x10.d02.m3d
x132y082x141y091.201901.10x10.d02.m3d,2019,1,d02,1308,132,82,141,91,50.63970184,-128.1071014,50.99340057,-127.6498032,https://nrs.objectstore.gov.bc.ca/wrfdel/calpuff/3ddat/201901/d02/1308/x132y082x141y091.201901.10x10.d02.m3d
x132y092x141y101.201901.10x10.d02.m3d,2019,1,d02,1309,132,92,141,101,50.9966011,-128.1661072,51.3506012,-127.7053986,https://nrs.objectstore.gov.bc.ca/wrfdel/calpuff/3ddat/201901/d02/1309/x132y092x141y101.201901.10x10.d02.m3d
x132y102x141y111.201901.10x10.d02.m3d,2019,1,d02,1310,132,102,141,111,51.35359955,-128.2259979,51.70800018,-127.762001,https://nrs.objectstore.gov.bc.ca/wrfdel/calpuff/3ddat/201901/d02/1310/x132y102x141y111.201901.10x10.d02.m3d
x132y112x141y121.201901.10x10.d02.m3d,2019,1,d02,1311,132,112,141,121,51.71060181,-128.2868042,52.06539917,-127.8195038,https://nrs.objectstore.gov.bc.ca/wrfdel/calpuff/3ddat/201901/d02/1311/x132y112x141y121.201901.10x10.d02.m3d
x132y122x141y131.201901.10x10.d02.m3d,2019,1,d02,1312,132,122,141,131,52.06779861,-128.3486938,52.42290115,-127.8779984,https://nrs.objectstore.gov.bc.ca/wrfdel/calpuff/3ddat/201901/d02/1312/x132y122x141y131.201901.10x10.d02.m3d
x132y132x141y141.201901.10x10.d02.m3d,2019,1,d02,1313,132,132,141,141,52.42509842,-128.4116974,52.7806015,-127.9375,https://nrs.objectstore.gov.bc.ca/wrfdel/calpuff/3ddat/201901/d02/1313/x132y132x141y141.201901.10x10.d02.m3d
x132y142x141y151.201901.10x10.d02.m3d,2019,1,d02,1314,132,142,141,151,52.78239822,-128.4756927,53.13819885,-127.9980011,https://nrs.objectstore.gov.bc.ca/wrfdel/calpuff/3ddat/201901/d02/1314/x132y142x141y151.201901.10x10.d02.m3d
x132y152x141y161.201901.10x10.d02.m3d,2019,1,d02,1315,132,152,141,161,53.13980103,-128.540802,53.4958992,-128.0596008,https://nrs.objectstore.gov.bc.ca/wrfdel/calpuff/3ddat/201901/d02/1315/x132y152x141y161.201901.10x10.d02.m3d
x132y162x141y171.201901.10x10.d02.m3d,2019,1,d02,1316,132,162,141,171,53.49720001,-128.6069946,53.85369873,-128.1221924,https://nrs.objectstore.gov.bc.ca/wrfdel/calpuff/3ddat/201901/d02/1316/x132y162x141y171.201901.10x10.d02.m3d
x132y172x141y181.201901.10x10.d02.m3d,2019,1,d02,1317,132,172,141,181,53.85469818,-128.6743927,54.21149826,-128.1858978,https://nrs.objectstore.gov.bc.ca/wrfdel/calpuff/3ddat/201901/d02/1317/x132y172x141y181.201901.10x10.d02.m3d
x132y182x141y191.201901.10x10.d02.m3d,2019,1,d02,1318,132,182,141,191,54.21210098,-128.7429047,54.56919861,-128.2507019,https://nrs.objectstore.gov.bc.ca/wrfdel/calpuff/3ddat/201901/d02/1318/x132y182x141y191.201901.10x10.d02.m3d
x132y192x141y201.201901.10x10.d02.m3d,2019,1,d02,1319,132,192,141,201,54.56959915,-128.8126984,54.92699814,-128.3166962,https://nrs.objectstore.gov.bc.ca/wrfdel/calpuff/3ddat/201901/d02/1319/x132y192x141y201.201901.10x10.d02.m3d
x132y202x141y211.201901.10x10.d02.m3d,2019,1,d02,1320,132,202,141,211,54.92699814,-128.8836975,55.28469849,-128.3838959,https://nrs.objectstore.gov.bc.ca/wrfdel/calpuff/3ddat/201901/d02/1320/x132y202x141y211.201901.10x10.d02.m3d
x132y212x141y221.201901.10x10.d02.m3d,2019,1,d02,1321,132,212,141,221,55.28440094,-128.9559937,55.64239883,-128.452301,https://nrs.objectstore.gov.bc.ca/wrfdel/calpuff/3ddat/201901/d02/1321/x132y212x141y221.201901.10x10.d02.m3d
x132y222x141y231.201901.10x10.d02.m3d,2019,1,d02,1322,132,222,141,231,55.64179993,-129.0294952,56,-128.5218964,https://nrs.objectstore.gov.bc.ca/wrfdel/calpuff/3ddat/201901/d02/1322/x132y222x141y231.201901.10x10.d02.m3d
x132y232x141y241.201901.10x10.d02.m3d,2019,1,d02,1323,132,232,141,241,55.99900055,-129.1045074,56.35760117,-128.5928955,https://nrs.objectstore.gov.bc.ca/wrfdel/calpuff/3ddat/201901/d02/1323/x132y232x141y241.201901.10x10.d02.m3d
x132y242x141y251.201901.10x10.d02.m3d,2019,1,d02,1324,132,242,141,251,56.35620117,-129.1808014,56.71500015,-128.6651001,https://nrs.objectstore.gov.bc.ca/wrfdel/calpuff/3ddat/201901/d02/1324/x132y242x141y251.201901.10x10.d02.m3d
x132y252x141y261.201901.10x10.d02.m3d,2019,1,d02,1325,132,252,141,261,56.71340179,-129.258606,57.07239914,-128.7388,https://nrs.objectstore.gov.bc.ca/wrfdel/calpuff/3ddat/201901/d02/1325/x132y252x141y261.201901.10x10.d02.m3d
x132y262x141y271.201901.10x10.d02.m3d,2019,1,d02,1326,132,262,141,271,57.07040024,-129.3377991,57.42959976,-128.813797,https://nrs.objectstore.gov.bc.ca/wrfdel/calpuff/3ddat/201901/d02/1326/x132y262x141y271.201901.10x10.d02.m3d
x132y272x141y281.201901.10x10.d02.m3d,2019,1,d02,1327,132,272,141,281,57.42720032,-129.4185028,57.7867012,-128.8901978,https://nrs.objectstore.gov.bc.ca/wrfdel/calpuff/3ddat/201901/d02/1327/x132y272x141y281.201901.10x10.d02.m3d
x132y282x141y291.201901.10x10.d02.m3d,2019,1,d02,1328,132,282,141,291,57.7840004,-129.5007019,58.14369965,-128.9682007,https://nrs.objectstore.gov.bc.ca/wrfdel/calpuff/3ddat/201901/d02/1328/x132y282x141y291.201901.10x10.d02.m3d
x132y292x141y301.201901.10x10.d02.m3d,2019,1,d02,1329,132,292,141,301,58.1405983,-129.5845947,58.50049973,-129.047699,https://nrs.objectstore.gov.bc.ca/wrfdel/calpuff/3ddat/201901/d02/1329/x132y292x141y301.201901.10x10.d02.m3d
x132y302x141y311.201901.10x10.d02.m3d,2019,1,d02,1330,132,302,141,311,58.49700165,-129.670105,58.85710144,-129.1286926,https://nrs.objectstore.gov.bc.ca/wrfdel/calpuff/3ddat/201901/d02/1330/x132y302x141y311.201901.10x10.d02.m3d
x132y312x141y321.201901.10x10.d02.m3d,2019,1,d02,1331,132,312,141,321,58.85319901,-129.7572021,59.21350098,-129.2113953,https://nrs.objectstore.gov.bc.ca/wrfdel/calpuff/3ddat/201901/d02/1331/x132y312x141y321.201901.10x10.d02.m3d
x132y322x141y331.201901.10x10.d02.m3d,2019,1,d02,1332,132,322,141,331,59.20920181,-129.8462067,59.56969833,-129.2957001,https://nrs.objectstore.gov.bc.ca/wrfdel/calpuff/3ddat/201901/d02/1332/x132y322x141y331.201901.10x10.d02.m3d
x132y332x141y341.201901.10x10.d02.m3d,2019,1,d02,1333,132,332,141,341,59.56499863,-129.9367981,59.92559814,-129.3816986,https://nrs.objectstore.gov.bc.ca/wrfdel/calpuff/3ddat/201901/d02/1333/x132y332x141y341.201901.10x10.d02.m3d
x132y342x141y351.201901.10x10.d02.m3d,2019,1,d02,1334,132,342,141,351,59.92050171,-130.0294037,60.28129959,-129.4694977,https://nrs.objectstore.gov.bc.ca/wrfdel/calpuff/3ddat/201901/d02/1334/x132y342x141y351.201901.10x10.d02.m3d
x132y352x141y361.201901.10x10.d02.m3d,2019,1,d02,1335,132,352,141,361,60.2757988,-130.1237946,60.63679886,-129.5592041,https://nrs.objectstore.gov.bc.ca/wrfdel/calpuff/3ddat/201901/d02/1335/x132y352x141y361.201901.10x10.d02.m3d
x132y362x141y371.201901.10x10.d02.m3d,2019,1,d02,1336,132,362,141,371,60.63079834,-130.2201996,60.9919014,-129.6506958,https://nrs.objectstore.gov.bc.ca/wrfdel/calpuff/3ddat/201901/d02/1336/x132y362x141y371.201901.10x10.d02.m3d
x132y372x141y373.201901.10x10.d02.m3d,2019,1,d02,1337,132,372,141,373,60.98550034,-130.3186035,61.06290054,-129.6692047,https://nrs.objectstore.gov.bc.ca/wrfdel/calpuff/3ddat/201901/d02/1337/x132y372x141y373.201901.10x10.d02.m3d
x142y002x151y011.201901.10x10.d02.m3d,2019,1,d02,1400,142,2,151,11,47.82419968,-127.1386032,48.17219925,-126.7015991,https://nrs.objectstore.gov.bc.ca/wrfdel/calpuff/3ddat/201901/d02/1400/x142y002x151y011.201901.10x10.d02.m3d
x142y012x151y021.201901.10x10.d02.m3d,2019,1,d02,1401,142,12,151,21,48.17990112,-127.1865997,48.52830124,-126.7464981,https://nrs.objectstore.gov.bc.ca/wrfdel/calpuff/3ddat/201901/d02/1401/x142y012x151y021.201901.10x10.d02.m3d
x142y022x151y031.201901.10x10.d02.m3d,2019,1,d02,1402,142,22,151,31,48.53580093,-127.2352982,48.88470078,-126.7921982,https://nrs.objectstore.gov.bc.ca/wrfdel/calpuff/3ddat/201901/d02/1402/x142y022x151y031.201901.10x10.d02.m3d
x142y032x151y041.201901.10x10.d02.m3d,2019,1,d02,1403,142,32,151,41,48.89189911,-127.2847977,49.24119949,-126.8386002,https://nrs.objectstore.gov.bc.ca/wrfdel/calpuff/3ddat/201901/d02/1403/x142y032x151y041.201901.10x10.d02.m3d
x142y042x151y051.201901.10x10.d02.m3d,2019,1,d02,1404,142,42,151,51,49.24829865,-127.3349991,49.59799957,-126.8856964,https://nrs.objectstore.gov.bc.ca/wrfdel/calpuff/3ddat/201901/d02/1404/x142y042x151y051.201901.10x10.d02.m3d
x142y052x151y061.201901.10x10.d02.m3d,2019,1,d02,1405,142,52,151,61,49.60480118,-127.3860016,49.95489883,-126.9336014,https://nrs.objectstore.gov.bc.ca/wrfdel/calpuff/3ddat/201901/d02/1405/x142y052x151y061.201901.10x10.d02.m3d
x142y062x151y071.201901.10x10.d02.m3d,2019,1,d02,1406,142,62,151,71,49.96149826,-127.4378967,50.31200027,-126.9822006,https://nrs.objectstore.gov.bc.ca/wrfdel/calpuff/3ddat/201901/d02/1406/x142y062x151y071.201901.10x10.d02.m3d
x142y072x151y081.201901.10x10.d02.m3d,2019,1,d02,1407,142,72,151,81,50.31840134,-127.4906006,50.66930008,-127.031601,https://nrs.objectstore.gov.bc.ca/wrfdel/calpuff/3ddat/201901/d02/1407/x142y072x151y081.201901.10x10.d02.m3d
x142y082x151y091.201901.10x10.d02.m3d,2019,1,d02,1408,142,82,151,91,50.67539978,-127.5440979,51.02659988,-127.0818024,https://nrs.objectstore.gov.bc.ca/wrfdel/calpuff/3ddat/201901/d02/1408/x142y082x151y091.201901.10x10.d02.m3d
x142y092x151y101.201901.10x10.d02.m3d,2019,1,d02,1409,142,92,151,101,51.03250122,-127.5985031,51.38420105,-127.1328964,https://nrs.objectstore.gov.bc.ca/wrfdel/calpuff/3ddat/201901/d02/1409/x142y092x151y101.201901.10x10.d02.m3d
x142y102x151y111.201901.10x10.d02.m3d,2019,1,d02,1410,142,102,151,111,51.38980103,-127.653801,51.7417984,-127.1847992,https://nrs.objectstore.gov.bc.ca/wrfdel/calpuff/3ddat/201901/d02/1410/x142y102x151y111.201901.10x10.d02.m3d
x142y112x151y121.201901.10x10.d02.m3d,2019,1,d02,1411,142,112,151,121,51.74720001,-127.7099991,52.09960175,-127.2375031,https://nrs.objectstore.gov.bc.ca/wrfdel/calpuff/3ddat/201901/d02/1411/x142y112x151y121.201901.10x10.d02.m3d
x142y122x151y131.201901.10x10.d02.m3d,2019,1,d02,1412,142,122,151,131,52.10469818,-127.7670975,52.45740128,-127.2911987,https://nrs.objectstore.gov.bc.ca/wrfdel/calpuff/3ddat/201901/d02/1412/x142y122x151y131.201901.10x10.d02.m3d
x142y132x151y141.201901.10x10.d02.m3d,2019,1,d02,1413,142,132,151,141,52.46229935,-127.8252029,52.81529999,-127.3457031,https://nrs.objectstore.gov.bc.ca/wrfdel/calpuff/3ddat/201901/d02/1413/x142y132x151y141.201901.10x10.d02.m3d
x142y142x151y151.201901.10x10.d02.m3d,2019,1,d02,1414,142,142,151,151,52.81990051,-127.8843002,53.1733017,-127.4011993,https://nrs.objectstore.gov.bc.ca/wrfdel/calpuff/3ddat/201901/d02/1414/x142y142x151y151.201901.10x10.d02.m3d
x142y152x151y161.201901.10x10.d02.m3d,2019,1,d02,1415,142,152,151,161,53.17760086,-127.944397,53.53129959,-127.4577026,https://nrs.objectstore.gov.bc.ca/wrfdel/calpuff/3ddat/201901/d02/1415/x142y152x151y161.201901.10x10.d02.m3d
x142y162x151y171.201901.10x10.d02.m3d,2019,1,d02,1416,142,162,151,171,53.53540039,-128.0056,53.88940048,-127.5150986,https://nrs.objectstore.gov.bc.ca/wrfdel/calpuff/3ddat/201901/d02/1416/x142y162x151y171.201901.10x10.d02.m3d
x142y172x151y181.201901.10x10.d02.m3d,2019,1,d02,1417,142,172,151,181,53.89319992,-128.0677948,54.24750137,-127.5736008,https://nrs.objectstore.gov.bc.ca/wrfdel/calpuff/3ddat/201901/d02/1417/x142y172x151y181.201901.10x10.d02.m3d
x142y182x151y191.201901.10x10.d02.m3d,2019,1,d02,1418,142,182,151,191,54.25099945,-128.1311035,54.60559845,-127.6330032,https://nrs.objectstore.gov.bc.ca/wrfdel/calpuff/3ddat/201901/d02/1418/x142y182x151y191.201901.10x10.d02.m3d
x142y192x151y201.201901.10x10.d02.m3d,2019,1,d02,1419,142,192,151,201,54.60879898,-128.1954956,54.96360016,-127.6934967,https://nrs.objectstore.gov.bc.ca/wrfdel/calpuff/3ddat/201901/d02/1419/x142y192x151y201.201901.10x10.d02.m3d
x142y202x151y211.201901.10x10.d02.m3d,2019,1,d02,1420,142,202,151,211,54.96659851,-128.2610016,55.32170105,-127.7552032,https://nrs.objectstore.gov.bc.ca/wrfdel/calpuff/3ddat/201901/d02/1420/x142y202x151y211.201901.10x10.d02.m3d
x142y212x151y221.201901.10x10.d02.m3d,2019,1,d02,1421,142,212,151,221,55.32429886,-128.3278046,55.67969894,-127.8179016,https://nrs.objectstore.gov.bc.ca/wrfdel/calpuff/3ddat/201901/d02/1421/x142y212x151y221.201901.10x10.d02.m3d
x142y222x151y231.201901.10x10.d02.m3d,2019,1,d02,1422,142,222,151,231,55.68199921,-128.3957977,56.03770065,-127.8817978,https://nrs.objectstore.gov.bc.ca/wrfdel/calpuff/3ddat/201901/d02/1422/x142y222x151y231.201901.10x10.d02.m3d
x142y232x151y241.201901.10x10.d02.m3d,2019,1,d02,1423,142,232,151,241,56.03969955,-128.4649963,56.39559937,-127.9468994,https://nrs.objectstore.gov.bc.ca/wrfdel/calpuff/3ddat/201901/d02/1423/x142y232x151y241.201901.10x10.d02.m3d
x142y242x151y251.201901.10x10.d02.m3d,2019,1,d02,1424,142,242,151,251,56.39730072,-128.5354004,56.7533989,-128.0131989,https://nrs.objectstore.gov.bc.ca/wrfdel/calpuff/3ddat/201901/d02/1424/x142y242x151y251.201901.10x10.d02.m3d
x142y252x151y261.201901.10x10.d02.m3d,2019,1,d02,1425,142,252,151,261,56.75479889,-128.607193,57.11109924,-128.0807953,https://nrs.objectstore.gov.bc.ca/wrfdel/calpuff/3ddat/201901/d02/1425/x142y252x151y261.201901.10x10.d02.m3d
x142y262x151y271.201901.10x10.d02.m3d,2019,1,d02,1426,142,262,151,271,57.11220169,-128.6804047,57.46870041,-128.1495972,https://nrs.objectstore.gov.bc.ca/wrfdel/calpuff/3ddat/201901/d02/1426/x142y262x151y271.201901.10x10.d02.m3d
x142y272x151y281.201901.10x10.d02.m3d,2019,1,d02,1427,142,272,151,281,57.4693985,-128.7550049,57.82619858,-128.2198029,https://nrs.objectstore.gov.bc.ca/wrfdel/calpuff/3ddat/201901/d02/1427/x142y272x151y281.201901.10x10.d02.m3d
x142y282x151y291.201901.10x10.d02.m3d,2019,1,d02,1428,142,282,151,291,57.82659912,-128.8309021,58.18349838,-128.2913055,https://nrs.objectstore.gov.bc.ca/wrfdel/calpuff/3ddat/201901/d02/1428/x142y282x151y291.201901.10x10.d02.m3d
x142y292x151y301.201901.10x10.d02.m3d,2019,1,d02,1429,142,292,151,301,58.18349838,-128.9084015,58.54069901,-128.3641968,https://nrs.objectstore.gov.bc.ca/wrfdel/calpuff/3ddat/201901/d02/1429/x142y292x151y301.201901.10x10.d02.m3d
x142y302x151y311.201901.10x10.d02.m3d,2019,1,d02,1430,142,302,151,311,58.54029846,-128.9873962,58.89759827,-128.4385986,https://nrs.objectstore.gov.bc.ca/wrfdel/calpuff/3ddat/201901/d02/1430/x142y302x151y311.201901.10x10.d02.m3d
x142y312x151y321.201901.10x10.d02.m3d,2019,1,d02,1431,142,312,151,321,58.89699936,-129.0679016,59.25439835,-128.5144043,https://nrs.objectstore.gov.bc.ca/wrfdel/calpuff/3ddat/201901/d02/1431/x142y312x151y321.201901.10x10.d02.m3d
x142y322x151y331.201901.10x10.d02.m3d,2019,1,d02,1432,142,322,151,331,59.2533989,-129.1499939,59.61100006,-128.5917969,https://nrs.objectstore.gov.bc.ca/wrfdel/calpuff/3ddat/201901/d02/1432/x142y322x151y331.201901.10x10.d02.m3d
x142y332x151y341.201901.10x10.d02.m3d,2019,1,d02,1433,142,332,151,341,59.60960007,-129.2337952,59.9673996,-128.6708069,https://nrs.objectstore.gov.bc.ca/wrfdel/calpuff/3ddat/201901/d02/1433/x142y332x151y341.201901.10x10.d02.m3d
x142y342x151y351.201901.10x10.d02.m3d,2019,1,d02,1434,142,342,151,351,59.96559906,-129.3193054,60.32350159,-128.7514038,https://nrs.objectstore.gov.bc.ca/wrfdel/calpuff/3ddat/201901/d02/1434/x142y342x151y351.201901.10x10.d02.m3d
x142y352x151y361.201901.10x10.d02.m3d,2019,1,d02,1435,142,352,151,361,60.32130051,-129.406601,60.6792984,-128.8336945,https://nrs.objectstore.gov.bc.ca/wrfdel/calpuff/3ddat/201901/d02/1435/x142y352x151y361.201901.10x10.d02.m3d
x142y362x151y371.201901.10x10.d02.m3d,2019,1,d02,1436,142,362,151,371,60.67670059,-129.495697,61.03490067,-128.9176941,https://nrs.objectstore.gov.bc.ca/wrfdel/calpuff/3ddat/201901/d02/1436/x142y362x151y371.201901.10x10.d02.m3d
x142y372x151y373.201901.10x10.d02.m3d,2019,1,d02,1437,142,372,151,373,61.0318985,-129.5865936,61.10599899,-128.9346924,https://nrs.objectstore.gov.bc.ca/wrfdel/calpuff/3ddat/201901/d02/1437/x142y372x151y373.201901.10x10.d02.m3d
x152y002x161y011.201901.10x10.d02.m3d,2019,1,d02,1500,152,2,161,11,47.85480118,-126.6085968,48.20059967,-126.1673965,https://nrs.objectstore.gov.bc.ca/wrfdel/calpuff/3ddat/201901/d02/1500/x152y002x161y011.201901.10x10.d02.m3d
x152y012x161y021.201901.10x10.d02.m3d,2019,1,d02,1501,152,12,161,21,48.21080017,-126.6526031,48.55699921,-126.2082977,https://nrs.objectstore.gov.bc.ca/wrfdel/calpuff/3ddat/201901/d02/1501/x152y012x161y021.201901.10x10.d02.m3d
x152y022x161y031.201901.10x10.d02.m3d,2019,1,d02,1502,152,22,161,31,48.56689835,-126.697197,48.91360092,-126.2498016,https://nrs.objectstore.gov.bc.ca/wrfdel/calpuff/3ddat/201901/d02/1502/x152y022x161y031.201901.10x10.d02.m3d
x152y032x161y041.201901.10x10.d02.m3d,2019,1,d02,1503,152,32,161,41,48.9233017,-126.7425995,49.270401,-126.2919998,https://nrs.objectstore.gov.bc.ca/wrfdel/calpuff/3ddat/201901/d02/1503/x152y032x161y041.201901.10x10.d02.m3d
x152y042x161y051.201901.10x10.d02.m3d,2019,1,d02,1504,152,42,161,51,49.2798996,-126.7885971,49.62730026,-126.3348007,https://nrs.objectstore.gov.bc.ca/wrfdel/calpuff/3ddat/201901/d02/1504/x152y042x161y051.201901.10x10.d02.m3d
x152y052x161y061.201901.10x10.d02.m3d,2019,1,d02,1505,152,52,161,61,49.63669968,-126.8354034,49.98450089,-126.3783035,https://nrs.objectstore.gov.bc.ca/wrfdel/calpuff/3ddat/201901/d02/1505/x152y052x161y061.201901.10x10.d02.m3d
x152y062x161y071.201901.10x10.d02.m3d,2019,1,d02,1506,152,62,161,71,49.99369812,-126.8828964,50.34189987,-126.4225006,https://nrs.objectstore.gov.bc.ca/wrfdel/calpuff/3ddat/201901/d02/1506/x152y062x161y071.201901.10x10.d02.m3d
x152y072x161y081.201901.10x10.d02.m3d,2019,1,d02,1507,152,72,161,81,50.35079956,-126.9310989,50.69940186,-126.4673996,https://nrs.objectstore.gov.bc.ca/wrfdel/calpuff/3ddat/201901/d02/1507/x152y072x161y081.201901.10x10.d02.m3d
x152y082x161y091.201901.10x10.d02.m3d,2019,1,d02,1508,152,82,161,91,50.70809937,-126.9802017,51.05699921,-126.5130997,https://nrs.objectstore.gov.bc.ca/wrfdel/calpuff/3ddat/201901/d02/1508/x152y082x161y091.201901.10x10.d02.m3d
x152y092x161y101.201901.10x10.d02.m3d,2019,1,d02,1509,152,92,161,101,51.06560135,-127.0299988,51.41479874,-126.5595016,https://nrs.objectstore.gov.bc.ca/wrfdel/calpuff/3ddat/201901/d02/1509/x152y092x161y101.201901.10x10.d02.m3d
x152y102x161y111.201901.10x10.d02.m3d,2019,1,d02,1510,152,102,161,111,51.42309952,-127.0807037,51.77270126,-126.6066971,https://nrs.objectstore.gov.bc.ca/wrfdel/calpuff/3ddat/201901/d02/1510/x152y102x161y111.201901.10x10.d02.m3d
x152y112x161y121.201901.10x10.d02.m3d,2019,1,d02,1511,152,112,161,121,51.78079987,-127.1322021,52.13079834,-126.6546021,https://nrs.objectstore.gov.bc.ca/wrfdel/calpuff/3ddat/201901/d02/1511/x152y112x161y121.201901.10x10.d02.m3d
x152y122x161y131.201901.10x10.d02.m3d,2019,1,d02,1512,152,122,161,131,52.1385994,-127.1846008,52.48889923,-126.7033997,https://nrs.objectstore.gov.bc.ca/wrfdel/calpuff/3ddat/201901/d02/1512/x152y122x161y131.201901.10x10.d02.m3d
x152y132x161y141.201901.10x10.d02.m3d,2019,1,d02,1513,152,132,161,141,52.49649811,-127.2378006,52.8470993,-126.7529984,https://nrs.objectstore.gov.bc.ca/wrfdel/calpuff/3ddat/201901/d02/1513/x152y132x161y141.201901.10x10.d02.m3d
x152y142x161y151.201901.10x10.d02.m3d,2019,1,d02,1514,152,142,161,151,52.85440063,-127.2919998,53.20529938,-126.8034973,https://nrs.objectstore.gov.bc.ca/wrfdel/calpuff/3ddat/201901/d02/1514/x152y142x161y151.201901.10x10.d02.m3d
x152y152x161y161.201901.10x10.d02.m3d,2019,1,d02,1515,152,152,161,161,53.21239853,-127.3470001,53.56359863,-126.8547974,https://nrs.objectstore.gov.bc.ca/wrfdel/calpuff/3ddat/201901/d02/1515/x152y152x161y161.201901.10x10.d02.m3d
x152y162x161y171.201901.10x10.d02.m3d,2019,1,d02,1516,152,162,161,171,53.57049942,-127.4030991,53.92200089,-126.9069977,https://nrs.objectstore.gov.bc.ca/wrfdel/calpuff/3ddat/201901/d02/1516/x152y162x161y171.201901.10x10.d02.m3d
x152y172x161y181.201901.10x10.d02.m3d,2019,1,d02,1517,152,172,161,181,53.92860031,-127.4600983,54.28039932,-126.9601974,https://nrs.objectstore.gov.bc.ca/wrfdel/calpuff/3ddat/201901/d02/1517/x152y172x161y181.201901.10x10.d02.m3d
x152y182x161y191.201901.10x10.d02.m3d,2019,1,d02,1518,152,182,161,191,54.2867012,-127.5180969,54.63869858,-127.0141983,https://nrs.objectstore.gov.bc.ca/wrfdel/calpuff/3ddat/201901/d02/1518/x152y182x161y191.201901.10x10.d02.m3d
x152y192x161y201.201901.10x10.d02.m3d,2019,1,d02,1519,152,192,161,201,54.64479828,-127.5771027,54.99710083,-127.0692978,https://nrs.objectstore.gov.bc.ca/wrfdel/calpuff/3ddat/201901/d02/1519/x152y192x161y201.201901.10x10.d02.m3d
x152y202x161y211.201901.10x10.d02.m3d,2019,1,d02,1520,152,202,161,211,55.00289917,-127.6371994,55.35549927,-127.1253967,https://nrs.objectstore.gov.bc.ca/wrfdel/calpuff/3ddat/201901/d02/1520/x152y202x161y211.201901.10x10.d02.m3d
x152y212x161y221.201901.10x10.d02.m3d,2019,1,d02,1521,152,212,161,221,55.36100006,-127.6984024,55.71379852,-127.1824036,https://nrs.objectstore.gov.bc.ca/wrfdel/calpuff/3ddat/201901/d02/1521/x152y212x161y221.201901.10x10.d02.m3d
x152y222x161y231.201901.10x10.d02.m3d,2019,1,d02,1522,152,222,161,231,55.71910095,-127.7606964,56.07210159,-127.2405014,https://nrs.objectstore.gov.bc.ca/wrfdel/calpuff/3ddat/201901/d02/1522/x152y222x161y231.201901.10x10.d02.m3d
x152y232x161y241.201901.10x10.d02.m3d,2019,1,d02,1523,152,232,161,241,56.07709885,-127.8240967,56.43030167,-127.2996979,https://nrs.objectstore.gov.bc.ca/wrfdel/calpuff/3ddat/201901/d02/1523/x152y232x161y241.201901.10x10.d02.m3d
x152y242x161y251.201901.10x10.d02.m3d,2019,1,d02,1524,152,242,161,251,56.43500137,-127.8888016,56.78839874,-127.3600006,https://nrs.objectstore.gov.bc.ca/wrfdel/calpuff/3ddat/201901/d02/1524/x152y242x161y251.201901.10x10.d02.m3d
x152y252x161y261.201901.10x10.d02.m3d,2019,1,d02,1525,152,252,161,261,56.7928009,-127.9545975,57.14640045,-127.4215012,https://nrs.objectstore.gov.bc.ca/wrfdel/calpuff/3ddat/201901/d02/1525/x152y252x161y261.201901.10x10.d02.m3d
x152y262x161y271.201901.10x10.d02.m3d,2019,1,d02,1526,152,262,161,271,57.15060043,-128.0216064,57.50439835,-127.4841003,https://nrs.objectstore.gov.bc.ca/wrfdel/calpuff/3ddat/201901/d02/1526/x152y262x161y271.201901.10x10.d02.m3d
x152y272x161y281.201901.10x10.d02.m3d,2019,1,d02,1527,152,272,161,281,57.5082016,-128.0899963,57.86220169,-127.5478973,https://nrs.objectstore.gov.bc.ca/wrfdel/calpuff/3ddat/201901/d02/1527/x152y272x161y281.201901.10x10.d02.m3d
x152y282x161y291.201901.10x10.d02.m3d,2019,1,d02,1528,152,282,161,291,57.86569977,-128.1596985,58.21979904,-127.612999,https://nrs.objectstore.gov.bc.ca/wrfdel/calpuff/3ddat/201901/d02/1528/x152y282x161y291.201901.10x10.d02.m3d
x152y292x161y301.201901.10x10.d02.m3d,2019,1,d02,1529,152,292,161,301,58.22299957,-128.2306976,58.57730103,-127.6792984,https://nrs.objectstore.gov.bc.ca/wrfdel/calpuff/3ddat/201901/d02/1529/x152y292x161y301.201901.10x10.d02.m3d
x152y302x161y311.201901.10x10.d02.m3d,2019,1,d02,1530,152,302,161,311,58.5802002,-128.3031006,58.93470001,-127.7470016,https://nrs.objectstore.gov.bc.ca/wrfdel/calpuff/3ddat/201901/d02/1530/x152y302x161y311.201901.10x10.d02.m3d
x152y312x161y321.201901.10x10.d02.m3d,2019,1,d02,1531,152,312,161,321,58.93719864,-128.3769073,59.29180145,-127.8160019,https://nrs.objectstore.gov.bc.ca/wrfdel/calpuff/3ddat/201901/d02/1531/x152y312x161y321.201901.10x10.d02.m3d
x152y322x161y331.201901.10x10.d02.m3d,2019,1,d02,1532,152,322,161,331,59.29399872,-128.452301,59.6487999,-127.8863983,https://nrs.objectstore.gov.bc.ca/wrfdel/calpuff/3ddat/201901/d02/1532/x152y322x161y331.201901.10x10.d02.m3d
x152y332x161y341.201901.10x10.d02.m3d,2019,1,d02,1533,152,332,161,341,59.65060043,-128.5290985,60.00550079,-127.9581985,https://nrs.objectstore.gov.bc.ca/wrfdel/calpuff/3ddat/201901/d02/1533/x152y332x161y341.201901.10x10.d02.m3d
x152y342x161y351.201901.10x10.d02.m3d,2019,1,d02,1534,152,342,161,351,60.00699997,-128.6074982,60.36199951,-128.031601,https://nrs.objectstore.gov.bc.ca/wrfdel/calpuff/3ddat/201901/d02/1534/x152y342x161y351.201901.10x10.d02.m3d
x152y352x161y361.201901.10x10.d02.m3d,2019,1,d02,1535,152,352,161,361,60.36309814,-128.6876068,60.71820068,-128.1063995,https://nrs.objectstore.gov.bc.ca/wrfdel/calpuff/3ddat/201901/d02/1535/x152y352x161y361.201901.10x10.d02.m3d
x152y362x161y371.201901.10x10.d02.m3d,2019,1,d02,1536,152,362,161,371,60.71900177,-128.7693024,61.07410049,-128.1829071,https://nrs.objectstore.gov.bc.ca/wrfdel/calpuff/3ddat/201901/d02/1536/x152y362x161y371.201901.10x10.d02.m3d
x152y372x161y373.201901.10x10.d02.m3d,2019,1,d02,1537,152,372,161,373,61.07450104,-128.8527069,61.14530182,-128.1983948,https://nrs.objectstore.gov.bc.ca/wrfdel/calpuff/3ddat/201901/d02/1537/x152y372x161y373.201901.10x10.d02.m3d
x162y002x171y011.201901.10x10.d02.m3d,2019,1,d02,1600,162,2,171,11,47.88270187,-126.0780029,48.22629929,-125.6325989,https://nrs.objectstore.gov.bc.ca/wrfdel/calpuff/3ddat/201901/d02/1600/x162y002x171y011.201901.10x10.d02.m3d
x162y012x171y021.201901.10x10.d02.m3d,2019,1,d02,1601,162,12,171,21,48.23889923,-126.1179962,48.582901,-125.6694031,https://nrs.objectstore.gov.bc.ca/wrfdel/calpuff/3ddat/201901/d02/1601/x162y012x171y021.201901.10x10.d02.m3d
x162y022x171y031.201901.10x10.d02.m3d,2019,1,d02,1602,162,22,171,31,48.59529877,-126.1585007,48.93970108,-125.7067032,https://nrs.objectstore.gov.bc.ca/wrfdel/calpuff/3ddat/201901/d02/1602/x162y022x171y031.201901.10x10.d02.m3d
x162y032x171y041.201901.10x10.d02.m3d,2019,1,d02,1603,162,32,171,41,48.95199966,-126.1996002,49.29669952,-125.7446976,https://nrs.objectstore.gov.bc.ca/wrfdel/calpuff/3ddat/201901/d02/1603/x162y032x171y041.201901.10x10.d02.m3d
x162y042x171y051.201901.10x10.d02.m3d,2019,1,d02,1604,162,42,171,51,49.30879974,-126.2414017,49.65390015,-125.7832031,https://nrs.objectstore.gov.bc.ca/wrfdel/calpuff/3ddat/201901/d02/1604/x162y042x171y051.201901.10x10.d02.m3d
x162y052x171y061.201901.10x10.d02.m3d,2019,1,d02,1605,162,52,171,61,49.66579819,-126.2838974,50.01129913,-125.8223038,https://nrs.objectstore.gov.bc.ca/wrfdel/calpuff/3ddat/201901/d02/1605/x162y052x171y061.201901.10x10.d02.m3d
x162y062x171y071.201901.10x10.d02.m3d,2019,1,d02,1606,162,62,171,71,50.02310181,-126.3271027,50.3689003,-125.8620987,https://nrs.objectstore.gov.bc.ca/wrfdel/calpuff/3ddat/201901/d02/1606/x162y062x171y071.201901.10x10.d02.m3d
x162y072x171y081.201901.10x10.d02.m3d,2019,1,d02,1607,162,72,171,81,50.38040161,-126.370903,50.72660065,-125.9024963,https://nrs.objectstore.gov.bc.ca/wrfdel/calpuff/3ddat/201901/d02/1607/x162y072x171y081.201901.10x10.d02.m3d
x162y082x171y091.201901.10x10.d02.m3d,2019,1,d02,1608,162,82,171,91,50.73799896,-126.4154968,51.08449936,-125.9436035,https://nrs.objectstore.gov.bc.ca/wrfdel/calpuff/3ddat/201901/d02/1608/x162y082x171y091.201901.10x10.d02.m3d
x162y092x171y101.201901.10x10.d02.m3d,2019,1,d02,1609,162,92,171,101,51.09569931,-126.460701,51.44250107,-125.9853973,https://nrs.objectstore.gov.bc.ca/wrfdel/calpuff/3ddat/201901/d02/1609/x162y092x171y101.201901.10x10.d02.m3d
x162y102x171y111.201901.10x10.d02.m3d,2019,1,d02,1610,162,102,171,111,51.45349884,-126.5067978,51.80070114,-126.0278015,https://nrs.objectstore.gov.bc.ca/wrfdel/calpuff/3ddat/201901/d02/1610/x162y102x171y111.201901.10x10.d02.m3d
x162y112x171y121.201901.10x10.d02.m3d,2019,1,d02,1611,162,112,171,121,51.81150055,-126.5534973,52.1590004,-126.0709991,https://nrs.objectstore.gov.bc.ca/wrfdel/calpuff/3ddat/201901/d02/1611/x162y112x171y121.201901.10x10.d02.m3d
x162y122x171y131.201901.10x10.d02.m3d,2019,1,d02,1612,162,122,171,131,52.16949844,-126.6010971,52.51729965,-126.1147995,https://nrs.objectstore.gov.bc.ca/wrfdel/calpuff/3ddat/201901/d02/1612/x162y122x171y131.201901.10x10.d02.m3d
x162y132x171y141.201901.10x10.d02.m3d,2019,1,d02,1613,162,132,171,141,52.52769852,-126.649498,52.87580109,-126.1595001,https://nrs.objectstore.gov.bc.ca/wrfdel/calpuff/3ddat/201901/d02/1613/x162y132x171y141.201901.10x10.d02.m3d
x162y142x171y151.201901.10x10.d02.m3d,2019,1,d02,1614,162,142,171,151,52.88589859,-126.6987,53.23429871,-126.2049026,https://nrs.objectstore.gov.bc.ca/wrfdel/calpuff/3ddat/201901/d02/1614/x162y142x171y151.201901.10x10.d02.m3d
x162y152x171y161.201901.10x10.d02.m3d,2019,1,d02,1615,162,152,171,161,53.24420166,-126.748703,53.59280014,-126.2509995,https://nrs.objectstore.gov.bc.ca/wrfdel/calpuff/3ddat/201901/d02/1615/x162y152x171y161.201901.10x10.d02.m3d
x162y162x171y171.201901.10x10.d02.m3d,2019,1,d02,1616,162,162,171,171,53.60250092,-126.7995987,53.95140076,-126.2979965,https://nrs.objectstore.gov.bc.ca/wrfdel/calpuff/3ddat/201901/d02/1616/x162y162x171y171.201901.10x10.d02.m3d
x162y172x171y181.201901.10x10.d02.m3d,2019,1,d02,1617,162,172,171,181,53.96089935,-126.8514023,54.31010056,-126.3458023,https://nrs.objectstore.gov.bc.ca/wrfdel/calpuff/3ddat/201901/d02/1617/x162y172x171y181.201901.10x10.d02.m3d
x162y182x171y191.201901.10x10.d02.m3d,2019,1,d02,1618,162,182,171,191,54.31930161,-126.9040985,54.66870117,-126.3945007,https://nrs.objectstore.gov.bc.ca/wrfdel/calpuff/3ddat/201901/d02/1618/x162y182x171y191.201901.10x10.d02.m3d
x162y192x171y201.201901.10x10.d02.m3d,2019,1,d02,1619,162,192,171,201,54.67770004,-126.9577026,55.02740097,-126.4440994,https://nrs.objectstore.gov.bc.ca/wrfdel/calpuff/3ddat/201901/d02/1619/x162y192x171y201.201901.10x10.d02.m3d
x162y202x171y211.201901.10x10.d02.m3d,2019,1,d02,1620,162,202,171,211,55.03609848,-127.0122986,55.38600159,-126.4944992,https://nrs.objectstore.gov.bc.ca/wrfdel/calpuff/3ddat/201901/d02/1620/x162y202x171y211.201901.10x10.d02.m3d
x162y212x171y221.201901.10x10.d02.m3d,2019,1,d02,1621,162,212,171,221,55.39450073,-127.0679016,55.74459839,-126.5458984,https://nrs.objectstore.gov.bc.ca/wrfdel/calpuff/3ddat/201901/d02/1621/x162y212x171y221.201901.10x10.d02.m3d
x162y222x171y231.201901.10x10.d02.m3d,2019,1,d02,1622,162,222,171,231,55.75279999,-127.1244965,56.10319901,-126.5981979,https://nrs.objectstore.gov.bc.ca/wrfdel/calpuff/3ddat/201901/d02/1622/x162y222x171y231.201901.10x10.d02.m3d
x162y232x171y241.201901.10x10.d02.m3d,2019,1,d02,1623,162,232,171,241,56.11119843,-127.1821976,56.46160126,-126.6513977,https://nrs.objectstore.gov.bc.ca/wrfdel/calpuff/3ddat/201901/d02/1623/x162y232x171y241.201901.10x10.d02.m3d
x162y242x171y251.201901.10x10.d02.m3d,2019,1,d02,1624,162,242,171,251,56.4693985,-127.2408981,56.82009888,-126.7057037,https://nrs.objectstore.gov.bc.ca/wrfdel/calpuff/3ddat/201901/d02/1624/x162y242x171y251.201901.10x10.d02.m3d
x162y252x171y261.201901.10x10.d02.m3d,2019,1,d02,1625,162,252,171,261,56.82749939,-127.3006973,57.17839813,-126.7610016,https://nrs.objectstore.gov.bc.ca/wrfdel/calpuff/3ddat/201901/d02/1625/x162y252x171y261.201901.10x10.d02.m3d
x162y262x171y271.201901.10x10.d02.m3d,2019,1,d02,1626,162,262,171,271,57.18560028,-127.3616028,57.53659821,-126.8173981,https://nrs.objectstore.gov.bc.ca/wrfdel/calpuff/3ddat/201901/d02/1626/x162y262x171y271.201901.10x10.d02.m3d
x162y272x171y281.201901.10x10.d02.m3d,2019,1,d02,1627,162,272,171,281,57.54349899,-127.4236984,57.8946991,-126.8748016,https://nrs.objectstore.gov.bc.ca/wrfdel/calpuff/3ddat/201901/d02/1627/x162y272x171y281.201901.10x10.d02.m3d
x162y282x171y291.201901.10x10.d02.m3d,2019,1,d02,1628,162,282,171,291,57.90140152,-127.4869995,58.25270081,-126.933403,https://nrs.objectstore.gov.bc.ca/wrfdel/calpuff/3ddat/201901/d02/1628/x162y282x171y291.201901.10x10.d02.m3d
x162y292x171y301.201901.10x10.d02.m3d,2019,1,d02,1629,162,292,171,301,58.25899887,-127.5515976,58.61050034,-126.993103,https://nrs.objectstore.gov.bc.ca/wrfdel/calpuff/3ddat/201901/d02/1629/x162y292x171y301.201901.10x10.d02.m3d
x162y302x171y311.201901.10x10.d02.m3d,2019,1,d02,1630,162,302,171,311,58.61660004,-127.6174011,58.96820068,-127.0540009,https://nrs.objectstore.gov.bc.ca/wrfdel/calpuff/3ddat/201901/d02/1630/x162y302x171y311.201901.10x10.d02.m3d
x162y312x171y321.201901.10x10.d02.m3d,2019,1,d02,1631,162,312,171,321,58.97389984,-127.6845016,59.32559967,-127.1162033,https://nrs.objectstore.gov.bc.ca/wrfdel/calpuff/3ddat/201901/d02/1631/x162y312x171y321.201901.10x10.d02.m3d
x162y322x171y331.201901.10x10.d02.m3d,2019,1,d02,1632,162,322,171,331,59.33110046,-127.7529984,59.68289948,-127.1794968,https://nrs.objectstore.gov.bc.ca/wrfdel/calpuff/3ddat/201901/d02/1632/x162y322x171y331.201901.10x10.d02.m3d
x162y332x171y341.201901.10x10.d02.m3d,2019,1,d02,1633,162,332,171,341,59.68799973,-127.8227997,60.03990173,-127.2442017,https://nrs.objectstore.gov.bc.ca/wrfdel/calpuff/3ddat/201901/d02/1633/x162y332x171y341.201901.10x10.d02.m3d
x162y342x171y351.201901.10x10.d02.m3d,2019,1,d02,1634,162,342,171,351,60.0447998,-127.8940964,60.39680099,-127.3102036,https://nrs.objectstore.gov.bc.ca/wrfdel/calpuff/3ddat/201901/d02/1634/x162y342x171y351.201901.10x10.d02.m3d
x162y352x171y361.201901.10x10.d02.m3d,2019,1,d02,1635,162,352,171,361,60.40119934,-127.9669037,60.75329971,-127.3776016,https://nrs.objectstore.gov.bc.ca/wrfdel/calpuff/3ddat/201901/d02/1635/x162y352x171y361.201901.10x10.d02.m3d
x162y362x171y371.201901.10x10.d02.m3d,2019,1,d02,1636,162,362,171,371,60.75749969,-128.0411072,61.10960007,-127.4465027,https://nrs.objectstore.gov.bc.ca/wrfdel/calpuff/3ddat/201901/d02/1636/x162y362x171y371.201901.10x10.d02.m3d
x162y372x171y373.201901.10x10.d02.m3d,2019,1,d02,1637,162,372,171,373,61.11339951,-128.1170044,61.18080139,-127.4604034,https://nrs.objectstore.gov.bc.ca/wrfdel/calpuff/3ddat/201901/d02/1637/x162y372x171y373.201901.10x10.d02.m3d
x172y002x181y011.201901.10x10.d02.m3d,2019,1,d02,1700,172,2,181,11,47.90800095,-125.5467987,48.24919891,-125.0972977,https://nrs.objectstore.gov.bc.ca/wrfdel/calpuff/3ddat/201901/d02/1700/x172y002x181y011.201901.10x10.d02.m3d
x172y012x181y021.201901.10x10.d02.m3d,2019,1,d02,1701,172,12,181,21,48.2643013,-125.5827026,48.60599899,-125.1298981,https://nrs.objectstore.gov.bc.ca/wrfdel/calpuff/3ddat/201901/d02/1701/x172y012x181y021.201901.10x10.d02.m3d
x172y022x181y031.201901.10x10.d02.m3d,2019,1,d02,1702,172,22,181,31,48.62099838,-125.6191025,48.96300125,-125.1631012,https://nrs.objectstore.gov.bc.ca/wrfdel/calpuff/3ddat/201901/d02/1702/x172y022x181y031.201901.10x10.d02.m3d
x172y032x181y041.201901.10x10.d02.m3d,2019,1,d02,1703,172,32,181,41,48.97779846,-125.6560974,49.32020187,-125.1968002,https://nrs.objectstore.gov.bc.ca/wrfdel/calpuff/3ddat/201901/d02/1703/x172y032x181y041.201901.10x10.d02.m3d
x172y042x181y051.201901.10x10.d02.m3d,2019,1,d02,1704,172,42,181,51,49.3348999,-125.6937027,49.67760086,-125.2310028,https://nrs.objectstore.gov.bc.ca/wrfdel/calpuff/3ddat/201901/d02/1704/x172y042x181y051.201901.10x10.d02.m3d
x172y052x181y061.201901.10x10.d02.m3d,2019,1,d02,1705,172,52,181,61,49.69210052,-125.7317963,50.03519821,-125.2657013,https://nrs.objectstore.gov.bc.ca/wrfdel/calpuff/3ddat/201901/d02/1705/x172y052x181y061.201901.10x10.d02.m3d
x172y062x181y071.201901.10x10.d02.m3d,2019,1,d02,1706,172,62,181,71,50.04959869,-125.7705994,50.39300156,-125.3010025,https://nrs.objectstore.gov.bc.ca/wrfdel/calpuff/3ddat/201901/d02/1706/x172y062x181y071.201901.10x10.d02.m3d
x172y072x181y081.201901.10x10.d02.m3d,2019,1,d02,1707,172,72,181,81,50.40719986,-125.8099976,50.75099945,-125.336998,https://nrs.objectstore.gov.bc.ca/wrfdel/calpuff/3ddat/201901/d02/1707/x172y072x181y081.201901.10x10.d02.m3d
x172y082x181y091.201901.10x10.d02.m3d,2019,1,d02,1708,172,82,181,91,50.76499939,-125.8499985,51.10910034,-125.3733978,https://nrs.objectstore.gov.bc.ca/wrfdel/calpuff/3ddat/201901/d02/1708/x172y082x181y091.201901.10x10.d02.m3d
x172y092x181y101.201901.10x10.d02.m3d,2019,1,d02,1709,172,92,181,101,51.1228981,-125.8907013,51.46730042,-125.4104996,https://nrs.objectstore.gov.bc.ca/wrfdel/calpuff/3ddat/201901/d02/1709/x172y092x181y101.201901.10x10.d02.m3d
x172y102x181y111.201901.10x10.d02.m3d,2019,1,d02,1710,172,102,181,111,51.48099899,-125.9320984,51.82569885,-125.4481964,https://nrs.objectstore.gov.bc.ca/wrfdel/calpuff/3ddat/201901/d02/1710/x172y102x181y111.201901.10x10.d02.m3d
x172y112x181y121.201901.10x10.d02.m3d,2019,1,d02,1711,172,112,181,121,51.83909988,-125.9740982,52.18420029,-125.4865036,https://nrs.objectstore.gov.bc.ca/wrfdel/calpuff/3ddat/201901/d02/1711/x172y112x181y121.201901.10x10.d02.m3d
x172y122x181y131.201901.10x10.d02.m3d,2019,1,d02,1712,172,122,181,131,52.19739914,-126.0167999,52.54270172,-125.5254974,https://nrs.objectstore.gov.bc.ca/wrfdel/calpuff/3ddat/201901/d02/1712/x172y122x181y131.201901.10x10.d02.m3d
x172y132x181y141.201901.10x10.d02.m3d,2019,1,d02,1713,172,132,181,141,52.55580139,-126.0603027,52.90140152,-125.5652008,https://nrs.objectstore.gov.bc.ca/wrfdel/calpuff/3ddat/201901/d02/1713/x172y132x181y141.201901.10x10.d02.m3d
x172y142x181y151.201901.10x10.d02.m3d,2019,1,d02,1714,172,142,181,151,52.91429901,-126.1044998,53.26010132,-125.6054993,https://nrs.objectstore.gov.bc.ca/wrfdel/calpuff/3ddat/201901/d02/1714/x172y142x181y151.201901.10x10.d02.m3d
x172y152x181y161.201901.10x10.d02.m3d,2019,1,d02,1715,172,152,181,161,53.27280045,-126.149498,53.6189003,-125.6464996,https://nrs.objectstore.gov.bc.ca/wrfdel/calpuff/3ddat/201901/d02/1715/x172y152x181y161.201901.10x10.d02.m3d
x172y162x181y171.201901.10x10.d02.m3d,2019,1,d02,1716,172,162,181,171,53.63140106,-126.1951981,53.97779846,-125.6882019,https://nrs.objectstore.gov.bc.ca/wrfdel/calpuff/3ddat/201901/d02/1716/x172y162x181y171.201901.10x10.d02.m3d
x172y172x181y181.201901.10x10.d02.m3d,2019,1,d02,1717,172,172,181,181,53.99010086,-126.2417984,54.33660126,-125.7306976,https://nrs.objectstore.gov.bc.ca/wrfdel/calpuff/3ddat/201901/d02/1717/x172y172x181y181.201901.10x10.d02.m3d
x172y182x181y191.201901.10x10.d02.m3d,2019,1,d02,1718,172,182,181,191,54.34870148,-126.2891998,54.69549942,-125.7739029,https://nrs.objectstore.gov.bc.ca/wrfdel/calpuff/3ddat/201901/d02/1718/x172y182x181y191.201901.10x10.d02.m3d
x172y192x181y201.201901.10x10.d02.m3d,2019,1,d02,1719,172,192,181,201,54.70740128,-126.3374023,55.0544014,-125.8179016,https://nrs.objectstore.gov.bc.ca/wrfdel/calpuff/3ddat/201901/d02/1719/x172y192x181y201.201901.10x10.d02.m3d
x172y202x181y211.201901.10x10.d02.m3d,2019,1,d02,1720,172,202,181,211,55.06610107,-126.3863983,55.41329956,-125.8628006,https://nrs.objectstore.gov.bc.ca/wrfdel/calpuff/3ddat/201901/d02/1720/x172y202x181y211.201901.10x10.d02.m3d
x172y212x181y221.201901.10x10.d02.m3d,2019,1,d02,1721,172,212,181,221,55.42470169,-126.4364014,55.77209854,-125.9084015,https://nrs.objectstore.gov.bc.ca/wrfdel/calpuff/3ddat/201901/d02/1721/x172y212x181y221.201901.10x10.d02.m3d
x172y222x181y231.201901.10x10.d02.m3d,2019,1,d02,1722,172,222,181,231,55.78340149,-126.4872971,56.13090134,-125.9548035,https://nrs.objectstore.gov.bc.ca/wrfdel/calpuff/3ddat/201901/d02/1722/x172y222x181y231.201901.10x10.d02.m3d
x172y232x181y241.201901.10x10.d02.m3d,2019,1,d02,1723,172,232,181,241,56.14189911,-126.5391006,56.48970032,-126.0021973,https://nrs.objectstore.gov.bc.ca/wrfdel/calpuff/3ddat/201901/d02/1723/x172y232x181y241.201901.10x10.d02.m3d
x172y242x181y251.201901.10x10.d02.m3d,2019,1,d02,1724,172,242,181,251,56.50040054,-126.5919037,56.84840012,-126.0503998,https://nrs.objectstore.gov.bc.ca/wrfdel/calpuff/3ddat/201901/d02/1724/x172y242x181y251.201901.10x10.d02.m3d
x172y252x181y261.201901.10x10.d02.m3d,2019,1,d02,1725,172,252,181,261,56.85889816,-126.6455994,57.20700073,-126.0995026,https://nrs.objectstore.gov.bc.ca/wrfdel/calpuff/3ddat/201901/d02/1725/x172y252x181y261.201901.10x10.d02.m3d
x172y262x181y271.201901.10x10.d02.m3d,2019,1,d02,1726,172,262,181,271,57.21720123,-126.7004013,57.56539917,-126.1495972,https://nrs.objectstore.gov.bc.ca/wrfdel/calpuff/3ddat/201901/d02/1726/x172y262x181y271.201901.10x10.d02.m3d
x172y272x181y281.201901.10x10.d02.m3d,2019,1,d02,1727,172,272,181,281,57.57550049,-126.7563019,57.92380142,-126.2005997,https://nrs.objectstore.gov.bc.ca/wrfdel/calpuff/3ddat/201901/d02/1727/x172y272x181y281.201901.10x10.d02.m3d
x172y282x181y291.201901.10x10.d02.m3d,2019,1,d02,1728,172,282,181,291,57.93360138,-126.8132019,58.28210068,-126.2526016,https://nrs.objectstore.gov.bc.ca/wrfdel/calpuff/3ddat/201901/d02/1728/x172y282x181y291.201901.10x10.d02.m3d
x172y292x181y301.201901.10x10.d02.m3d,2019,1,d02,1729,172,292,181,301,58.29159927,-126.8712006,58.64020157,-126.3057022,https://nrs.objectstore.gov.bc.ca/wrfdel/calpuff/3ddat/201901/d02/1729/x172y292x181y301.201901.10x10.d02.m3d
x172y302x181y311.201901.10x10.d02.m3d,2019,1,d02,1730,172,302,181,311,58.6493988,-126.930397,58.99810028,-126.3598022,https://nrs.objectstore.gov.bc.ca/wrfdel/calpuff/3ddat/201901/d02/1730/x172y302x181y311.201901.10x10.d02.m3d
x172y312x181y321.201901.10x10.d02.m3d,2019,1,d02,1731,172,312,181,321,59.00709915,-126.9906998,59.35580063,-126.4150009,https://nrs.objectstore.gov.bc.ca/wrfdel/calpuff/3ddat/201901/d02/1731/x172y312x181y321.201901.10x10.d02.m3d
x172y322x181y331.201901.10x10.d02.m3d,2019,1,d02,1732,172,322,181,331,59.36460114,-127.0522995,59.71340179,-126.4713974,https://nrs.objectstore.gov.bc.ca/wrfdel/calpuff/3ddat/201901/d02/1732/x172y322x181y331.201901.10x10.d02.m3d
x172y332x181y341.201901.10x10.d02.m3d,2019,1,d02,1733,172,332,181,341,59.72180176,-127.115097,60.07080078,-126.528801,https://nrs.objectstore.gov.bc.ca/wrfdel/calpuff/3ddat/201901/d02/1733/x172y332x181y341.201901.10x10.d02.m3d
x172y342x181y351.201901.10x10.d02.m3d,2019,1,d02,1734,172,342,181,351,60.07889938,-127.1791992,60.42789841,-126.5875015,https://nrs.objectstore.gov.bc.ca/wrfdel/calpuff/3ddat/201901/d02/1734/x172y342x181y351.201901.10x10.d02.m3d
x172y352x181y361.201901.10x10.d02.m3d,2019,1,d02,1735,172,352,181,361,60.43569946,-127.2445984,60.78469849,-126.6473999,https://nrs.objectstore.gov.bc.ca/wrfdel/calpuff/3ddat/201901/d02/1735/x172y352x181y361.201901.10x10.d02.m3d
x172y362x181y371.201901.10x10.d02.m3d,2019,1,d02,1736,172,362,181,371,60.79230118,-127.3114014,61.1413002,-126.7086029,https://nrs.objectstore.gov.bc.ca/wrfdel/calpuff/3ddat/201901/d02/1736/x172y362x181y371.201901.10x10.d02.m3d
x172y372x181y373.201901.10x10.d02.m3d,2019,1,d02,1737,172,372,181,373,61.14860153,-127.3796005,61.21260071,-126.7210007,https://nrs.objectstore.gov.bc.ca/wrfdel/calpuff/3ddat/201901/d02/1737/x172y372x181y373.201901.10x10.d02.m3d
x182y002x191y011.201901.10x10.d02.m3d,2019,1,d02,1800,182,2,191,11,47.93050003,-125.0150986,48.26940155,-124.5614014,https://nrs.objectstore.gov.bc.ca/wrfdel/calpuff/3ddat/201901/d02/1800/x182y002x191y011.201901.10x10.d02.m3d
x182y012x191y021.201901.10x10.d02.m3d,2019,1,d02,1801,182,12,191,21,48.28699875,-125.0468979,48.62639999,-124.5898972,https://nrs.objectstore.gov.bc.ca/wrfdel/calpuff/3ddat/201901/d02/1801/x182y012x191y021.201901.10x10.d02.m3d
x182y022x191y031.201901.10x10.d02.m3d,2019,1,d02,1802,182,22,191,31,48.64390182,-125.0792007,48.98350143,-124.6188965,https://nrs.objectstore.gov.bc.ca/wrfdel/calpuff/3ddat/201901/d02/1802/x182y022x191y031.201901.10x10.d02.m3d
x182y032x191y041.201901.10x10.d02.m3d,2019,1,d02,1803,182,32,191,41,49.00090027,-125.1119995,49.34090042,-124.6483002,https://nrs.objectstore.gov.bc.ca/wrfdel/calpuff/3ddat/201901/d02/1803/x182y032x191y041.201901.10x10.d02.m3d
x182y042x191y051.201901.10x10.d02.m3d,2019,1,d02,1804,182,42,191,51,49.35810089,-125.1453018,49.69850159,-124.6781998,https://nrs.objectstore.gov.bc.ca/wrfdel/calpuff/3ddat/201901/d02/1804/x182y042x191y051.201901.10x10.d02.m3d
x182y052x191y061.201901.10x10.d02.m3d,2019,1,d02,1805,182,52,191,61,49.71559906,-125.1791,50.05630112,-124.7086029,https://nrs.objectstore.gov.bc.ca/wrfdel/calpuff/3ddat/201901/d02/1805/x182y052x191y061.201901.10x10.d02.m3d
x182y062x191y071.201901.10x10.d02.m3d,2019,1,d02,1806,182,62,191,71,50.07320023,-125.213501,50.41429901,-124.7394028,https://nrs.objectstore.gov.bc.ca/wrfdel/calpuff/3ddat/201901/d02/1806/x182y062x191y071.201901.10x10.d02.m3d
x182y072x191y081.201901.10x10.d02.m3d,2019,1,d02,1807,182,72,191,81,50.43109894,-125.2483978,50.7723999,-124.7707977,https://nrs.objectstore.gov.bc.ca/wrfdel/calpuff/3ddat/201901/d02/1807/x182y072x191y081.201901.10x10.d02.m3d
x182y082x191y091.201901.10x10.d02.m3d,2019,1,d02,1808,182,82,191,91,50.78900146,-125.2838974,51.13069916,-124.8026962,https://nrs.objectstore.gov.bc.ca/wrfdel/calpuff/3ddat/201901/d02/1808/x182y082x191y091.201901.10x10.d02.m3d
x182y092x191y101.201901.10x10.d02.m3d,2019,1,d02,1809,182,92,191,101,51.14720154,-125.3199997,51.48910141,-124.8349991,https://nrs.objectstore.gov.bc.ca/wrfdel/calpuff/3ddat/201901/d02/1809/x182y092x191y101.201901.10x10.d02.m3d
x182y102x191y111.201901.10x10.d02.m3d,2019,1,d02,1810,182,102,191,111,51.50550079,-125.3566971,51.84769821,-124.8679962,https://nrs.objectstore.gov.bc.ca/wrfdel/calpuff/3ddat/201901/d02/1810/x182y102x191y111.201901.10x10.d02.m3d
x182y112x191y121.201901.10x10.d02.m3d,2019,1,d02,1811,182,112,191,121,51.86380005,-125.3939972,52.20629883,-124.9014969,https://nrs.objectstore.gov.bc.ca/wrfdel/calpuff/3ddat/201901/d02/1811/x182y112x191y121.201901.10x10.d02.m3d
x182y122x191y131.201901.10x10.d02.m3d,2019,1,d02,1812,182,122,191,131,52.22240067,-125.4319,52.56510162,-124.9355011,https://nrs.objectstore.gov.bc.ca/wrfdel/calpuff/3ddat/201901/d02/1812/x182y122x191y131.201901.10x10.d02.m3d
x182y132x191y141.201901.10x10.d02.m3d,2019,1,d02,1813,182,132,191,141,52.58100128,-125.4703979,52.92399979,-124.9701996,https://nrs.objectstore.gov.bc.ca/wrfdel/calpuff/3ddat/201901/d02/1813/x182y132x191y141.201901.10x10.d02.m3d
x182y142x191y151.201901.10x10.d02.m3d,2019,1,d02,1814,182,142,191,151,52.93970108,-125.5095978,53.28290176,-125.0054016,https://nrs.objectstore.gov.bc.ca/wrfdel/calpuff/3ddat/201901/d02/1814/x182y142x191y151.201901.10x10.d02.m3d
x182y152x191y161.201901.10x10.d02.m3d,2019,1,d02,1815,182,152,191,161,53.29840088,-125.5494995,53.64189911,-125.0411987,https://nrs.objectstore.gov.bc.ca/wrfdel/calpuff/3ddat/201901/d02/1815/x182y152x191y161.201901.10x10.d02.m3d
x182y162x191y171.201901.10x10.d02.m3d,2019,1,d02,1816,182,162,191,171,53.65719986,-125.5901031,54.00099945,-125.0776978,https://nrs.objectstore.gov.bc.ca/wrfdel/calpuff/3ddat/201901/d02/1816/x182y162x191y171.201901.10x10.d02.m3d
x182y172x191y181.201901.10x10.d02.m3d,2019,1,d02,1817,182,172,191,181,54.01610184,-125.6314011,54.36000061,-125.1147995,https://nrs.objectstore.gov.bc.ca/wrfdel/calpuff/3ddat/201901/d02/1817/x182y172x191y181.201901.10x10.d02.m3d
x182y182x191y191.201901.10x10.d02.m3d,2019,1,d02,1818,182,182,191,191,54.375,-125.6734009,54.71910095,-125.1526031,https://nrs.objectstore.gov.bc.ca/wrfdel/calpuff/3ddat/201901/d02/1818/x182y182x191y191.201901.10x10.d02.m3d
x182y192x191y201.201901.10x10.d02.m3d,2019,1,d02,1819,182,192,191,201,54.73389816,-125.7161026,55.07820129,-125.1910019,https://nrs.objectstore.gov.bc.ca/wrfdel/calpuff/3ddat/201901/d02/1819/x182y192x191y201.201901.10x10.d02.m3d
x182y202x191y211.201901.10x10.d02.m3d,2019,1,d02,1820,182,202,191,211,55.09280014,-125.759697,55.43730164,-125.2302017,https://nrs.objectstore.gov.bc.ca/wrfdel/calpuff/3ddat/201901/d02/1820/x182y202x191y211.201901.10x10.d02.m3d
x182y212x191y221.201901.10x10.d02.m3d,2019,1,d02,1821,182,212,191,221,55.4516983,-125.8040009,55.79639816,-125.2699966,https://nrs.objectstore.gov.bc.ca/wrfdel/calpuff/3ddat/201901/d02/1821/x182y212x191y221.201901.10x10.d02.m3d
x182y222x191y231.201901.10x10.d02.m3d,2019,1,d02,1822,182,222,191,231,55.81060028,-125.8490982,56.15539932,-125.3106003,https://nrs.objectstore.gov.bc.ca/wrfdel/calpuff/3ddat/201901/d02/1822/x182y222x191y231.201901.10x10.d02.m3d
x182y232x191y241.201901.10x10.d02.m3d,2019,1,d02,1823,182,232,191,241,56.16939926,-125.8951035,56.51440048,-125.3519974,https://nrs.objectstore.gov.bc.ca/wrfdel/calpuff/3ddat/201901/d02/1823/x182y232x191y241.201901.10x10.d02.m3d
x182y242x191y251.201901.10x10.d02.m3d,2019,1,d02,1824,182,242,191,251,56.52819824,-125.9419022,56.87329865,-125.3940964,https://nrs.objectstore.gov.bc.ca/wrfdel/calpuff/3ddat/201901/d02/1824/x182y242x191y251.201901.10x10.d02.m3d
x182y252x191y261.201901.10x10.d02.m3d,2019,1,d02,1825,182,252,191,261,56.88690186,-125.9896011,57.23210144,-125.4369965,https://nrs.objectstore.gov.bc.ca/wrfdel/calpuff/3ddat/201901/d02/1825/x182y252x191y261.201901.10x10.d02.m3d
x182y262x191y271.201901.10x10.d02.m3d,2019,1,d02,1826,182,262,191,271,57.24549866,-126.0382004,57.59090042,-125.4807968,https://nrs.objectstore.gov.bc.ca/wrfdel/calpuff/3ddat/201901/d02/1826/x182y262x191y271.201901.10x10.d02.m3d
x182y272x191y281.201901.10x10.d02.m3d,2019,1,d02,1827,182,272,191,281,57.60400009,-126.0876999,57.94950104,-125.5253983,https://nrs.objectstore.gov.bc.ca/wrfdel/calpuff/3ddat/201901/d02/1827/x182y272x191y281.201901.10x10.d02.m3d
x182y282x191y291.201901.10x10.d02.m3d,2019,1,d02,1828,182,282,191,291,57.96239853,-126.1381989,58.30799866,-125.5709,https://nrs.objectstore.gov.bc.ca/wrfdel/calpuff/3ddat/201901/d02/1828/x182y282x191y291.201901.10x10.d02.m3d
x182y292x191y301.201901.10x10.d02.m3d,2019,1,d02,1829,182,292,191,301,58.3205986,-126.1896973,58.66630173,-125.6172028,https://nrs.objectstore.gov.bc.ca/wrfdel/calpuff/3ddat/201901/d02/1829/x182y292x191y301.201901.10x10.d02.m3d
x182y302x191y311.201901.10x10.d02.m3d,2019,1,d02,1830,182,302,191,311,58.67869949,-126.2422028,59.0245018,-125.6645966,https://nrs.objectstore.gov.bc.ca/wrfdel/calpuff/3ddat/201901/d02/1830/x182y302x191y311.201901.10x10.d02.m3d
x182y312x191y321.201901.10x10.d02.m3d,2019,1,d02,1831,182,312,191,321,59.0367012,-126.2957993,59.38249969,-125.7127991,https://nrs.objectstore.gov.bc.ca/wrfdel/calpuff/3ddat/201901/d02/1831/x182y312x191y321.201901.10x10.d02.m3d
x182y322x191y331.201901.10x10.d02.m3d,2019,1,d02,1832,182,322,191,331,59.39440155,-126.3504028,59.74029922,-125.762001,https://nrs.objectstore.gov.bc.ca/wrfdel/calpuff/3ddat/201901/d02/1832/x182y322x191y331.201901.10x10.d02.m3d
x182y332x191y341.201901.10x10.d02.m3d,2019,1,d02,1833,182,332,191,341,59.7519989,-126.4060974,60.09790039,-125.8123016,https://nrs.objectstore.gov.bc.ca/wrfdel/calpuff/3ddat/201901/d02/1833/x182y332x191y341.201901.10x10.d02.m3d
x182y342x191y351.201901.10x10.d02.m3d,2019,1,d02,1834,182,342,191,351,60.1094017,-126.4629974,60.45529938,-125.8636017,https://nrs.objectstore.gov.bc.ca/wrfdel/calpuff/3ddat/201901/d02/1834/x182y342x191y351.201901.10x10.d02.m3d
x182y352x191y361.201901.10x10.d02.m3d,2019,1,d02,1835,182,352,191,361,60.46649933,-126.5210037,60.81240082,-125.9159012,https://nrs.objectstore.gov.bc.ca/wrfdel/calpuff/3ddat/201901/d02/1835/x182y352x191y361.201901.10x10.d02.m3d
x182y362x191y371.201901.10x10.d02.m3d,2019,1,d02,1836,182,362,191,371,60.82329941,-126.5802994,61.16930008,-125.9693985,https://nrs.objectstore.gov.bc.ca/wrfdel/calpuff/3ddat/201901/d02/1836/x182y362x191y371.201901.10x10.d02.m3d
x182y372x191y373.201901.10x10.d02.m3d,2019,1,d02,1837,182,372,191,373,61.17990112,-126.6408005,61.24060059,-125.9802017,https://nrs.objectstore.gov.bc.ca/wrfdel/calpuff/3ddat/201901/d02/1837/x182y372x191y373.201901.10x10.d02.m3d
x192y002x201y011.201901.10x10.d02.m3d,2019,1,d02,1900,192,2,201,11,47.95019913,-124.4829025,48.28689957,-124.0251999,https://nrs.objectstore.gov.bc.ca/wrfdel/calpuff/3ddat/201901/d02/1900/x192y002x201y011.201901.10x10.d02.m3d
x192y012x201y021.201901.10x10.d02.m3d,2019,1,d02,1901,192,12,201,21,48.30699921,-124.5105972,48.64400101,-124.0494995,https://nrs.objectstore.gov.bc.ca/wrfdel/calpuff/3ddat/201901/d02/1901/x192y012x201y021.201901.10x10.d02.m3d
x192y022x201y031.201901.10x10.d02.m3d,2019,1,d02,1902,192,22,201,31,48.66400146,-124.5388031,49.00130081,-124.0743027,https://nrs.objectstore.gov.bc.ca/wrfdel/calpuff/3ddat/201901/d02/1902/x192y022x201y031.201901.10x10.d02.m3d
x192y032x201y041.201901.10x10.d02.m3d,2019,1,d02,1903,192,32,201,41,49.02119827,-124.5672989,49.35879898,-124.0994034,https://nrs.objectstore.gov.bc.ca/wrfdel/calpuff/3ddat/201901/d02/1903/x192y032x201y041.201901.10x10.d02.m3d
x192y042x201y051.201901.10x10.d02.m3d,2019,1,d02,1904,192,42,201,51,49.37860107,-124.5963974,49.71659851,-124.125,https://nrs.objectstore.gov.bc.ca/wrfdel/calpuff/3ddat/201901/d02/1904/x192y042x201y051.201901.10x10.d02.m3d
x192y052x201y061.201901.10x10.d02.m3d,2019,1,d02,1905,192,52,201,61,49.73619843,-124.6259003,50.07450104,-124.1509018,https://nrs.objectstore.gov.bc.ca/wrfdel/calpuff/3ddat/201901/d02/1905/x192y052x201y061.201901.10x10.d02.m3d
x192y062x201y071.201901.10x10.d02.m3d,2019,1,d02,1906,192,62,201,71,50.09400177,-124.6557999,50.43270111,-124.1772995,https://nrs.objectstore.gov.bc.ca/wrfdel/calpuff/3ddat/201901/d02/1906/x192y062x201y071.201901.10x10.d02.m3d
x192y072x201y081.201901.10x10.d02.m3d,2019,1,d02,1907,192,72,201,81,50.45199966,-124.6863022,50.79090118,-124.2041016,https://nrs.objectstore.gov.bc.ca/wrfdel/calpuff/3ddat/201901/d02/1907/x192y072x201y081.201901.10x10.d02.m3d
x192y082x201y091.201901.10x10.d02.m3d,2019,1,d02,1908,192,82,201,91,50.81019974,-124.7172012,51.1493988,-124.2313995,https://nrs.objectstore.gov.bc.ca/wrfdel/calpuff/3ddat/201901/d02/1908/x192y082x201y091.201901.10x10.d02.m3d
x192y092x201y101.201901.10x10.d02.m3d,2019,1,d02,1909,192,92,201,101,51.16849899,-124.748703,51.50799942,-124.2591019,https://nrs.objectstore.gov.bc.ca/wrfdel/calpuff/3ddat/201901/d02/1909/x192y092x201y101.201901.10x10.d02.m3d
x192y102x201y111.201901.10x10.d02.m3d,2019,1,d02,1910,192,102,201,111,51.52700043,-124.7807007,51.86669922,-124.2872009,https://nrs.objectstore.gov.bc.ca/wrfdel/calpuff/3ddat/201901/d02/1910/x192y102x201y111.201901.10x10.d02.m3d
x192y112x201y121.201901.10x10.d02.m3d,2019,1,d02,1911,192,112,201,121,51.88560104,-124.8132019,52.2254982,-124.3158035,https://nrs.objectstore.gov.bc.ca/wrfdel/calpuff/3ddat/201901/d02/1911/x192y112x201y121.201901.10x10.d02.m3d
x192y122x201y131.201901.10x10.d02.m3d,2019,1,d02,1912,192,122,201,131,52.24430084,-124.846199,52.58449936,-124.344902,https://nrs.objectstore.gov.bc.ca/wrfdel/calpuff/3ddat/201901/d02/1912/x192y122x201y131.201901.10x10.d02.m3d
x192y132x201y141.201901.10x10.d02.m3d,2019,1,d02,1913,192,132,201,141,52.60309982,-124.8798981,52.94350052,-124.3744965,https://nrs.objectstore.gov.bc.ca/wrfdel/calpuff/3ddat/201901/d02/1913/x192y132x201y141.201901.10x10.d02.m3d
x192y142x201y151.201901.10x10.d02.m3d,2019,1,d02,1914,192,142,201,151,52.9620018,-124.9141006,53.30260086,-124.4047012,https://nrs.objectstore.gov.bc.ca/wrfdel/calpuff/3ddat/201901/d02/1914/x192y142x201y151.201901.10x10.d02.m3d
x192y152x201y161.201901.10x10.d02.m3d,2019,1,d02,1915,192,152,201,161,53.32089996,-124.9487991,53.66180038,-124.4353027,https://nrs.objectstore.gov.bc.ca/wrfdel/calpuff/3ddat/201901/d02/1915/x192y152x201y161.201901.10x10.d02.m3d
x192y162x201y171.201901.10x10.d02.m3d,2019,1,d02,1916,192,162,201,171,53.67990112,-124.9841995,54.02099991,-124.4664993,https://nrs.objectstore.gov.bc.ca/wrfdel/calpuff/3ddat/201901/d02/1916/x192y162x201y171.201901.10x10.d02.m3d
x192y172x201y181.201901.10x10.d02.m3d,2019,1,d02,1917,192,172,201,181,54.03900146,-125.0202026,54.38019943,-124.4981995,https://nrs.objectstore.gov.bc.ca/wrfdel/calpuff/3ddat/201901/d02/1917/x192y172x201y181.201901.10x10.d02.m3d
x192y182x201y191.201901.10x10.d02.m3d,2019,1,d02,1918,192,182,201,191,54.39810181,-125.0568008,54.73949814,-124.5305023,https://nrs.objectstore.gov.bc.ca/wrfdel/calpuff/3ddat/201901/d02/1918/x192y182x201y191.201901.10x10.d02.m3d
x192y192x201y201.201901.10x10.d02.m3d,2019,1,d02,1919,192,192,201,201,54.75719833,-125.0942001,55.09880066,-124.5634003,https://nrs.objectstore.gov.bc.ca/wrfdel/calpuff/3ddat/201901/d02/1919/x192y192x201y201.201901.10x10.d02.m3d
x192y202x201y211.201901.10x10.d02.m3d,2019,1,d02,1920,192,202,201,211,55.11629868,-125.132103,55.45809937,-124.5969009,https://nrs.objectstore.gov.bc.ca/wrfdel/calpuff/3ddat/201901/d02/1920/x192y202x201y211.201901.10x10.d02.m3d
x192y212x201y221.201901.10x10.d02.m3d,2019,1,d02,1921,192,212,201,221,55.47539902,-125.1707993,55.81740189,-124.6309967,https://nrs.objectstore.gov.bc.ca/wrfdel/calpuff/3ddat/201901/d02/1921/x192y212x201y221.201901.10x10.d02.m3d
x192y222x201y231.201901.10x10.d02.m3d,2019,1,d02,1922,192,222,201,231,55.83449936,-125.2100983,56.17660141,-124.6657028,https://nrs.objectstore.gov.bc.ca/wrfdel/calpuff/3ddat/201901/d02/1922/x192y222x201y231.201901.10x10.d02.m3d
x192y232x201y241.201901.10x10.d02.m3d,2019,1,d02,1923,192,232,201,241,56.1935997,-125.2501984,56.53580093,-124.7009964,https://nrs.objectstore.gov.bc.ca/wrfdel/calpuff/3ddat/201901/d02/1923/x192y232x201y241.201901.10x10.d02.m3d
x192y242x201y251.201901.10x10.d02.m3d,2019,1,d02,1924,192,242,201,251,56.55260086,-125.2910004,56.89479828,-124.7370987,https://nrs.objectstore.gov.bc.ca/wrfdel/calpuff/3ddat/201901/d02/1924/x192y242x201y251.201901.10x10.d02.m3d
x192y252x201y261.201901.10x10.d02.m3d,2019,1,d02,1925,192,252,201,261,56.91149902,-125.3326035,57.25389862,-124.7738037,https://nrs.objectstore.gov.bc.ca/wrfdel/calpuff/3ddat/201901/d02/1925/x192y252x201y261.201901.10x10.d02.m3d
x192y262x201y271.201901.10x10.d02.m3d,2019,1,d02,1926,192,262,201,271,57.27030182,-125.375,57.6128006,-124.811203,https://nrs.objectstore.gov.bc.ca/wrfdel/calpuff/3ddat/201901/d02/1926/x192y262x201y271.201901.10x10.d02.m3d
x192y272x201y281.201901.10x10.d02.m3d,2019,1,d02,1927,192,272,201,281,57.6291008,-125.4181976,57.97159958,-124.8492966,https://nrs.objectstore.gov.bc.ca/wrfdel/calpuff/3ddat/201901/d02/1927/x192y272x201y281.201901.10x10.d02.m3d
x192y282x201y291.201901.10x10.d02.m3d,2019,1,d02,1928,192,282,201,291,57.98770142,-125.4623032,58.33029938,-124.8881989,https://nrs.objectstore.gov.bc.ca/wrfdel/calpuff/3ddat/201901/d02/1928/x192y282x201y291.201901.10x10.d02.m3d
x192y292x201y301.201901.10x10.d02.m3d,2019,1,d02,1929,192,292,201,301,58.34619904,-125.5072021,58.68889999,-124.9279022,https://nrs.objectstore.gov.bc.ca/wrfdel/calpuff/3ddat/201901/d02/1929/x192y292x201y301.201901.10x10.d02.m3d
x192y302x201y311.201901.10x10.d02.m3d,2019,1,d02,1930,192,302,201,311,58.70449829,-125.5530014,59.04729843,-124.9682999,https://nrs.objectstore.gov.bc.ca/wrfdel/calpuff/3ddat/201901/d02/1930/x192y302x201y311.201901.10x10.d02.m3d
x192y312x201y321.201901.10x10.d02.m3d,2019,1,d02,1931,192,312,201,321,59.06269836,-125.5997009,59.4054985,-125.0095978,https://nrs.objectstore.gov.bc.ca/wrfdel/calpuff/3ddat/201901/d02/1931/x192y312x201y321.201901.10x10.d02.m3d
x192y322x201y331.201901.10x10.d02.m3d,2019,1,d02,1932,192,322,201,331,59.42070007,-125.6473007,59.76350021,-125.0516968,https://nrs.objectstore.gov.bc.ca/wrfdel/calpuff/3ddat/201901/d02/1932/x192y322x201y331.201901.10x10.d02.m3d
x192y332x201y341.201901.10x10.d02.m3d,2019,1,d02,1933,192,332,201,341,59.7784996,-125.6959991,60.12139893,-125.0947037,https://nrs.objectstore.gov.bc.ca/wrfdel/calpuff/3ddat/201901/d02/1933/x192y332x201y341.201901.10x10.d02.m3d
x192y342x201y351.201901.10x10.d02.m3d,2019,1,d02,1934,192,342,201,351,60.13619995,-125.7455978,60.47900009,-125.1386032,https://nrs.objectstore.gov.bc.ca/wrfdel/calpuff/3ddat/201901/d02/1934/x192y342x201y351.201901.10x10.d02.m3d
x192y352x201y361.201901.10x10.d02.m3d,2019,1,d02,1935,192,352,201,361,60.49349976,-125.7962036,60.8362999,-125.1832962,https://nrs.objectstore.gov.bc.ca/wrfdel/calpuff/3ddat/201901/d02/1935/x192y352x201y361.201901.10x10.d02.m3d
x192y362x201y371.201901.10x10.d02.m3d,2019,1,d02,1936,192,362,201,371,60.85070038,-125.8479004,61.19340134,-125.2291031,https://nrs.objectstore.gov.bc.ca/wrfdel/calpuff/3ddat/201901/d02/1936/x192y362x201y371.201901.10x10.d02.m3d
x192y372x201y373.201901.10x10.d02.m3d,2019,1,d02,1937,192,372,201,373,61.20750046,-125.9008026,61.26480103,-125.2382965,https://nrs.objectstore.gov.bc.ca/wrfdel/calpuff/3ddat/201901/d02/1937/x192y372x201y373.201901.10x10.d02.m3d
x202y002x211y011.201901.10x10.d02.m3d,2019,1,d02,2000,202,2,211,11,47.96730042,-123.9502029,48.30160141,-123.4885025,https://nrs.objectstore.gov.bc.ca/wrfdel/calpuff/3ddat/201901/d02/2000/x202y002x211y011.201901.10x10.d02.m3d
x202y012x211y021.201901.10x10.d02.m3d,2019,1,d02,2001,202,12,211,21,48.32419968,-123.9738998,48.65879822,-123.5086975,https://nrs.objectstore.gov.bc.ca/wrfdel/calpuff/3ddat/201901/d02/2001/x202y012x211y021.201901.10x10.d02.m3d
x202y022x211y031.201901.10x10.d02.m3d,2019,1,d02,2002,202,22,211,31,48.68130112,-123.9979019,49.0163002,-123.5292969,https://nrs.objectstore.gov.bc.ca/wrfdel/calpuff/3ddat/201901/d02/2002/x202y022x211y031.201901.10x10.d02.m3d
x202y032x211y041.201901.10x10.d02.m3d,2019,1,d02,2003,202,32,211,41,49.0387001,-124.0222015,49.37400055,-123.5501022,https://nrs.objectstore.gov.bc.ca/wrfdel/calpuff/3ddat/201901/d02/2003/x202y032x211y041.201901.10x10.d02.m3d
x202y042x211y051.201901.10x10.d02.m3d,2019,1,d02,2004,202,42,211,51,49.39630127,-124.0469971,49.73180008,-123.5712967,https://nrs.objectstore.gov.bc.ca/wrfdel/calpuff/3ddat/201901/d02/2004/x202y042x211y051.201901.10x10.d02.m3d
x202y052x211y061.201901.10x10.d02.m3d,2019,1,d02,2005,202,52,211,61,49.75400162,-124.072197,50.08990097,-123.5929031,https://nrs.objectstore.gov.bc.ca/wrfdel/calpuff/3ddat/201901/d02/2005/x202y052x211y061.201901.10x10.d02.m3d
x202y062x211y071.201901.10x10.d02.m3d,2019,1,d02,2006,202,62,211,71,50.11199951,-124.097702,50.44820023,-123.6147995,https://nrs.objectstore.gov.bc.ca/wrfdel/calpuff/3ddat/201901/d02/2006/x202y062x211y071.201901.10x10.d02.m3d
x202y072x211y081.201901.10x10.d02.m3d,2019,1,d02,2007,202,72,211,81,50.47019958,-124.123703,50.80659866,-123.637001,https://nrs.objectstore.gov.bc.ca/wrfdel/calpuff/3ddat/201901/d02/2007/x202y072x211y081.201901.10x10.d02.m3d
x202y082x211y091.201901.10x10.d02.m3d,2019,1,d02,2008,202,82,211,91,50.82849884,-124.1501007,51.16519928,-123.6595993,https://nrs.objectstore.gov.bc.ca/wrfdel/calpuff/3ddat/201901/d02/2008/x202y082x211y091.201901.10x10.d02.m3d
x202y092x211y101.201901.10x10.d02.m3d,2019,1,d02,2009,202,92,211,101,51.18700027,-124.1769028,51.52389908,-123.6826019,https://nrs.objectstore.gov.bc.ca/wrfdel/calpuff/3ddat/201901/d02/2009/x202y092x211y101.201901.10x10.d02.m3d
x202y102x211y111.201901.10x10.d02.m3d,2019,1,d02,2010,202,102,211,111,51.54560089,-124.2042007,51.88270187,-123.7060013,https://nrs.objectstore.gov.bc.ca/wrfdel/calpuff/3ddat/201901/d02/2010/x202y102x211y111.201901.10x10.d02.m3d
x202y112x211y121.201901.10x10.d02.m3d,2019,1,d02,2011,202,112,211,121,51.90430069,-124.2319031,52.24169922,-123.7296982,https://nrs.objectstore.gov.bc.ca/wrfdel/calpuff/3ddat/201901/d02/2011/x202y112x211y121.201901.10x10.d02.m3d
x202y122x211y131.201901.10x10.d02.m3d,2019,1,d02,2012,202,122,211,131,52.26319885,-124.2601013,52.60079956,-123.7538986,https://nrs.objectstore.gov.bc.ca/wrfdel/calpuff/3ddat/201901/d02/2012/x202y122x211y131.201901.10x10.d02.m3d
x202y132x211y141.201901.10x10.d02.m3d,2019,1,d02,2013,202,132,211,141,52.62210083,-124.2888031,52.95999908,-123.7783966,https://nrs.objectstore.gov.bc.ca/wrfdel/calpuff/3ddat/201901/d02/2013/x202y132x211y141.201901.10x10.d02.m3d
x202y142x211y151.201901.10x10.d02.m3d,2019,1,d02,2014,202,142,211,151,52.98120117,-124.3179016,53.31919861,-123.8033981,https://nrs.objectstore.gov.bc.ca/wrfdel/calpuff/3ddat/201901/d02/2014/x202y142x211y151.201901.10x10.d02.m3d
x202y152x211y161.201901.10x10.d02.m3d,2019,1,d02,2015,202,152,211,161,53.34030151,-124.3476028,53.67850113,-123.8289032,https://nrs.objectstore.gov.bc.ca/wrfdel/calpuff/3ddat/201901/d02/2015/x202y152x211y161.201901.10x10.d02.m3d
x202y162x211y171.201901.10x10.d02.m3d,2019,1,d02,2016,202,162,211,171,53.69950104,-124.3777008,54.03789902,-123.8546982,https://nrs.objectstore.gov.bc.ca/wrfdel/calpuff/3ddat/201901/d02/2016/x202y162x211y171.201901.10x10.d02.m3d
x202y172x211y181.201901.10x10.d02.m3d,2019,1,d02,2017,202,172,211,181,54.05879974,-124.4084015,54.39730072,-123.8811035,https://nrs.objectstore.gov.bc.ca/wrfdel/calpuff/3ddat/201901/d02/2017/x202y172x211y181.201901.10x10.d02.m3d
x202y182x211y191.201901.10x10.d02.m3d,2019,1,d02,2018,202,182,211,191,54.41799927,-124.4396973,54.75669861,-123.9078979,https://nrs.objectstore.gov.bc.ca/wrfdel/calpuff/3ddat/201901/d02/2018/x202y182x211y191.201901.10x10.d02.m3d
x202y192x211y201.201901.10x10.d02.m3d,2019,1,d02,2019,202,192,211,201,54.77730179,-124.4714966,55.11619949,-123.9352036,https://nrs.objectstore.gov.bc.ca/wrfdel/calpuff/3ddat/201901/d02/2019/x202y192x211y201.201901.10x10.d02.m3d
x202y202x211y211.201901.10x10.d02.m3d,2019,1,d02,2020,202,202,211,211,55.13660049,-124.5037994,55.4756012,-123.9629974,https://nrs.objectstore.gov.bc.ca/wrfdel/calpuff/3ddat/201901/d02/2020/x202y202x211y211.201901.10x10.d02.m3d
x202y212x211y221.201901.10x10.d02.m3d,2019,1,d02,2021,202,212,211,221,55.4958992,-124.5367966,55.83499908,-123.9912033,https://nrs.objectstore.gov.bc.ca/wrfdel/calpuff/3ddat/201901/d02/2021/x202y212x211y221.201901.10x10.d02.m3d
x202y222x211y231.201901.10x10.d02.m3d,2019,1,d02,2022,202,222,211,231,55.85520172,-124.5703964,56.19440079,-124.0199966,https://nrs.objectstore.gov.bc.ca/wrfdel/calpuff/3ddat/201901/d02/2022/x202y222x211y231.201901.10x10.d02.m3d
x202y232x211y241.201901.10x10.d02.m3d,2019,1,d02,2023,202,232,211,241,56.21440125,-124.604599,56.55379868,-124.0494003,https://nrs.objectstore.gov.bc.ca/wrfdel/calpuff/3ddat/201901/d02/2023/x202y232x211y241.201901.10x10.d02.m3d
x202y242x211y251.201901.10x10.d02.m3d,2019,1,d02,2024,202,242,211,251,56.57360077,-124.6393967,56.9129982,-124.0792999,https://nrs.objectstore.gov.bc.ca/wrfdel/calpuff/3ddat/201901/d02/2024/x202y242x211y251.201901.10x10.d02.m3d
x202y252x211y261.201901.10x10.d02.m3d,2019,1,d02,2025,202,252,211,261,56.93270111,-124.6748962,57.27220154,-124.1098022,https://nrs.objectstore.gov.bc.ca/wrfdel/calpuff/3ddat/201901/d02/2025/x202y252x211y261.201901.10x10.d02.m3d
x202y262x211y271.201901.10x10.d02.m3d,2019,1,d02,2026,202,262,211,271,57.29180145,-124.7109985,57.63130188,-124.1408005,https://nrs.objectstore.gov.bc.ca/wrfdel/calpuff/3ddat/201901/d02/2026/x202y262x211y271.201901.10x10.d02.m3d
x202y272x211y281.201901.10x10.d02.m3d,2019,1,d02,2027,202,272,211,281,57.65069962,-124.7479019,57.99029922,-124.1725006,https://nrs.objectstore.gov.bc.ca/wrfdel/calpuff/3ddat/201901/d02/2027/x202y272x211y281.201901.10x10.d02.m3d
x202y282x211y291.201901.10x10.d02.m3d,2019,1,d02,2028,202,282,211,291,58.0094986,-124.7854996,58.3492012,-124.2048035,https://nrs.objectstore.gov.bc.ca/wrfdel/calpuff/3ddat/201901/d02/2028/x202y282x211y291.201901.10x10.d02.m3d
x202y292x211y301.201901.10x10.d02.m3d,2019,1,d02,2029,202,292,211,301,58.36819839,-124.8237991,58.707901,-124.2377014,https://nrs.objectstore.gov.bc.ca/wrfdel/calpuff/3ddat/201901/d02/2029/x202y292x211y301.201901.10x10.d02.m3d
x202y302x211y311.201901.10x10.d02.m3d,2019,1,d02,2030,202,302,211,311,58.72679901,-124.8628006,59.06650162,-124.2713013,https://nrs.objectstore.gov.bc.ca/wrfdel/calpuff/3ddat/201901/d02/2030/x202y302x211y311.201901.10x10.d02.m3d
x202y312x211y321.201901.10x10.d02.m3d,2019,1,d02,2031,202,312,211,321,59.08520126,-124.9027023,59.42490005,-124.3054962,https://nrs.objectstore.gov.bc.ca/wrfdel/calpuff/3ddat/201901/d02/2031/x202y312x211y321.201901.10x10.d02.m3d
x202y322x211y331.201901.10x10.d02.m3d,2019,1,d02,2032,202,322,211,331,59.44340134,-124.9432983,59.78310013,-124.3404999,https://nrs.objectstore.gov.bc.ca/wrfdel/calpuff/3ddat/201901/d02/2032/x202y322x211y331.201901.10x10.d02.m3d
x202y332x211y341.201901.10x10.d02.m3d,2019,1,d02,2033,202,332,211,341,59.80139923,-124.9848022,60.14110184,-124.3761978,https://nrs.objectstore.gov.bc.ca/wrfdel/calpuff/3ddat/201901/d02/2033/x202y332x211y341.201901.10x10.d02.m3d
x202y342x211y351.201901.10x10.d02.m3d,2019,1,d02,2034,202,342,211,351,60.15930176,-125.0270996,60.49890137,-124.4125977,https://nrs.objectstore.gov.bc.ca/wrfdel/calpuff/3ddat/201901/d02/2034/x202y342x211y351.201901.10x10.d02.m3d
x202y352x211y361.201901.10x10.d02.m3d,2019,1,d02,2035,202,352,211,361,60.51689911,-125.0702972,60.85649872,-124.4497986,https://nrs.objectstore.gov.bc.ca/wrfdel/calpuff/3ddat/201901/d02/2035/x202y352x211y361.201901.10x10.d02.m3d
x202y362x211y371.201901.10x10.d02.m3d,2019,1,d02,2036,202,362,211,371,60.87419891,-125.114502,61.21379852,-124.4878006,https://nrs.objectstore.gov.bc.ca/wrfdel/calpuff/3ddat/201901/d02/2036/x202y362x211y371.201901.10x10.d02.m3d
x202y372x211y373.201901.10x10.d02.m3d,2019,1,d02,2037,202,372,211,373,61.23139954,-125.1595001,61.28530121,-124.4953995,https://nrs.objectstore.gov.bc.ca/wrfdel/calpuff/3ddat/201901/d02/2037/x202y372x211y373.201901.10x10.d02.m3d
x212y002x221y011.201901.10x10.d02.m3d,2019,1,d02,2100,212,2,221,11,47.9817009,-123.4171982,48.31359863,-122.9514999,https://nrs.objectstore.gov.bc.ca/wrfdel/calpuff/3ddat/201901/d02/2100/x212y002x221y011.201901.10x10.d02.m3d
x212y012x221y021.201901.10x10.d02.m3d,2019,1,d02,2101,212,12,221,21,48.33869934,-123.4367981,48.67089844,-122.967598,https://nrs.objectstore.gov.bc.ca/wrfdel/calpuff/3ddat/201901/d02/2101/x212y012x221y021.201901.10x10.d02.m3d
x212y022x221y031.201901.10x10.d02.m3d,2019,1,d02,2102,212,22,221,31,48.69589996,-123.4565964,49.0284996,-122.983902,https://nrs.objectstore.gov.bc.ca/wrfdel/calpuff/3ddat/201901/d02/2102/x212y022x221y031.201901.10x10.d02.m3d
x212y032x221y041.201901.10x10.d02.m3d,2019,1,d02,2103,212,32,221,41,49.05339813,-123.476799,49.38619995,-123.0005035,https://nrs.objectstore.gov.bc.ca/wrfdel/calpuff/3ddat/201901/d02/2103/x212y032x221y041.201901.10x10.d02.m3d
x212y042x221y051.201901.10x10.d02.m3d,2019,1,d02,2104,212,42,221,51,49.41109848,-123.4972,49.74420166,-123.0174026,https://nrs.objectstore.gov.bc.ca/wrfdel/calpuff/3ddat/201901/d02/2104/x212y042x221y051.201901.10x10.d02.m3d
x212y052x221y061.201901.10x10.d02.m3d,2019,1,d02,2105,212,52,221,61,49.76900101,-123.5179977,50.10240173,-123.0345001,https://nrs.objectstore.gov.bc.ca/wrfdel/calpuff/3ddat/201901/d02/2105/x212y052x221y061.201901.10x10.d02.m3d
x212y062x221y071.201901.10x10.d02.m3d,2019,1,d02,2106,212,62,221,71,50.1271019,-123.5391998,50.46080017,-123.0518036,https://nrs.objectstore.gov.bc.ca/wrfdel/calpuff/3ddat/201901/d02/2106/x212y062x221y071.201901.10x10.d02.m3d
x212y072x221y081.201901.10x10.d02.m3d,2019,1,d02,2107,212,72,221,81,50.48540115,-123.5606003,50.81930161,-123.0695038,https://nrs.objectstore.gov.bc.ca/wrfdel/calpuff/3ddat/201901/d02/2107/x212y072x221y081.201901.10x10.d02.m3d
x212y082x221y091.201901.10x10.d02.m3d,2019,1,d02,2108,212,82,221,91,50.84379959,-123.5824966,51.1780014,-123.0875015,https://nrs.objectstore.gov.bc.ca/wrfdel/calpuff/3ddat/201901/d02/2108/x212y082x221y091.201901.10x10.d02.m3d
x212y092x221y101.201901.10x10.d02.m3d,2019,1,d02,2109,212,92,221,101,51.20240021,-123.604599,51.53680038,-123.1056976,https://nrs.objectstore.gov.bc.ca/wrfdel/calpuff/3ddat/201901/d02/2109/x212y092x221y101.201901.10x10.d02.m3d
x212y102x221y111.201901.10x10.d02.m3d,2019,1,d02,2110,212,102,221,111,51.56119919,-123.6271973,51.89580154,-123.1242981,https://nrs.objectstore.gov.bc.ca/wrfdel/calpuff/3ddat/201901/d02/2110/x212y102x221y111.201901.10x10.d02.m3d
x212y112x221y121.201901.10x10.d02.m3d,2019,1,d02,2111,212,112,221,121,51.92010117,-123.6501007,52.25490189,-123.1432037,https://nrs.objectstore.gov.bc.ca/wrfdel/calpuff/3ddat/201901/d02/2111/x212y112x221y121.201901.10x10.d02.m3d
x212y122x221y131.201901.10x10.d02.m3d,2019,1,d02,2112,212,122,221,131,52.27909851,-123.6734009,52.61410141,-123.1623993,https://nrs.objectstore.gov.bc.ca/wrfdel/calpuff/3ddat/201901/d02/2112/x212y122x221y131.201901.10x10.d02.m3d
x212y132x221y141.201901.10x10.d02.m3d,2019,1,d02,2113,212,132,221,141,52.63819885,-123.6970978,52.97340012,-123.1819,https://nrs.objectstore.gov.bc.ca/wrfdel/calpuff/3ddat/201901/d02/2113/x212y132x221y141.201901.10x10.d02.m3d
x212y142x221y151.201901.10x10.d02.m3d,2019,1,d02,2114,212,142,221,151,52.99739838,-123.721199,53.33269882,-123.2017975,https://nrs.objectstore.gov.bc.ca/wrfdel/calpuff/3ddat/201901/d02/2114/x212y142x221y151.201901.10x10.d02.m3d
x212y152x221y161.201901.10x10.d02.m3d,2019,1,d02,2115,212,152,221,161,53.35660172,-123.7457962,53.69219971,-123.2220001,https://nrs.objectstore.gov.bc.ca/wrfdel/calpuff/3ddat/201901/d02/2115/x212y152x221y161.201901.10x10.d02.m3d
x212y162x221y171.201901.10x10.d02.m3d,2019,1,d02,2116,212,162,221,171,53.7159996,-123.7706985,54.05170059,-123.2425995,https://nrs.objectstore.gov.bc.ca/wrfdel/calpuff/3ddat/201901/d02/2116/x212y162x221y171.201901.10x10.d02.m3d
x212y172x221y181.201901.10x10.d02.m3d,2019,1,d02,2117,212,172,221,181,54.07540131,-123.7960968,54.41120148,-123.2634964,https://nrs.objectstore.gov.bc.ca/wrfdel/calpuff/3ddat/201901/d02/2117/x212y172x221y181.201901.10x10.d02.m3d
x212y182x221y191.201901.10x10.d02.m3d,2019,1,d02,2118,212,182,221,191,54.43479919,-123.8218994,54.77069855,-123.2847977,https://nrs.objectstore.gov.bc.ca/wrfdel/calpuff/3ddat/201901/d02/2118/x212y182x221y191.201901.10x10.d02.m3d
x212y192x221y201.201901.10x10.d02.m3d,2019,1,d02,2119,212,192,221,201,54.7942009,-123.8481979,55.13029861,-123.3065033,https://nrs.objectstore.gov.bc.ca/wrfdel/calpuff/3ddat/201901/d02/2119/x212y192x221y201.201901.10x10.d02.m3d
x212y202x221y211.201901.10x10.d02.m3d,2019,1,d02,2120,212,202,221,211,55.15370178,-123.875,55.48989868,-123.3284988,https://nrs.objectstore.gov.bc.ca/wrfdel/calpuff/3ddat/201901/d02/2120/x212y202x221y211.201901.10x10.d02.m3d
x212y212x221y221.201901.10x10.d02.m3d,2019,1,d02,2121,212,212,221,221,55.51309967,-123.902298,55.84939957,-123.3509979,https://nrs.objectstore.gov.bc.ca/wrfdel/calpuff/3ddat/201901/d02/2121/x212y212x221y221.201901.10x10.d02.m3d
x212y222x221y231.201901.10x10.d02.m3d,2019,1,d02,2122,212,222,221,231,55.87260056,-123.9300003,56.20890045,-123.3739014,https://nrs.objectstore.gov.bc.ca/wrfdel/calpuff/3ddat/201901/d02/2122/x212y222x221y231.201901.10x10.d02.m3d
x212y232x221y241.201901.10x10.d02.m3d,2019,1,d02,2123,212,232,221,241,56.23199844,-123.9582977,56.56840134,-123.3972015,https://nrs.objectstore.gov.bc.ca/wrfdel/calpuff/3ddat/201901/d02/2123/x212y232x221y241.201901.10x10.d02.m3d
x212y242x221y251.201901.10x10.d02.m3d,2019,1,d02,2124,212,242,221,251,56.59130096,-123.9870987,56.92779922,-123.4209976,https://nrs.objectstore.gov.bc.ca/wrfdel/calpuff/3ddat/201901/d02/2124/x212y242x221y251.201901.10x10.d02.m3d
x212y252x221y261.201901.10x10.d02.m3d,2019,1,d02,2125,212,252,221,261,56.95059967,-124.0165024,57.28710175,-123.4451981,https://nrs.objectstore.gov.bc.ca/wrfdel/calpuff/3ddat/201901/d02/2125/x212y252x221y261.201901.10x10.d02.m3d
x212y262x221y271.201901.10x10.d02.m3d,2019,1,d02,2126,212,262,221,271,57.30979919,-124.046402,57.64640045,-123.469902,https://nrs.objectstore.gov.bc.ca/wrfdel/calpuff/3ddat/201901/d02/2126/x212y262x221y271.201901.10x10.d02.m3d
x212y272x221y281.201901.10x10.d02.m3d,2019,1,d02,2127,212,272,221,281,57.66889954,-124.0767975,58.00550079,-123.4950027,https://nrs.objectstore.gov.bc.ca/wrfdel/calpuff/3ddat/201901/d02/2127/x212y272x221y281.201901.10x10.d02.m3d
x212y282x221y291.201901.10x10.d02.m3d,2019,1,d02,2128,212,282,221,291,58.0279007,-124.1079025,58.36449814,-123.5206985,https://nrs.objectstore.gov.bc.ca/wrfdel/calpuff/3ddat/201901/d02/2128/x212y282x221y291.201901.10x10.d02.m3d
x212y292x221y301.201901.10x10.d02.m3d,2019,1,d02,2129,212,292,221,301,58.38679886,-124.1396027,58.72340012,-123.5468979,https://nrs.objectstore.gov.bc.ca/wrfdel/calpuff/3ddat/201901/d02/2129/x212y292x221y301.201901.10x10.d02.m3d
x212y302x221y311.201901.10x10.d02.m3d,2019,1,d02,2130,212,302,221,311,58.74549866,-124.1718979,59.08209991,-123.5736008,https://nrs.objectstore.gov.bc.ca/wrfdel/calpuff/3ddat/201901/d02/2130/x212y302x221y311.201901.10x10.d02.m3d
x212y312x221y321.201901.10x10.d02.m3d,2019,1,d02,2131,212,312,221,321,59.10409927,-124.2049026,59.44070053,-123.6007996,https://nrs.objectstore.gov.bc.ca/wrfdel/calpuff/3ddat/201901/d02/2131/x212y312x221y321.201901.10x10.d02.m3d
x212y322x221y331.201901.10x10.d02.m3d,2019,1,d02,2132,212,322,221,331,59.46250153,-124.2385025,59.79909897,-123.6286011,https://nrs.objectstore.gov.bc.ca/wrfdel/calpuff/3ddat/201901/d02/2132/x212y322x221y331.201901.10x10.d02.m3d
x212y332x221y341.201901.10x10.d02.m3d,2019,1,d02,2133,212,332,221,341,59.8207016,-124.2727966,60.15719986,-123.6568985,https://nrs.objectstore.gov.bc.ca/wrfdel/calpuff/3ddat/201901/d02/2133/x212y332x221y341.201901.10x10.d02.m3d
x212y342x221y351.201901.10x10.d02.m3d,2019,1,d02,2134,212,342,221,351,60.17869949,-124.3078003,60.51520157,-123.6858978,https://nrs.objectstore.gov.bc.ca/wrfdel/calpuff/3ddat/201901/d02/2134/x212y342x221y351.201901.10x10.d02.m3d
x212y352x221y361.201901.10x10.d02.m3d,2019,1,d02,2135,212,352,221,361,60.53649902,-124.3435974,60.8728981,-123.7154007,https://nrs.objectstore.gov.bc.ca/wrfdel/calpuff/3ddat/201901/d02/2135/x212y352x221y361.201901.10x10.d02.m3d
x212y362x221y371.201901.10x10.d02.m3d,2019,1,d02,2136,212,362,221,371,60.89410019,-124.3800964,61.23040009,-123.7455978,https://nrs.objectstore.gov.bc.ca/wrfdel/calpuff/3ddat/201901/d02/2136/x212y362x221y371.201901.10x10.d02.m3d
x212y372x221y373.201901.10x10.d02.m3d,2019,1,d02,2137,212,372,221,373,61.25139999,-124.4172974,61.30189896,-123.7517014,https://nrs.objectstore.gov.bc.ca/wrfdel/calpuff/3ddat/201901/d02/2137/x212y372x221y373.201901.10x10.d02.m3d
x222y002x231y011.201901.10x10.d02.m3d,2019,1,d02,2200,222,2,231,11,47.99330139,-122.8839035,48.32279968,-122.414299,https://nrs.objectstore.gov.bc.ca/wrfdel/calpuff/3ddat/201901/d02/2200/x222y002x231y011.201901.10x10.d02.m3d
x222y012x231y021.201901.10x10.d02.m3d,2019,1,d02,2201,222,12,231,21,48.35039902,-122.8993988,48.68019867,-122.4262009,https://nrs.objectstore.gov.bc.ca/wrfdel/calpuff/3ddat/201901/d02/2201/x222y012x231y021.201901.10x10.d02.m3d
x222y022x231y031.201901.10x10.d02.m3d,2019,1,d02,2202,222,22,231,31,48.70769882,-122.9150009,49.03789902,-122.4383011,https://nrs.objectstore.gov.bc.ca/wrfdel/calpuff/3ddat/201901/d02/2202/x222y022x231y031.201901.10x10.d02.m3d
x222y032x231y041.201901.10x10.d02.m3d,2019,1,d02,2203,222,32,231,41,49.06529999,-122.9309998,49.39569855,-122.4505997,https://nrs.objectstore.gov.bc.ca/wrfdel/calpuff/3ddat/201901/d02/2203/x222y032x231y041.201901.10x10.d02.m3d
x222y042x231y051.201901.10x10.d02.m3d,2019,1,d02,2204,222,42,231,51,49.42309952,-122.947197,49.75379944,-122.4630966,https://nrs.objectstore.gov.bc.ca/wrfdel/calpuff/3ddat/201901/d02/2204/x222y042x231y051.201901.10x10.d02.m3d
x222y052x231y061.201901.10x10.d02.m3d,2019,1,d02,2205,222,52,231,61,49.78110123,-122.9636002,50.11199951,-122.4757996,https://nrs.objectstore.gov.bc.ca/wrfdel/calpuff/3ddat/201901/d02/2205/x222y052x231y061.201901.10x10.d02.m3d
x222y062x231y071.201901.10x10.d02.m3d,2019,1,d02,2206,222,62,231,71,50.1393013,-122.9803009,50.47050095,-122.4887009,https://nrs.objectstore.gov.bc.ca/wrfdel/calpuff/3ddat/201901/d02/2206/x222y062x231y071.201901.10x10.d02.m3d
x222y072x231y081.201901.10x10.d02.m3d,2019,1,d02,2207,222,72,231,81,50.49769974,-122.9972,50.82910156,-122.5018005,https://nrs.objectstore.gov.bc.ca/wrfdel/calpuff/3ddat/201901/d02/2207/x222y072x231y081.201901.10x10.d02.m3d
x222y082x231y091.201901.10x10.d02.m3d,2019,1,d02,2208,222,82,231,91,50.85630035,-123.0145035,51.18790054,-122.5150986,https://nrs.objectstore.gov.bc.ca/wrfdel/calpuff/3ddat/201901/d02/2208/x222y082x231y091.201901.10x10.d02.m3d
x222y092x231y101.201901.10x10.d02.m3d,2019,1,d02,2209,222,92,231,101,51.21500015,-123.0319977,51.54679871,-122.5286026,https://nrs.objectstore.gov.bc.ca/wrfdel/calpuff/3ddat/201901/d02/2209/x222y092x231y101.201901.10x10.d02.m3d
x222y102x231y111.201901.10x10.d02.m3d,2019,1,d02,2210,222,102,231,111,51.57379913,-123.0497971,51.90579987,-122.5423965,https://nrs.objectstore.gov.bc.ca/wrfdel/calpuff/3ddat/201901/d02/2210/x222y102x231y111.201901.10x10.d02.m3d
x222y112x231y121.201901.10x10.d02.m3d,2019,1,d02,2211,222,112,231,121,51.93280029,-123.0680008,52.26499939,-122.5563965,https://nrs.objectstore.gov.bc.ca/wrfdel/calpuff/3ddat/201901/d02/2211/x222y112x231y121.201901.10x10.d02.m3d
x222y122x231y131.201901.10x10.d02.m3d,2019,1,d02,2212,222,122,231,131,52.29190063,-123.0864029,52.6242981,-122.5706024,https://nrs.objectstore.gov.bc.ca/wrfdel/calpuff/3ddat/201901/d02/2212/x222y122x231y131.201901.10x10.d02.m3d
x222y132x231y141.201901.10x10.d02.m3d,2019,1,d02,2213,222,132,231,141,52.65119934,-123.1051025,52.9836998,-122.5849991,https://nrs.objectstore.gov.bc.ca/wrfdel/calpuff/3ddat/201901/d02/2213/x222y132x231y141.201901.10x10.d02.m3d
x222y142x231y151.201901.10x10.d02.m3d,2019,1,d02,2214,222,142,231,151,53.01050186,-123.1241989,53.3431015,-122.5998001,https://nrs.objectstore.gov.bc.ca/wrfdel/calpuff/3ddat/201901/d02/2214/x222y142x231y151.201901.10x10.d02.m3d
x222y152x231y161.201901.10x10.d02.m3d,2019,1,d02,2215,222,152,231,161,53.36980057,-123.1435013,53.70270157,-122.6147995,https://nrs.objectstore.gov.bc.ca/wrfdel/calpuff/3ddat/201901/d02/2215/x222y152x231y161.201901.10x10.d02.m3d
x222y162x231y171.201901.10x10.d02.m3d,2019,1,d02,2216,222,162,231,171,53.72930145,-123.1632996,54.06219864,-122.6299973,https://nrs.objectstore.gov.bc.ca/wrfdel/calpuff/3ddat/201901/d02/2216/x222y162x231y171.201901.10x10.d02.m3d
x222y172x231y181.201901.10x10.d02.m3d,2019,1,d02,2217,222,172,231,181,54.08879852,-123.1832962,54.4219017,-122.6455002,https://nrs.objectstore.gov.bc.ca/wrfdel/calpuff/3ddat/201901/d02/2217/x222y172x231y181.201901.10x10.d02.m3d
x222y182x231y191.201901.10x10.d02.m3d,2019,1,d02,2218,222,182,231,191,54.44839859,-123.2036972,54.78150177,-122.6613007,https://nrs.objectstore.gov.bc.ca/wrfdel/calpuff/3ddat/201901/d02/2218/x222y182x231y191.201901.10x10.d02.m3d
x222y192x231y201.201901.10x10.d02.m3d,2019,1,d02,2219,222,192,231,201,54.80789948,-123.2245026,55.14120102,-122.6772995,https://nrs.objectstore.gov.bc.ca/wrfdel/calpuff/3ddat/201901/d02/2219/x222y192x231y201.201901.10x10.d02.m3d
x222y202x231y211.201901.10x10.d02.m3d,2019,1,d02,2220,222,202,231,211,55.16749954,-123.245697,55.50090027,-122.6937027,https://nrs.objectstore.gov.bc.ca/wrfdel/calpuff/3ddat/201901/d02/2220/x222y202x231y211.201901.10x10.d02.m3d
x222y212x231y221.201901.10x10.d02.m3d,2019,1,d02,2221,222,212,231,221,55.52709961,-123.2671967,55.86050034,-122.7104034,https://nrs.objectstore.gov.bc.ca/wrfdel/calpuff/3ddat/201901/d02/2221/x222y212x231y221.201901.10x10.d02.m3d
x222y222x231y231.201901.10x10.d02.m3d,2019,1,d02,2222,222,222,231,231,55.88660049,-123.2891998,56.2201004,-122.7273026,https://nrs.objectstore.gov.bc.ca/wrfdel/calpuff/3ddat/201901/d02/2222/x222y222x231y231.201901.10x10.d02.m3d
x222y232x231y241.201901.10x10.d02.m3d,2019,1,d02,2223,222,232,231,241,56.24620056,-123.3115005,56.57970047,-122.7445984,https://nrs.objectstore.gov.bc.ca/wrfdel/calpuff/3ddat/201901/d02/2223/x222y232x231y241.201901.10x10.d02.m3d
x222y242x231y251.201901.10x10.d02.m3d,2019,1,d02,2224,222,242,231,251,56.60559845,-123.3342972,56.93920135,-122.7621994,https://nrs.objectstore.gov.bc.ca/wrfdel/calpuff/3ddat/201901/d02/2224/x222y242x231y251.201901.10x10.d02.m3d
x222y252x231y261.201901.10x10.d02.m3d,2019,1,d02,2225,222,252,231,261,56.96500015,-123.3574982,57.29859924,-122.7801971,https://nrs.objectstore.gov.bc.ca/wrfdel/calpuff/3ddat/201901/d02/2225/x222y252x231y261.201901.10x10.d02.m3d
x222y262x231y271.201901.10x10.d02.m3d,2019,1,d02,2226,222,262,231,271,57.32440186,-123.3811035,57.65800095,-122.7985001,https://nrs.objectstore.gov.bc.ca/wrfdel/calpuff/3ddat/201901/d02/2226/x222y262x231y271.201901.10x10.d02.m3d
x222y272x231y281.201901.10x10.d02.m3d,2019,1,d02,2227,222,272,231,281,57.68360138,-123.4051971,58.01720047,-122.8171005,https://nrs.objectstore.gov.bc.ca/wrfdel/calpuff/3ddat/201901/d02/2227/x222y272x231y281.201901.10x10.d02.m3d
x222y282x231y291.201901.10x10.d02.m3d,2019,1,d02,2228,222,282,231,291,58.0428009,-123.4298019,58.37639999,-122.8361969,https://nrs.objectstore.gov.bc.ca/wrfdel/calpuff/3ddat/201901/d02/2228/x222y282x231y291.201901.10x10.d02.m3d
x222y292x231y301.201901.10x10.d02.m3d,2019,1,d02,2229,222,292,231,301,58.40179825,-123.4548035,58.73540115,-122.8554993,https://nrs.objectstore.gov.bc.ca/wrfdel/calpuff/3ddat/201901/d02/2229/x222y292x231y301.201901.10x10.d02.m3d
x222y302x231y311.201901.10x10.d02.m3d,2019,1,d02,2230,222,302,231,311,58.76060104,-123.4804001,59.09420013,-122.8752975,https://nrs.objectstore.gov.bc.ca/wrfdel/calpuff/3ddat/201901/d02/2230/x222y302x231y311.201901.10x10.d02.m3d
x222y312x231y321.201901.10x10.d02.m3d,2019,1,d02,2231,222,312,231,321,59.11940002,-123.5064011,59.45289993,-122.8955002,https://nrs.objectstore.gov.bc.ca/wrfdel/calpuff/3ddat/201901/d02/2231/x222y312x231y321.201901.10x10.d02.m3d
x222y322x231y331.201901.10x10.d02.m3d,2019,1,d02,2232,222,322,231,331,59.47790146,-123.5329971,59.81140137,-122.9160995,https://nrs.objectstore.gov.bc.ca/wrfdel/calpuff/3ddat/201901/d02/2232/x222y322x231y331.201901.10x10.d02.m3d
x222y332x231y341.201901.10x10.d02.m3d,2019,1,d02,2233,222,332,231,341,59.8362999,-123.5600967,60.16960144,-122.9371033,https://nrs.objectstore.gov.bc.ca/wrfdel/calpuff/3ddat/201901/d02/2233/x222y332x231y341.201901.10x10.d02.m3d
x222y342x231y351.201901.10x10.d02.m3d,2019,1,d02,2234,222,342,231,351,60.19449997,-123.5877991,60.52769852,-122.9586029,https://nrs.objectstore.gov.bc.ca/wrfdel/calpuff/3ddat/201901/d02/2234/x222y342x231y351.201901.10x10.d02.m3d
x222y352x231y361.201901.10x10.d02.m3d,2019,1,d02,2235,222,352,231,361,60.55239868,-123.6159973,60.88560104,-122.9804993,https://nrs.objectstore.gov.bc.ca/wrfdel/calpuff/3ddat/201901/d02/2235/x222y352x231y361.201901.10x10.d02.m3d
x222y362x231y371.201901.10x10.d02.m3d,2019,1,d02,2236,222,362,231,371,60.91009903,-123.6448975,61.24319839,-123.0028,https://nrs.objectstore.gov.bc.ca/wrfdel/calpuff/3ddat/201901/d02/2236/x222y362x231y371.201901.10x10.d02.m3d
x222y372x231y373.201901.10x10.d02.m3d,2019,1,d02,2237,222,372,231,373,61.26760101,-123.6744003,61.31470108,-123.0074005,https://nrs.objectstore.gov.bc.ca/wrfdel/calpuff/3ddat/201901/d02/2237/x222y372x231y373.201901.10x10.d02.m3d
x232y002x241y011.201901.10x10.d02.m3d,2019,1,d02,2300,232,2,241,11,48.00220108,-122.3504028,48.32929993,-121.8768997,https://nrs.objectstore.gov.bc.ca/wrfdel/calpuff/3ddat/201901/d02/2300/x232y002x241y011.201901.10x10.d02.m3d
x232y012x241y021.201901.10x10.d02.m3d,2019,1,d02,2301,232,12,241,21,48.35929871,-122.361702,48.6867981,-121.884697,https://nrs.objectstore.gov.bc.ca/wrfdel/calpuff/3ddat/201901/d02/2301/x232y012x241y021.201901.10x10.d02.m3d
x232y022x241y031.201901.10x10.d02.m3d,2019,1,d02,2302,232,22,241,31,48.71680069,-122.3731995,49.04449844,-121.892601,https://nrs.objectstore.gov.bc.ca/wrfdel/calpuff/3ddat/201901/d02/2302/x232y022x241y031.201901.10x10.d02.m3d
x232y032x241y041.201901.10x10.d02.m3d,2019,1,d02,2303,232,32,241,41,49.07440186,-122.384903,49.40240097,-121.9004974,https://nrs.objectstore.gov.bc.ca/wrfdel/calpuff/3ddat/201901/d02/2303/x232y032x241y041.201901.10x10.d02.m3d
x232y042x241y051.201901.10x10.d02.m3d,2019,1,d02,2304,232,42,241,51,49.43230057,-122.3967972,49.76050186,-121.9085999,https://nrs.objectstore.gov.bc.ca/wrfdel/calpuff/3ddat/201901/d02/2304/x232y042x241y051.201901.10x10.d02.m3d
x232y052x241y061.201901.10x10.d02.m3d,2019,1,d02,2305,232,52,241,61,49.79040146,-122.4088974,50.11880112,-121.9169006,https://nrs.objectstore.gov.bc.ca/wrfdel/calpuff/3ddat/201901/d02/2305/x232y052x241y061.201901.10x10.d02.m3d
x232y062x241y071.201901.10x10.d02.m3d,2019,1,d02,2306,232,62,241,71,50.14870071,-122.4210968,50.47729874,-121.9253006,https://nrs.objectstore.gov.bc.ca/wrfdel/calpuff/3ddat/201901/d02/2306/x232y062x241y071.201901.10x10.d02.m3d
x232y072x241y081.201901.10x10.d02.m3d,2019,1,d02,2307,232,72,241,81,50.50709915,-122.4336014,50.83599854,-121.9337997,https://nrs.objectstore.gov.bc.ca/wrfdel/calpuff/3ddat/201901/d02/2307/x232y072x241y081.201901.10x10.d02.m3d
x232y082x241y091.201901.10x10.d02.m3d,2019,1,d02,2308,232,82,241,91,50.86579895,-122.4462967,51.19480133,-121.9423981,https://nrs.objectstore.gov.bc.ca/wrfdel/calpuff/3ddat/201901/d02/2308/x232y082x241y091.201901.10x10.d02.m3d
x232y092x241y101.201901.10x10.d02.m3d,2019,1,d02,2309,232,92,241,101,51.22460175,-122.4590988,51.55379868,-121.9512024,https://nrs.objectstore.gov.bc.ca/wrfdel/calpuff/3ddat/201901/d02/2309/x232y092x241y101.201901.10x10.d02.m3d
x232y102x241y111.201901.10x10.d02.m3d,2019,1,d02,2310,232,102,241,111,51.58349991,-122.4721985,51.91289902,-121.9601974,https://nrs.objectstore.gov.bc.ca/wrfdel/calpuff/3ddat/201901/d02/2310/x232y102x241y111.201901.10x10.d02.m3d
x232y112x241y121.201901.10x10.d02.m3d,2019,1,d02,2311,232,112,241,121,51.94260025,-122.4854965,52.27209854,-121.9692993,https://nrs.objectstore.gov.bc.ca/wrfdel/calpuff/3ddat/201901/d02/2311/x232y112x241y121.201901.10x10.d02.m3d
x232y122x241y131.201901.10x10.d02.m3d,2019,1,d02,2312,232,122,241,131,52.30179977,-122.4990005,52.63150024,-121.9785004,https://nrs.objectstore.gov.bc.ca/wrfdel/calpuff/3ddat/201901/d02/2312/x232y122x241y131.201901.10x10.d02.m3d
x232y132x241y141.201901.10x10.d02.m3d,2019,1,d02,2313,232,132,241,141,52.66109848,-122.5128021,52.99089813,-121.9878998,https://nrs.objectstore.gov.bc.ca/wrfdel/calpuff/3ddat/201901/d02/2313/x232y132x241y141.201901.10x10.d02.m3d
x232y142x241y151.201901.10x10.d02.m3d,2019,1,d02,2314,232,142,241,151,53.02050018,-122.5268021,53.35039902,-121.9974976,https://nrs.objectstore.gov.bc.ca/wrfdel/calpuff/3ddat/201901/d02/2314/x232y142x241y151.201901.10x10.d02.m3d
x232y152x241y161.201901.10x10.d02.m3d,2019,1,d02,2315,232,152,241,161,53.38000107,-122.5410004,53.70999908,-122.0072021,https://nrs.objectstore.gov.bc.ca/wrfdel/calpuff/3ddat/201901/d02/2315/x232y152x241y161.201901.10x10.d02.m3d
x232y162x241y171.201901.10x10.d02.m3d,2019,1,d02,2316,232,162,241,171,53.73949814,-122.555397,54.06969833,-122.0171967,https://nrs.objectstore.gov.bc.ca/wrfdel/calpuff/3ddat/201901/d02/2316/x232y162x241y171.201901.10x10.d02.m3d
x232y172x241y181.201901.10x10.d02.m3d,2019,1,d02,2317,232,172,241,181,54.09909821,-122.5701981,54.4294014,-122.0271988,https://nrs.objectstore.gov.bc.ca/wrfdel/calpuff/3ddat/201901/d02/2317/x232y172x241y181.201901.10x10.d02.m3d
x232y182x241y191.201901.10x10.d02.m3d,2019,1,d02,2318,232,182,241,191,54.45869827,-122.5851974,54.78910065,-122.0374985,https://nrs.objectstore.gov.bc.ca/wrfdel/calpuff/3ddat/201901/d02/2318/x232y182x241y191.201901.10x10.d02.m3d
x232y192x241y201.201901.10x10.d02.m3d,2019,1,d02,2319,232,192,241,201,54.81840134,-122.6004028,55.1487999,-122.0478973,https://nrs.objectstore.gov.bc.ca/wrfdel/calpuff/3ddat/201901/d02/2319/x232y192x241y201.201901.10x10.d02.m3d
x232y202x241y211.201901.10x10.d02.m3d,2019,1,d02,2320,232,202,241,211,55.17810059,-122.6159973,55.50859833,-122.0586014,https://nrs.objectstore.gov.bc.ca/wrfdel/calpuff/3ddat/201901/d02/2320/x232y202x241y211.201901.10x10.d02.m3d
x232y212x241y221.201901.10x10.d02.m3d,2019,1,d02,2321,232,212,241,221,55.53770065,-122.6317978,55.86830139,-122.069397,https://nrs.objectstore.gov.bc.ca/wrfdel/calpuff/3ddat/201901/d02/2321/x232y212x241y221.201901.10x10.d02.m3d
x232y222x241y231.201901.10x10.d02.m3d,2019,1,d02,2322,232,222,241,231,55.8973999,-122.6479034,56.22800064,-122.0803986,https://nrs.objectstore.gov.bc.ca/wrfdel/calpuff/3ddat/201901/d02/2322/x232y222x241y231.201901.10x10.d02.m3d
x232y232x241y241.201901.10x10.d02.m3d,2019,1,d02,2323,232,232,241,241,56.25699997,-122.664299,56.58760071,-122.0916977,https://nrs.objectstore.gov.bc.ca/wrfdel/calpuff/3ddat/201901/d02/2323/x232y232x241y241.201901.10x10.d02.m3d
x232y242x241y251.201901.10x10.d02.m3d,2019,1,d02,2324,232,242,241,251,56.61660004,-122.6809998,56.94720078,-122.1031036,https://nrs.objectstore.gov.bc.ca/wrfdel/calpuff/3ddat/201901/d02/2324/x232y242x241y251.201901.10x10.d02.m3d
x232y252x241y261.201901.10x10.d02.m3d,2019,1,d02,2325,232,252,241,261,56.97610092,-122.6980972,57.30670166,-122.1147995,https://nrs.objectstore.gov.bc.ca/wrfdel/calpuff/3ddat/201901/d02/2325/x232y252x241y261.201901.10x10.d02.m3d
x232y262x241y271.201901.10x10.d02.m3d,2019,1,d02,2326,232,262,241,271,57.33549881,-122.7154007,57.66609955,-122.1267014,https://nrs.objectstore.gov.bc.ca/wrfdel/calpuff/3ddat/201901/d02/2326/x232y262x241y271.201901.10x10.d02.m3d
x232y272x241y281.201901.10x10.d02.m3d,2019,1,d02,2327,232,272,241,281,57.69490051,-122.7331009,58.02550125,-122.1388016,https://nrs.objectstore.gov.bc.ca/wrfdel/calpuff/3ddat/201901/d02/2327/x232y272x241y281.201901.10x10.d02.m3d
x232y282x241y291.201901.10x10.d02.m3d,2019,1,d02,2328,232,282,241,291,58.05410004,-122.7510986,58.38470078,-122.1511993,https://nrs.objectstore.gov.bc.ca/wrfdel/calpuff/3ddat/201901/d02/2328/x232y282x241y291.201901.10x10.d02.m3d
x232y292x241y301.201901.10x10.d02.m3d,2019,1,d02,2329,232,292,241,301,58.41329956,-122.7695007,58.74369812,-122.1638031,https://nrs.objectstore.gov.bc.ca/wrfdel/calpuff/3ddat/201901/d02/2329/x232y292x241y301.201901.10x10.d02.m3d
x232y302x241y311.201901.10x10.d02.m3d,2019,1,d02,2330,232,302,241,311,58.77220154,-122.7882996,59.10269928,-122.1766968,https://nrs.objectstore.gov.bc.ca/wrfdel/calpuff/3ddat/201901/d02/2330/x232y302x241y311.201901.10x10.d02.m3d
x232y312x241y321.201901.10x10.d02.m3d,2019,1,d02,2331,232,312,241,321,59.1310997,-122.8074036,59.46139908,-122.1897964,https://nrs.objectstore.gov.bc.ca/wrfdel/calpuff/3ddat/201901/d02/2331/x232y312x241y321.201901.10x10.d02.m3d
x232y322x241y331.201901.10x10.d02.m3d,2019,1,d02,2332,232,322,241,331,59.48970032,-122.8268967,59.81999969,-122.2032013,https://nrs.objectstore.gov.bc.ca/wrfdel/calpuff/3ddat/201901/d02/2332/x232y322x241y331.201901.10x10.d02.m3d
x232y332x241y341.201901.10x10.d02.m3d,2019,1,d02,2333,232,332,241,341,59.84820175,-122.8468018,60.17839813,-122.2167969,https://nrs.objectstore.gov.bc.ca/wrfdel/calpuff/3ddat/201901/d02/2333/x232y332x241y341.201901.10x10.d02.m3d
x232y342x241y351.201901.10x10.d02.m3d,2019,1,d02,2334,232,342,241,351,60.20650101,-122.8672028,60.53649902,-122.2307968,https://nrs.objectstore.gov.bc.ca/wrfdel/calpuff/3ddat/201901/d02/2334/x232y342x241y351.201901.10x10.d02.m3d
x232y352x241y361.201901.10x10.d02.m3d,2019,1,d02,2335,232,352,241,361,60.5646019,-122.8879013,60.89450073,-122.2450027,https://nrs.objectstore.gov.bc.ca/wrfdel/calpuff/3ddat/201901/d02/2335/x232y352x241y361.201901.10x10.d02.m3d
x232y362x241y371.201901.10x10.d02.m3d,2019,1,d02,2336,232,362,241,371,60.92240143,-122.9091034,61.25220108,-122.2595978,https://nrs.objectstore.gov.bc.ca/wrfdel/calpuff/3ddat/201901/d02/2336/x232y362x241y371.201901.10x10.d02.m3d
x232y372x241y373.201901.10x10.d02.m3d,2019,1,d02,2337,232,372,241,373,61.27999878,-122.9307022,61.32369995,-122.2624969,https://nrs.objectstore.gov.bc.ca/wrfdel/calpuff/3ddat/201901/d02/2337/x232y372x241y373.201901.10x10.d02.m3d
x242y002x251y011.201901.10x10.d02.m3d,2019,1,d02,2400,242,2,251,11,48.00830078,-121.8167038,48.33309937,-121.3394012,https://nrs.objectstore.gov.bc.ca/wrfdel/calpuff/3ddat/201901/d02/2400/x242y002x251y011.201901.10x10.d02.m3d
x242y012x251y021.201901.10x10.d02.m3d,2019,1,d02,2401,242,12,251,21,48.36560059,-121.8238983,48.69049835,-121.3430023,https://nrs.objectstore.gov.bc.ca/wrfdel/calpuff/3ddat/201901/d02/2401/x242y012x251y021.201901.10x10.d02.m3d
x242y022x251y031.201901.10x10.d02.m3d,2019,1,d02,2402,242,22,251,31,48.72299957,-121.8312988,49.0483017,-121.3466034,https://nrs.objectstore.gov.bc.ca/wrfdel/calpuff/3ddat/201901/d02/2402/x242y022x251y031.201901.10x10.d02.m3d
x242y032x251y041.201901.10x10.d02.m3d,2019,1,d02,2403,242,32,251,41,49.08069992,-121.8386993,49.40620041,-121.3503036,https://nrs.objectstore.gov.bc.ca/wrfdel/calpuff/3ddat/201901/d02/2403/x242y032x251y041.201901.10x10.d02.m3d
x242y042x251y051.201901.10x10.d02.m3d,2019,1,d02,2404,242,42,251,51,49.43870163,-121.8462982,49.7643013,-121.3541031,https://nrs.objectstore.gov.bc.ca/wrfdel/calpuff/3ddat/201901/d02/2404/x242y042x251y051.201901.10x10.d02.m3d
x242y052x251y061.201901.10x10.d02.m3d,2019,1,d02,2405,242,52,251,61,49.79679871,-121.8539963,50.12269974,-121.3579025,https://nrs.objectstore.gov.bc.ca/wrfdel/calpuff/3ddat/201901/d02/2405/x242y052x251y061.201901.10x10.d02.m3d
x242y062x251y071.201901.10x10.d02.m3d,2019,1,d02,2406,242,62,251,71,50.15510178,-121.8618011,50.48120117,-121.361702,https://nrs.objectstore.gov.bc.ca/wrfdel/calpuff/3ddat/201901/d02/2406/x242y062x251y071.201901.10x10.d02.m3d
x242y072x251y081.201901.10x10.d02.m3d,2019,1,d02,2407,242,72,251,81,50.51369858,-121.8696976,50.83990097,-121.3656998,https://nrs.objectstore.gov.bc.ca/wrfdel/calpuff/3ddat/201901/d02/2407/x242y072x251y081.201901.10x10.d02.m3d
x242y082x251y091.201901.10x10.d02.m3d,2019,1,d02,2408,242,82,251,91,50.87239838,-121.8778,51.19879913,-121.3696976,https://nrs.objectstore.gov.bc.ca/wrfdel/calpuff/3ddat/201901/d02/2408/x242y082x251y091.201901.10x10.d02.m3d
x242y092x251y101.201901.10x10.d02.m3d,2019,1,d02,2409,242,92,251,101,51.23120117,-121.8860016,51.55780029,-121.373703,https://nrs.objectstore.gov.bc.ca/wrfdel/calpuff/3ddat/201901/d02/2409/x242y092x251y101.201901.10x10.d02.m3d
x242y102x251y111.201901.10x10.d02.m3d,2019,1,d02,2410,242,102,251,111,51.59019852,-121.8943024,51.91699982,-121.3778,https://nrs.objectstore.gov.bc.ca/wrfdel/calpuff/3ddat/201901/d02/2410/x242y102x251y111.201901.10x10.d02.m3d
x242y112x251y121.201901.10x10.d02.m3d,2019,1,d02,2411,242,112,251,121,51.94940186,-121.9028015,52.27619934,-121.3820038,https://nrs.objectstore.gov.bc.ca/wrfdel/calpuff/3ddat/201901/d02/2411/x242y112x251y121.201901.10x10.d02.m3d
x242y122x251y131.201901.10x10.d02.m3d,2019,1,d02,2412,242,122,251,131,52.30860138,-121.9113998,52.63560104,-121.3862991,https://nrs.objectstore.gov.bc.ca/wrfdel/calpuff/3ddat/201901/d02/2412/x242y122x251y131.201901.10x10.d02.m3d
x242y132x251y141.201901.10x10.d02.m3d,2019,1,d02,2413,242,132,251,141,52.66799927,-121.9201965,52.99509811,-121.3906021,https://nrs.objectstore.gov.bc.ca/wrfdel/calpuff/3ddat/201901/d02/2413/x242y132x251y141.201901.10x10.d02.m3d
x242y142x251y151.201901.10x10.d02.m3d,2019,1,d02,2414,242,142,251,151,53.02740097,-121.9291,53.35469818,-121.3951035,https://nrs.objectstore.gov.bc.ca/wrfdel/calpuff/3ddat/201901/d02/2414/x242y142x251y151.201901.10x10.d02.m3d
x242y152x251y161.201901.10x10.d02.m3d,2019,1,d02,2415,242,152,251,161,53.38700104,-121.9382019,53.71429825,-121.3995972,https://nrs.objectstore.gov.bc.ca/wrfdel/calpuff/3ddat/201901/d02/2415/x242y152x251y161.201901.10x10.d02.m3d
x242y162x251y171.201901.10x10.d02.m3d,2019,1,d02,2416,242,162,251,171,53.7466011,-121.947403,54.07400131,-121.4040985,https://nrs.objectstore.gov.bc.ca/wrfdel/calpuff/3ddat/201901/d02/2416/x242y162x251y171.201901.10x10.d02.m3d
x242y172x251y181.201901.10x10.d02.m3d,2019,1,d02,2417,242,172,251,181,54.10620117,-121.9568024,54.43370056,-121.4087982,https://nrs.objectstore.gov.bc.ca/wrfdel/calpuff/3ddat/201901/d02/2417/x242y172x251y181.201901.10x10.d02.m3d
x242y182x251y191.201901.10x10.d02.m3d,2019,1,d02,2418,242,182,251,191,54.46590042,-121.966301,54.79349899,-121.4134979,https://nrs.objectstore.gov.bc.ca/wrfdel/calpuff/3ddat/201901/d02/2418/x242y182x251y191.201901.10x10.d02.m3d
x242y192x251y201.201901.10x10.d02.m3d,2019,1,d02,2419,242,192,251,201,54.82569885,-121.9760971,55.15319824,-121.4182968,https://nrs.objectstore.gov.bc.ca/wrfdel/calpuff/3ddat/201901/d02/2419/x242y192x251y201.201901.10x10.d02.m3d
x242y202x251y211.201901.10x10.d02.m3d,2019,1,d02,2420,242,202,251,211,55.1853981,-121.9860001,55.51300049,-121.4232025,https://nrs.objectstore.gov.bc.ca/wrfdel/calpuff/3ddat/201901/d02/2420/x242y202x251y211.201901.10x10.d02.m3d
x242y212x251y221.201901.10x10.d02.m3d,2019,1,d02,2421,242,212,251,221,55.54510117,-121.9961014,55.87279892,-121.4281998,https://nrs.objectstore.gov.bc.ca/wrfdel/calpuff/3ddat/201901/d02/2421/x242y212x251y221.201901.10x10.d02.m3d
x242y222x251y231.201901.10x10.d02.m3d,2019,1,d02,2422,242,222,251,231,55.9048996,-122.0063019,56.23249817,-121.433403,https://nrs.objectstore.gov.bc.ca/wrfdel/calpuff/3ddat/201901/d02/2422/x242y222x251y231.201901.10x10.d02.m3d
x242y232x251y241.201901.10x10.d02.m3d,2019,1,d02,2423,242,232,251,241,56.26459885,-122.0167999,56.59220123,-121.4384995,https://nrs.objectstore.gov.bc.ca/wrfdel/calpuff/3ddat/201901/d02/2423/x242y232x251y241.201901.10x10.d02.m3d
x242y242x251y251.201901.10x10.d02.m3d,2019,1,d02,2424,242,242,251,251,56.62419891,-122.0273972,56.9518013,-121.4438019,https://nrs.objectstore.gov.bc.ca/wrfdel/calpuff/3ddat/201901/d02/2424/x242y242x251y251.201901.10x10.d02.m3d
x242y252x251y261.201901.10x10.d02.m3d,2019,1,d02,2425,242,252,251,261,56.98379898,-122.0382996,57.31140137,-121.4492035,https://nrs.objectstore.gov.bc.ca/wrfdel/calpuff/3ddat/201901/d02/2425/x242y252x251y261.201901.10x10.d02.m3d
x242y262x251y271.201901.10x10.d02.m3d,2019,1,d02,2426,242,262,251,271,57.34329987,-122.0494003,57.67079926,-121.4546967,https://nrs.objectstore.gov.bc.ca/wrfdel/calpuff/3ddat/201901/d02/2426/x242y262x251y271.201901.10x10.d02.m3d
x242y272x251y281.201901.10x10.d02.m3d,2019,1,d02,2427,242,272,251,281,57.70270157,-122.0606003,58.03020096,-121.4602966,https://nrs.objectstore.gov.bc.ca/wrfdel/calpuff/3ddat/201901/d02/2427/x242y272x251y281.201901.10x10.d02.m3d
x242y282x251y291.201901.10x10.d02.m3d,2019,1,d02,2428,242,282,251,291,58.06200027,-122.0720978,58.38940048,-121.4660034,https://nrs.objectstore.gov.bc.ca/wrfdel/calpuff/3ddat/201901/d02/2428/x242y282x251y291.201901.10x10.d02.m3d
x242y292x251y301.201901.10x10.d02.m3d,2019,1,d02,2429,242,292,251,301,58.4211998,-122.0839005,58.74860001,-121.4718018,https://nrs.objectstore.gov.bc.ca/wrfdel/calpuff/3ddat/201901/d02/2429/x242y292x251y301.201901.10x10.d02.m3d
x242y302x251y311.201901.10x10.d02.m3d,2019,1,d02,2430,242,302,251,311,58.78030014,-122.0958023,59.10749817,-121.4777985,https://nrs.objectstore.gov.bc.ca/wrfdel/calpuff/3ddat/201901/d02/2430/x242y302x251y311.201901.10x10.d02.m3d
x242y312x251y321.201901.10x10.d02.m3d,2019,1,d02,2431,242,312,251,321,59.1391983,-122.1080017,59.46630096,-121.4838028,https://nrs.objectstore.gov.bc.ca/wrfdel/calpuff/3ddat/201901/d02/2431/x242y312x251y321.201901.10x10.d02.m3d
x242y322x251y331.201901.10x10.d02.m3d,2019,1,d02,2432,242,322,251,331,59.4978981,-122.1203995,59.82500076,-121.4899979,https://nrs.objectstore.gov.bc.ca/wrfdel/calpuff/3ddat/201901/d02/2432/x242y322x251y331.201901.10x10.d02.m3d
x242y332x251y341.201901.10x10.d02.m3d,2019,1,d02,2433,242,332,251,341,59.85649872,-122.1332016,60.1833992,-121.4962997,https://nrs.objectstore.gov.bc.ca/wrfdel/calpuff/3ddat/201901/d02/2433/x242y332x251y341.201901.10x10.d02.m3d
x242y342x251y351.201901.10x10.d02.m3d,2019,1,d02,2434,242,342,251,351,60.21490097,-122.1461029,60.54159927,-121.5027008,https://nrs.objectstore.gov.bc.ca/wrfdel/calpuff/3ddat/201901/d02/2434/x242y342x251y351.201901.10x10.d02.m3d
x242y352x251y361.201901.10x10.d02.m3d,2019,1,d02,2435,242,352,251,361,60.57300186,-122.1593018,60.89960098,-121.5093002,https://nrs.objectstore.gov.bc.ca/wrfdel/calpuff/3ddat/201901/d02/2435/x242y352x251y361.201901.10x10.d02.m3d
x242y362x251y371.201901.10x10.d02.m3d,2019,1,d02,2436,242,362,251,371,60.93090057,-122.1727982,61.25730133,-121.5159988,https://nrs.objectstore.gov.bc.ca/wrfdel/calpuff/3ddat/201901/d02/2436/x242y362x251y371.201901.10x10.d02.m3d
x242y372x251y373.201901.10x10.d02.m3d,2019,1,d02,2437,242,372,251,373,61.28860092,-122.1865997,61.3288002,-121.5174026,https://nrs.objectstore.gov.bc.ca/wrfdel/calpuff/3ddat/201901/d02/2437/x242y372x251y373.201901.10x10.d02.m3d
x252y002x261y011.201901.10x10.d02.m3d,2019,1,d02,2500,252,2,261,11,48.01179886,-121.2828979,48.33399963,-120.8019028,https://nrs.objectstore.gov.bc.ca/wrfdel/calpuff/3ddat/201901/d02/2500/x252y002x261y011.201901.10x10.d02.m3d
x252y012x261y021.201901.10x10.d02.m3d,2019,1,d02,2501,252,12,261,21,48.36899948,-121.2860031,48.69150162,-120.8013,https://nrs.objectstore.gov.bc.ca/wrfdel/calpuff/3ddat/201901/d02/2501/x252y012x261y021.201901.10x10.d02.m3d
x252y022x261y031.201901.10x10.d02.m3d,2019,1,d02,2502,252,22,261,31,48.72650146,-121.2891998,49.04919815,-120.8006973,https://nrs.objectstore.gov.bc.ca/wrfdel/calpuff/3ddat/201901/d02/2502/x252y022x261y031.201901.10x10.d02.m3d
x252y032x261y041.201901.10x10.d02.m3d,2019,1,d02,2503,252,32,261,41,49.08430099,-121.2923965,49.40719986,-120.8000031,https://nrs.objectstore.gov.bc.ca/wrfdel/calpuff/3ddat/201901/d02/2503/x252y032x261y041.201901.10x10.d02.m3d
x252y042x261y051.201901.10x10.d02.m3d,2019,1,d02,2504,252,42,261,51,49.44219971,-121.2956009,49.76539993,-120.7994003,https://nrs.objectstore.gov.bc.ca/wrfdel/calpuff/3ddat/201901/d02/2504/x252y042x261y051.201901.10x10.d02.m3d
x252y052x261y061.201901.10x10.d02.m3d,2019,1,d02,2505,252,52,261,61,49.80039978,-121.2988968,50.12369919,-120.7987976,https://nrs.objectstore.gov.bc.ca/wrfdel/calpuff/3ddat/201901/d02/2505/x252y052x261y061.201901.10x10.d02.m3d
x252y062x261y071.201901.10x10.d02.m3d,2019,1,d02,2506,252,62,261,71,50.15879822,-121.3022995,50.48220062,-120.7981033,https://nrs.objectstore.gov.bc.ca/wrfdel/calpuff/3ddat/201901/d02/2506/x252y062x261y071.201901.10x10.d02.m3d
x252y072x261y081.201901.10x10.d02.m3d,2019,1,d02,2507,252,72,261,81,50.51729965,-121.3057022,50.8409996,-120.7975006,https://nrs.objectstore.gov.bc.ca/wrfdel/calpuff/3ddat/201901/d02/2507/x252y072x261y081.201901.10x10.d02.m3d
x252y082x261y091.201901.10x10.d02.m3d,2019,1,d02,2508,252,82,261,91,50.87599945,-121.3091965,51.19979858,-120.7967987,https://nrs.objectstore.gov.bc.ca/wrfdel/calpuff/3ddat/201901/d02/2508/x252y082x261y091.201901.10x10.d02.m3d
x252y092x261y101.201901.10x10.d02.m3d,2019,1,d02,2509,252,92,261,101,51.23490143,-121.3126984,51.55889893,-120.7960968,https://nrs.objectstore.gov.bc.ca/wrfdel/calpuff/3ddat/201901/d02/2509/x252y092x261y101.201901.10x10.d02.m3d
x252y102x261y111.201901.10x10.d02.m3d,2019,1,d02,2510,252,102,261,111,51.59400177,-121.3162994,51.91799927,-120.7954025,https://nrs.objectstore.gov.bc.ca/wrfdel/calpuff/3ddat/201901/d02/2510/x252y102x261y111.201901.10x10.d02.m3d
x252y112x261y121.201901.10x10.d02.m3d,2019,1,d02,2511,252,112,261,121,51.9530983,-121.3199997,52.27730179,-120.7947006,https://nrs.objectstore.gov.bc.ca/wrfdel/calpuff/3ddat/201901/d02/2511/x252y112x261y121.201901.10x10.d02.m3d
x252y122x261y131.201901.10x10.d02.m3d,2019,1,d02,2512,252,122,261,131,52.31240082,-121.3237,52.63669968,-120.7939987,https://nrs.objectstore.gov.bc.ca/wrfdel/calpuff/3ddat/201901/d02/2512/x252y122x261y131.201901.10x10.d02.m3d
x252y132x261y141.201901.10x10.d02.m3d,2019,1,d02,2513,252,132,261,141,52.67179871,-121.3274002,52.99620056,-120.7932968,https://nrs.objectstore.gov.bc.ca/wrfdel/calpuff/3ddat/201901/d02/2513/x252y132x261y141.201901.10x10.d02.m3d
x252y142x261y151.201901.10x10.d02.m3d,2019,1,d02,2514,252,142,261,151,53.03129959,-121.3312988,53.35580063,-120.7926025,https://nrs.objectstore.gov.bc.ca/wrfdel/calpuff/3ddat/201901/d02/2514/x252y142x261y151.201901.10x10.d02.m3d
x252y152x261y161.201901.10x10.d02.m3d,2019,1,d02,2515,252,152,261,161,53.39089966,-121.3351974,53.7154007,-120.7918015,https://nrs.objectstore.gov.bc.ca/wrfdel/calpuff/3ddat/201901/d02/2515/x252y152x261y161.201901.10x10.d02.m3d
x252y162x261y171.201901.10x10.d02.m3d,2019,1,d02,2516,252,162,261,171,53.75049973,-121.3392029,54.07509995,-120.7910004,https://nrs.objectstore.gov.bc.ca/wrfdel/calpuff/3ddat/201901/d02/2516/x252y162x261y171.201901.10x10.d02.m3d
x252y172x261y181.201901.10x10.d02.m3d,2019,1,d02,2517,252,172,261,181,54.11019897,-121.3432007,54.43479919,-120.7901993,https://nrs.objectstore.gov.bc.ca/wrfdel/calpuff/3ddat/201901/d02/2517/x252y172x261y181.201901.10x10.d02.m3d
x252y182x261y191.201901.10x10.d02.m3d,2019,1,d02,2518,252,182,261,191,54.47000122,-121.3473969,54.79460144,-120.7894974,https://nrs.objectstore.gov.bc.ca/wrfdel/calpuff/3ddat/201901/d02/2518/x252y182x261y191.201901.10x10.d02.m3d
x252y192x261y201.201901.10x10.d02.m3d,2019,1,d02,2519,252,192,261,201,54.82970047,-121.3515015,55.15439987,-120.7886963,https://nrs.objectstore.gov.bc.ca/wrfdel/calpuff/3ddat/201901/d02/2519/x252y192x261y201.201901.10x10.d02.m3d
x252y202x261y211.201901.10x10.d02.m3d,2019,1,d02,2520,252,202,261,211,55.1894989,-121.3557968,55.5141983,-120.7878036,https://nrs.objectstore.gov.bc.ca/wrfdel/calpuff/3ddat/201901/d02/2520/x252y202x261y211.201901.10x10.d02.m3d
x252y212x261y221.201901.10x10.d02.m3d,2019,1,d02,2521,252,212,261,221,55.54919815,-121.3600998,55.87390137,-120.7870026,https://nrs.objectstore.gov.bc.ca/wrfdel/calpuff/3ddat/201901/d02/2521/x252y212x261y221.201901.10x10.d02.m3d
x252y222x261y231.201901.10x10.d02.m3d,2019,1,d02,2522,252,222,261,231,55.9090004,-121.3646011,56.2336998,-120.7862015,https://nrs.objectstore.gov.bc.ca/wrfdel/calpuff/3ddat/201901/d02/2522/x252y222x261y231.201901.10x10.d02.m3d
x252y232x261y241.201901.10x10.d02.m3d,2019,1,d02,2523,252,232,261,241,56.26869965,-121.3691025,56.59339905,-120.7853012,https://nrs.objectstore.gov.bc.ca/wrfdel/calpuff/3ddat/201901/d02/2523/x252y232x261y241.201901.10x10.d02.m3d
x252y242x261y251.201901.10x10.d02.m3d,2019,1,d02,2524,252,242,261,251,56.6283989,-121.373703,56.95299911,-120.7844009,https://nrs.objectstore.gov.bc.ca/wrfdel/calpuff/3ddat/201901/d02/2524/x252y242x261y251.201901.10x10.d02.m3d
x252y252x261y261.201901.10x10.d02.m3d,2019,1,d02,2525,252,252,261,261,56.98799896,-121.3783035,57.31259918,-120.7835007,https://nrs.objectstore.gov.bc.ca/wrfdel/calpuff/3ddat/201901/d02/2525/x252y252x261y261.201901.10x10.d02.m3d
x252y262x261y271.201901.10x10.d02.m3d,2019,1,d02,2526,252,262,261,271,57.34759903,-121.3831024,57.67210007,-120.7826004,https://nrs.objectstore.gov.bc.ca/wrfdel/calpuff/3ddat/201901/d02/2526/x252y262x261y271.201901.10x10.d02.m3d
x252y272x261y281.201901.10x10.d02.m3d,2019,1,d02,2527,252,272,261,281,57.70709991,-121.3880005,58.03139877,-120.781601,https://nrs.objectstore.gov.bc.ca/wrfdel/calpuff/3ddat/201901/d02/2527/x252y272x261y281.201901.10x10.d02.m3d
x252y282x261y291.201901.10x10.d02.m3d,2019,1,d02,2528,252,282,261,291,58.06639862,-121.3928986,58.39070129,-120.7807007,https://nrs.objectstore.gov.bc.ca/wrfdel/calpuff/3ddat/201901/d02/2528/x252y282x261y291.201901.10x10.d02.m3d
x252y292x261y301.201901.10x10.d02.m3d,2019,1,d02,2529,252,292,261,301,58.42559814,-121.3980026,58.74980164,-120.7797012,https://nrs.objectstore.gov.bc.ca/wrfdel/calpuff/3ddat/201901/d02/2529/x252y292x261y301.201901.10x10.d02.m3d
x252y302x261y311.201901.10x10.d02.m3d,2019,1,d02,2530,252,302,261,311,58.78480148,-121.4030991,59.10879898,-120.7787018,https://nrs.objectstore.gov.bc.ca/wrfdel/calpuff/3ddat/201901/d02/2530/x252y302x261y311.201901.10x10.d02.m3d
x252y312x261y321.201901.10x10.d02.m3d,2019,1,d02,2531,252,312,261,321,59.14369965,-121.4084015,59.46760178,-120.7777023,https://nrs.objectstore.gov.bc.ca/wrfdel/calpuff/3ddat/201901/d02/2531/x252y312x261y321.201901.10x10.d02.m3d
x252y322x261y331.201901.10x10.d02.m3d,2019,1,d02,2532,252,322,261,331,59.50249863,-121.4136963,59.82630157,-120.7767029,https://nrs.objectstore.gov.bc.ca/wrfdel/calpuff/3ddat/201901/d02/2532/x252y322x261y331.201901.10x10.d02.m3d
x252y332x261y341.201901.10x10.d02.m3d,2019,1,d02,2533,252,332,261,341,59.86109924,-121.4191971,60.18470001,-120.7755966,https://nrs.objectstore.gov.bc.ca/wrfdel/calpuff/3ddat/201901/d02/2533/x252y332x261y341.201901.10x10.d02.m3d
x252y342x261y351.201901.10x10.d02.m3d,2019,1,d02,2534,252,342,261,351,60.2195015,-121.4247971,60.54290009,-120.774498,https://nrs.objectstore.gov.bc.ca/wrfdel/calpuff/3ddat/201901/d02/2534/x252y342x261y351.201901.10x10.d02.m3d
x252y352x261y361.201901.10x10.d02.m3d,2019,1,d02,2535,252,352,261,361,60.57770157,-121.4304962,60.90090179,-120.7733994,https://nrs.objectstore.gov.bc.ca/wrfdel/calpuff/3ddat/201901/d02/2535/x252y352x261y361.201901.10x10.d02.m3d
x252y362x261y371.201901.10x10.d02.m3d,2019,1,d02,2536,252,362,261,371,60.93569946,-121.4363022,61.25870132,-120.7723007,https://nrs.objectstore.gov.bc.ca/wrfdel/calpuff/3ddat/201901/d02/2536/x252y362x261y371.201901.10x10.d02.m3d
x252y372x261y373.201901.10x10.d02.m3d,2019,1,d02,2537,252,372,261,373,61.29339981,-121.4421997,61.3302002,-120.7721024,https://nrs.objectstore.gov.bc.ca/wrfdel/calpuff/3ddat/201901/d02/2537/x252y372x261y373.201901.10x10.d02.m3d
x262y002x271y011.201901.10x10.d02.m3d,2019,1,d02,2600,262,2,271,11,48.01250076,-120.7490005,48.33229828,-120.2642975,https://nrs.objectstore.gov.bc.ca/wrfdel/calpuff/3ddat/201901/d02/2600/x262y002x271y011.201901.10x10.d02.m3d
x262y012x271y021.201901.10x10.d02.m3d,2019,1,d02,2601,262,12,271,21,48.36970139,-120.7480011,48.68970108,-120.2595978,https://nrs.objectstore.gov.bc.ca/wrfdel/calpuff/3ddat/201901/d02/2601/x262y012x271y021.201901.10x10.d02.m3d
x262y022x271y031.201901.10x10.d02.m3d,2019,1,d02,2602,262,22,271,31,48.72719955,-120.7470016,49.04740143,-120.2546997,https://nrs.objectstore.gov.bc.ca/wrfdel/calpuff/3ddat/201901/d02/2602/x262y022x271y031.201901.10x10.d02.m3d
x262y032x271y041.201901.10x10.d02.m3d,2019,1,d02,2603,262,32,271,41,49.08499908,-120.7460022,49.40539932,-120.2498016,https://nrs.objectstore.gov.bc.ca/wrfdel/calpuff/3ddat/201901/d02/2603/x262y032x271y041.201901.10x10.d02.m3d
x262y042x271y051.201901.10x10.d02.m3d,2019,1,d02,2604,262,42,271,51,49.44290161,-120.7449036,49.76350021,-120.2447968,https://nrs.objectstore.gov.bc.ca/wrfdel/calpuff/3ddat/201901/d02/2604/x262y042x271y051.201901.10x10.d02.m3d
x262y052x271y061.201901.10x10.d02.m3d,2019,1,d02,2605,262,52,271,61,49.80110168,-120.7437973,50.12189865,-120.2397003,https://nrs.objectstore.gov.bc.ca/wrfdel/calpuff/3ddat/201901/d02/2605/x262y052x271y061.201901.10x10.d02.m3d
x262y062x271y071.201901.10x10.d02.m3d,2019,1,d02,2606,262,62,271,71,50.15950012,-120.7427979,50.48040009,-120.2345963,https://nrs.objectstore.gov.bc.ca/wrfdel/calpuff/3ddat/201901/d02/2606/x262y062x271y071.201901.10x10.d02.m3d
x262y072x271y081.201901.10x10.d02.m3d,2019,1,d02,2607,262,72,271,81,50.51800156,-120.7416992,50.83909988,-120.2293015,https://nrs.objectstore.gov.bc.ca/wrfdel/calpuff/3ddat/201901/d02/2607/x262y072x271y081.201901.10x10.d02.m3d
x262y082x271y091.201901.10x10.d02.m3d,2019,1,d02,2608,262,82,271,91,50.87680054,-120.7405014,51.19789886,-120.223999,https://nrs.objectstore.gov.bc.ca/wrfdel/calpuff/3ddat/201901/d02/2608/x262y082x271y091.201901.10x10.d02.m3d
x262y092x271y101.201901.10x10.d02.m3d,2019,1,d02,2609,262,92,271,101,51.2356987,-120.7394028,51.55699921,-120.2185974,https://nrs.objectstore.gov.bc.ca/wrfdel/calpuff/3ddat/201901/d02/2609/x262y092x271y101.201901.10x10.d02.m3d
x262y102x271y111.201901.10x10.d02.m3d,2019,1,d02,2610,262,102,271,111,51.59469986,-120.7381973,51.91609955,-120.2129974,https://nrs.objectstore.gov.bc.ca/wrfdel/calpuff/3ddat/201901/d02/2610/x262y102x271y111.201901.10x10.d02.m3d
x262y112x271y121.201901.10x10.d02.m3d,2019,1,d02,2611,262,112,271,121,51.95389938,-120.7370987,52.27539825,-120.2073975,https://nrs.objectstore.gov.bc.ca/wrfdel/calpuff/3ddat/201901/d02/2611/x262y112x271y121.201901.10x10.d02.m3d
x262y122x271y131.201901.10x10.d02.m3d,2019,1,d02,2612,262,122,271,131,52.3132019,-120.7359009,52.63470078,-120.2017975,https://nrs.objectstore.gov.bc.ca/wrfdel/calpuff/3ddat/201901/d02/2612/x262y122x271y131.201901.10x10.d02.m3d
x262y132x271y141.201901.10x10.d02.m3d,2019,1,d02,2613,262,132,271,141,52.67259979,-120.7347031,52.99420166,-120.1959991,https://nrs.objectstore.gov.bc.ca/wrfdel/calpuff/3ddat/201901/d02/2613/x262y132x271y141.201901.10x10.d02.m3d
x262y142x271y151.201901.10x10.d02.m3d,2019,1,d02,2614,262,142,271,151,53.03210068,-120.7333984,53.35380173,-120.1901016,https://nrs.objectstore.gov.bc.ca/wrfdel/calpuff/3ddat/201901/d02/2614/x262y142x271y151.201901.10x10.d02.m3d
x262y152x271y161.201901.10x10.d02.m3d,2019,1,d02,2615,262,152,271,161,53.39170074,-120.7322006,53.71340179,-120.1839981,https://nrs.objectstore.gov.bc.ca/wrfdel/calpuff/3ddat/201901/d02/2615/x262y152x271y161.201901.10x10.d02.m3d
x262y162x271y171.201901.10x10.d02.m3d,2019,1,d02,2616,262,162,271,171,53.75130081,-120.7309036,54.07310104,-120.1780014,https://nrs.objectstore.gov.bc.ca/wrfdel/calpuff/3ddat/201901/d02/2616/x262y162x271y171.201901.10x10.d02.m3d
x262y172x271y181.201901.10x10.d02.m3d,2019,1,d02,2617,262,172,271,181,54.11100006,-120.729599,54.43280029,-120.1717987,https://nrs.objectstore.gov.bc.ca/wrfdel/calpuff/3ddat/201901/d02/2617/x262y172x271y181.201901.10x10.d02.m3d
x262y182x271y191.201901.10x10.d02.m3d,2019,1,d02,2618,262,182,271,191,54.47079849,-120.728302,54.79249954,-120.1653976,https://nrs.objectstore.gov.bc.ca/wrfdel/calpuff/3ddat/201901/d02/2618/x262y182x271y191.201901.10x10.d02.m3d
x262y192x271y201.201901.10x10.d02.m3d,2019,1,d02,2619,262,192,271,201,54.83050156,-120.7268982,55.15230179,-120.1589966,https://nrs.objectstore.gov.bc.ca/wrfdel/calpuff/3ddat/201901/d02/2619/x262y192x271y201.201901.10x10.d02.m3d
x262y202x271y211.201901.10x10.d02.m3d,2019,1,d02,2620,262,202,271,211,55.19029999,-120.7256012,55.51210022,-120.1523972,https://nrs.objectstore.gov.bc.ca/wrfdel/calpuff/3ddat/201901/d02/2620/x262y202x271y211.201901.10x10.d02.m3d
x262y212x271y221.201901.10x10.d02.m3d,2019,1,d02,2621,262,212,271,221,55.55009842,-120.7241974,55.87179947,-120.1457977,https://nrs.objectstore.gov.bc.ca/wrfdel/calpuff/3ddat/201901/d02/2621/x262y212x271y221.201901.10x10.d02.m3d
x262y222x271y231.201901.10x10.d02.m3d,2019,1,d02,2622,262,222,271,231,55.90990067,-120.722702,56.23149872,-120.1389999,https://nrs.objectstore.gov.bc.ca/wrfdel/calpuff/3ddat/201901/d02/2622/x262y222x271y231.201901.10x10.d02.m3d
x262y232x271y241.201901.10x10.d02.m3d,2019,1,d02,2623,262,232,271,241,56.26959991,-120.7212982,56.59120178,-120.1320038,https://nrs.objectstore.gov.bc.ca/wrfdel/calpuff/3ddat/201901/d02/2623/x262y232x271y241.201901.10x10.d02.m3d
x262y242x271y251.201901.10x10.d02.m3d,2019,1,d02,2624,262,242,271,251,56.62929916,-120.7198029,56.95080185,-120.125,https://nrs.objectstore.gov.bc.ca/wrfdel/calpuff/3ddat/201901/d02/2624/x262y242x271y251.201901.10x10.d02.m3d
x262y252x271y261.201901.10x10.d02.m3d,2019,1,d02,2625,262,252,271,261,56.98889923,-120.7182999,57.3103981,-120.1177979,https://nrs.objectstore.gov.bc.ca/wrfdel/calpuff/3ddat/201901/d02/2625/x262y252x271y261.201901.10x10.d02.m3d
x262y262x271y271.201901.10x10.d02.m3d,2019,1,d02,2626,262,262,271,271,57.3484993,-120.7167969,57.6697998,-120.1104965,https://nrs.objectstore.gov.bc.ca/wrfdel/calpuff/3ddat/201901/d02/2626/x262y262x271y271.201901.10x10.d02.m3d
x262y272x271y281.201901.10x10.d02.m3d,2019,1,d02,2627,262,272,271,281,57.707901,-120.7152023,58.02920151,-120.1029968,https://nrs.objectstore.gov.bc.ca/wrfdel/calpuff/3ddat/201901/d02/2627/x262y272x271y281.201901.10x10.d02.m3d
x262y282x271y291.201901.10x10.d02.m3d,2019,1,d02,2628,262,282,271,291,58.06729889,-120.7136002,58.38840103,-120.0953979,https://nrs.objectstore.gov.bc.ca/wrfdel/calpuff/3ddat/201901/d02/2628/x262y282x271y291.201901.10x10.d02.m3d
x262y292x271y301.201901.10x10.d02.m3d,2019,1,d02,2629,262,292,271,301,58.42660141,-120.711998,58.74750137,-120.0876007,https://nrs.objectstore.gov.bc.ca/wrfdel/calpuff/3ddat/201901/d02/2629/x262y292x271y301.201901.10x10.d02.m3d
x262y302x271y311.201901.10x10.d02.m3d,2019,1,d02,2630,262,302,271,311,58.78570175,-120.7102966,59.10649872,-120.0796967,https://nrs.objectstore.gov.bc.ca/wrfdel/calpuff/3ddat/201901/d02/2630/x262y302x271y311.201901.10x10.d02.m3d
x262y312x271y321.201901.10x10.d02.m3d,2019,1,d02,2631,262,312,271,321,59.14459991,-120.7086029,59.46530151,-120.0716019,https://nrs.objectstore.gov.bc.ca/wrfdel/calpuff/3ddat/201901/d02/2631/x262y312x271y321.201901.10x10.d02.m3d
x262y322x271y331.201901.10x10.d02.m3d,2019,1,d02,2632,262,322,271,331,59.5033989,-120.7069016,59.82389832,-120.0634003,https://nrs.objectstore.gov.bc.ca/wrfdel/calpuff/3ddat/201901/d02/2632/x262y322x271y331.201901.10x10.d02.m3d
x262y332x271y341.201901.10x10.d02.m3d,2019,1,d02,2633,262,332,271,341,59.86199951,-120.705101,60.18230057,-120.0549011,https://nrs.objectstore.gov.bc.ca/wrfdel/calpuff/3ddat/201901/d02/2633/x262y332x271y341.201901.10x10.d02.m3d
x262y342x271y351.201901.10x10.d02.m3d,2019,1,d02,2634,262,342,271,351,60.22050095,-120.7033997,60.54050064,-120.0463028,https://nrs.objectstore.gov.bc.ca/wrfdel/calpuff/3ddat/201901/d02/2634/x262y342x271y351.201901.10x10.d02.m3d
x262y352x271y361.201901.10x10.d02.m3d,2019,1,d02,2635,262,352,271,361,60.57870102,-120.7014999,60.89849854,-120.0375977,https://nrs.objectstore.gov.bc.ca/wrfdel/calpuff/3ddat/201901/d02/2635/x262y352x271y361.201901.10x10.d02.m3d
x262y362x271y371.201901.10x10.d02.m3d,2019,1,d02,2636,262,362,271,371,60.93659973,-120.6996002,61.25619888,-120.0286026,https://nrs.objectstore.gov.bc.ca/wrfdel/calpuff/3ddat/201901/d02/2636/x262y362x271y371.201901.10x10.d02.m3d
x262y372x271y373.201901.10x10.d02.m3d,2019,1,d02,2637,262,372,271,373,61.29439926,-120.6977005,61.32780075,-120.0268021,https://nrs.objectstore.gov.bc.ca/wrfdel/calpuff/3ddat/201901/d02/2637/x262y372x271y373.201901.10x10.d02.m3d
x272y002x281y011.201901.10x10.d02.m3d,2019,1,d02,2700,272,2,281,11,48.01039886,-120.2152023,48.32770157,-119.726799,https://nrs.objectstore.gov.bc.ca/wrfdel/calpuff/3ddat/201901/d02/2700/x272y002x281y011.201901.10x10.d02.m3d
x272y012x281y021.201901.10x10.d02.m3d,2019,1,d02,2701,272,12,281,21,48.36769867,-120.2099991,48.68519974,-119.7179031,https://nrs.objectstore.gov.bc.ca/wrfdel/calpuff/3ddat/201901/d02/2701/x272y012x281y021.201901.10x10.d02.m3d
x272y022x281y031.201901.10x10.d02.m3d,2019,1,d02,2702,272,22,281,31,48.72520065,-120.2049026,49.0428009,-119.7088013,https://nrs.objectstore.gov.bc.ca/wrfdel/calpuff/3ddat/201901/d02/2702/x272y022x281y031.201901.10x10.d02.m3d
x272y032x281y041.201901.10x10.d02.m3d,2019,1,d02,2703,272,32,281,41,49.082901,-120.1996002,49.40069962,-119.6996002,https://nrs.objectstore.gov.bc.ca/wrfdel/calpuff/3ddat/201901/d02/2703/x272y032x281y041.201901.10x10.d02.m3d
x272y042x281y051.201901.10x10.d02.m3d,2019,1,d02,2704,272,42,281,51,49.44079971,-120.1941986,49.75880051,-119.6902008,https://nrs.objectstore.gov.bc.ca/wrfdel/calpuff/3ddat/201901/d02/2704/x272y042x281y051.201901.10x10.d02.m3d
x272y052x281y061.201901.10x10.d02.m3d,2019,1,d02,2705,272,52,281,61,49.79899979,-120.188797,50.11709976,-119.6807022,https://nrs.objectstore.gov.bc.ca/wrfdel/calpuff/3ddat/201901/d02/2705/x272y052x281y061.201901.10x10.d02.m3d
x272y062x281y071.201901.10x10.d02.m3d,2019,1,d02,2706,272,62,281,71,50.15739822,-120.1832962,50.4756012,-119.6709976,https://nrs.objectstore.gov.bc.ca/wrfdel/calpuff/3ddat/201901/d02/2706/x272y062x281y071.201901.10x10.d02.m3d
x272y072x281y081.201901.10x10.d02.m3d,2019,1,d02,2707,272,72,281,81,50.51589966,-120.177597,50.83430099,-119.6612015,https://nrs.objectstore.gov.bc.ca/wrfdel/calpuff/3ddat/201901/d02/2707/x272y072x281y081.201901.10x10.d02.m3d
x272y082x281y091.201901.10x10.d02.m3d,2019,1,d02,2708,272,82,281,91,50.87459946,-120.1718979,51.19309998,-119.6511993,https://nrs.objectstore.gov.bc.ca/wrfdel/calpuff/3ddat/201901/d02/2708/x272y082x281y091.201901.10x10.d02.m3d
x272y092x281y101.201901.10x10.d02.m3d,2019,1,d02,2709,272,92,281,101,51.23350143,-120.1660995,51.55210114,-119.641098,https://nrs.objectstore.gov.bc.ca/wrfdel/calpuff/3ddat/201901/d02/2709/x272y092x281y101.201901.10x10.d02.m3d
x272y102x281y111.201901.10x10.d02.m3d,2019,1,d02,2710,272,102,281,111,51.59249878,-120.160202,51.91120148,-119.6307983,https://nrs.objectstore.gov.bc.ca/wrfdel/calpuff/3ddat/201901/d02/2710/x272y102x281y111.201901.10x10.d02.m3d
x272y112x281y121.201901.10x10.d02.m3d,2019,1,d02,2711,272,112,281,121,51.9516983,-120.1541977,52.270401,-119.6202011,https://nrs.objectstore.gov.bc.ca/wrfdel/calpuff/3ddat/201901/d02/2711/x272y112x281y121.201901.10x10.d02.m3d
x272y122x281y131.201901.10x10.d02.m3d,2019,1,d02,2712,272,122,281,131,52.31090164,-120.1481018,52.62969971,-119.6095963,https://nrs.objectstore.gov.bc.ca/wrfdel/calpuff/3ddat/201901/d02/2712/x272y122x281y131.201901.10x10.d02.m3d
x272y132x281y141.201901.10x10.d02.m3d,2019,1,d02,2713,272,132,281,141,52.67029953,-120.1418991,52.98920059,-119.5987015,https://nrs.objectstore.gov.bc.ca/wrfdel/calpuff/3ddat/201901/d02/2713/x272y132x281y141.201901.10x10.d02.m3d
x272y142x281y151.201901.10x10.d02.m3d,2019,1,d02,2714,272,142,281,151,53.02980042,-120.1355972,53.34870148,-119.5876999,https://nrs.objectstore.gov.bc.ca/wrfdel/calpuff/3ddat/201901/d02/2714/x272y142x281y151.201901.10x10.d02.m3d
x272y152x281y161.201901.10x10.d02.m3d,2019,1,d02,2715,272,152,281,161,53.38940048,-120.1292038,53.70819855,-119.5764008,https://nrs.objectstore.gov.bc.ca/wrfdel/calpuff/3ddat/201901/d02/2715/x272y152x281y161.201901.10x10.d02.m3d
x272y162x281y171.201901.10x10.d02.m3d,2019,1,d02,2716,272,162,281,171,53.74900055,-120.1225967,54.06790161,-119.5650024,https://nrs.objectstore.gov.bc.ca/wrfdel/calpuff/3ddat/201901/d02/2716/x272y162x281y171.201901.10x10.d02.m3d
x272y172x281y181.201901.10x10.d02.m3d,2019,1,d02,2717,272,172,281,181,54.1086998,-120.1159973,54.42760086,-119.5533981,https://nrs.objectstore.gov.bc.ca/wrfdel/calpuff/3ddat/201901/d02/2717/x272y172x281y181.201901.10x10.d02.m3d
x272y182x281y191.201901.10x10.d02.m3d,2019,1,d02,2718,272,182,281,191,54.46839905,-120.1091995,54.78730011,-119.5414963,https://nrs.objectstore.gov.bc.ca/wrfdel/calpuff/3ddat/201901/d02/2718/x272y182x281y191.201901.10x10.d02.m3d
x272y192x281y201.201901.10x10.d02.m3d,2019,1,d02,2719,272,192,281,201,54.8280983,-120.1023026,55.14699936,-119.5294037,https://nrs.objectstore.gov.bc.ca/wrfdel/calpuff/3ddat/201901/d02/2719/x272y192x281y201.201901.10x10.d02.m3d
x272y202x281y211.201901.10x10.d02.m3d,2019,1,d02,2720,272,202,281,211,55.18790054,-120.0952988,55.50669861,-119.5171967,https://nrs.objectstore.gov.bc.ca/wrfdel/calpuff/3ddat/201901/d02/2720/x272y202x281y211.201901.10x10.d02.m3d
x272y212x281y221.201901.10x10.d02.m3d,2019,1,d02,2721,272,212,281,221,55.54769897,-120.0882034,55.86640167,-119.5046005,https://nrs.objectstore.gov.bc.ca/wrfdel/calpuff/3ddat/201901/d02/2721/x272y212x281y221.201901.10x10.d02.m3d
x272y222x281y231.201901.10x10.d02.m3d,2019,1,d02,2722,272,222,281,231,55.90739822,-120.0809021,56.22610092,-119.4918976,https://nrs.objectstore.gov.bc.ca/wrfdel/calpuff/3ddat/201901/d02/2722/x272y222x281y231.201901.10x10.d02.m3d
x272y232x281y241.201901.10x10.d02.m3d,2019,1,d02,2723,272,232,281,241,56.26710129,-120.0735016,56.58570099,-119.4788971,https://nrs.objectstore.gov.bc.ca/wrfdel/calpuff/3ddat/201901/d02/2723/x272y232x281y241.201901.10x10.d02.m3d
x272y242x281y251.201901.10x10.d02.m3d,2019,1,d02,2724,272,242,281,251,56.62680054,-120.0660019,56.94530106,-119.4656982,https://nrs.objectstore.gov.bc.ca/wrfdel/calpuff/3ddat/201901/d02/2724/x272y242x281y251.201901.10x10.d02.m3d
x272y252x281y261.201901.10x10.d02.m3d,2019,1,d02,2725,272,252,281,261,56.9864006,-120.0582962,57.30479813,-119.4522018,https://nrs.objectstore.gov.bc.ca/wrfdel/calpuff/3ddat/201901/d02/2725/x272y252x281y261.201901.10x10.d02.m3d
x272y262x281y271.201901.10x10.d02.m3d,2019,1,d02,2726,272,262,281,271,57.34590149,-120.0503998,57.66419983,-119.4384995,https://nrs.objectstore.gov.bc.ca/wrfdel/calpuff/3ddat/201901/d02/2726/x272y262x281y271.201901.10x10.d02.m3d
x272y272x281y281.201901.10x10.d02.m3d,2019,1,d02,2727,272,272,281,281,57.70539856,-120.0423965,58.02349854,-119.4244995,https://nrs.objectstore.gov.bc.ca/wrfdel/calpuff/3ddat/201901/d02/2727/x272y272x281y281.201901.10x10.d02.m3d
x272y282x281y291.201901.10x10.d02.m3d,2019,1,d02,2728,272,282,281,291,58.06470108,-120.0343018,58.38259888,-119.410202,https://nrs.objectstore.gov.bc.ca/wrfdel/calpuff/3ddat/201901/d02/2728/x272y282x281y291.201901.10x10.d02.m3d
x272y292x281y301.201901.10x10.d02.m3d,2019,1,d02,2729,272,292,281,301,58.4239006,-120.026001,58.74169922,-119.3956985,https://nrs.objectstore.gov.bc.ca/wrfdel/calpuff/3ddat/201901/d02/2729/x272y292x281y301.201901.10x10.d02.m3d
x272y302x281y311.201901.10x10.d02.m3d,2019,1,d02,2730,272,302,281,311,58.78300095,-120.017601,59.1006012,-119.3807983,https://nrs.objectstore.gov.bc.ca/wrfdel/calpuff/3ddat/201901/d02/2730/x272y302x281y311.201901.10x10.d02.m3d
x272y312x281y321.201901.10x10.d02.m3d,2019,1,d02,2731,272,312,281,321,59.14199829,-120.0089035,59.45930099,-119.3656998,https://nrs.objectstore.gov.bc.ca/wrfdel/calpuff/3ddat/201901/d02/2731/x272y312x281y321.201901.10x10.d02.m3d
x272y322x281y331.201901.10x10.d02.m3d,2019,1,d02,2732,272,322,281,331,59.5007019,-120.0000992,59.81790161,-119.3501968,https://nrs.objectstore.gov.bc.ca/wrfdel/calpuff/3ddat/201901/d02/2732/x272y322x281y331.201901.10x10.d02.m3d
x272y332x281y341.201901.10x10.d02.m3d,2019,1,d02,2733,272,332,281,341,59.85929871,-119.9910965,60.17620087,-119.3343964,https://nrs.objectstore.gov.bc.ca/wrfdel/calpuff/3ddat/201901/d02/2733/x272y332x281y341.201901.10x10.d02.m3d
x272y342x281y351.201901.10x10.d02.m3d,2019,1,d02,2734,272,342,281,351,60.21770096,-119.9820023,60.53440094,-119.3183975,https://nrs.objectstore.gov.bc.ca/wrfdel/calpuff/3ddat/201901/d02/2734/x272y342x281y351.201901.10x10.d02.m3d
x272y352x281y361.201901.10x10.d02.m3d,2019,1,d02,2735,272,352,281,361,60.57590103,-119.9726028,60.89229965,-119.3019028,https://nrs.objectstore.gov.bc.ca/wrfdel/calpuff/3ddat/201901/d02/2735/x272y352x281y361.201901.10x10.d02.m3d
x272y362x281y371.201901.10x10.d02.m3d,2019,1,d02,2736,272,362,281,371,60.93379974,-119.9629974,61.25,-119.2851028,https://nrs.objectstore.gov.bc.ca/wrfdel/calpuff/3ddat/201901/d02/2736/x272y362x281y371.201901.10x10.d02.m3d
x272y372x281y373.201901.10x10.d02.m3d,2019,1,d02,2737,272,372,281,373,61.29150009,-119.9532013,61.32149887,-119.2817001,https://nrs.objectstore.gov.bc.ca/wrfdel/calpuff/3ddat/201901/d02/2737/x272y372x281y373.201901.10x10.d02.m3d
x282y002x291y011.201901.10x10.d02.m3d,2019,1,d02,2800,282,2,291,11,48.00569916,-119.6813965,48.32049942,-119.1894989,https://nrs.objectstore.gov.bc.ca/wrfdel/calpuff/3ddat/201901/d02/2800/x282y002x291y011.201901.10x10.d02.m3d
x282y012x291y021.201901.10x10.d02.m3d,2019,1,d02,2801,282,12,291,21,48.36289978,-119.6722031,48.67779922,-119.1763992,https://nrs.objectstore.gov.bc.ca/wrfdel/calpuff/3ddat/201901/d02/2801/x282y012x291y021.201901.10x10.d02.m3d
x282y022x291y031.201901.10x10.d02.m3d,2019,1,d02,2802,282,22,291,31,48.72029877,-119.6628036,49.03540039,-119.1631012,https://nrs.objectstore.gov.bc.ca/wrfdel/calpuff/3ddat/201901/d02/2802/x282y022x291y031.201901.10x10.d02.m3d
x282y032x291y041.201901.10x10.d02.m3d,2019,1,d02,2803,282,32,291,41,49.07799911,-119.6532974,49.3932991,-119.1495972,https://nrs.objectstore.gov.bc.ca/wrfdel/calpuff/3ddat/201901/d02/2803/x282y032x291y041.201901.10x10.d02.m3d
x282y042x291y051.201901.10x10.d02.m3d,2019,1,d02,2804,282,42,291,51,49.43590164,-119.6436005,49.75130081,-119.1358032,https://nrs.objectstore.gov.bc.ca/wrfdel/calpuff/3ddat/201901/d02/2804/x282y042x291y051.201901.10x10.d02.m3d
x282y052x291y061.201901.10x10.d02.m3d,2019,1,d02,2805,282,52,291,61,49.79399872,-119.6337967,50.10960007,-119.1219025,https://nrs.objectstore.gov.bc.ca/wrfdel/calpuff/3ddat/201901/d02/2805/x282y052x291y061.201901.10x10.d02.m3d
x282y062x291y071.201901.10x10.d02.m3d,2019,1,d02,2806,282,62,291,71,50.15240097,-119.6238022,50.4679985,-119.1076965,https://nrs.objectstore.gov.bc.ca/wrfdel/calpuff/3ddat/201901/d02/2806/x282y062x291y071.201901.10x10.d02.m3d
x282y072x291y081.201901.10x10.d02.m3d,2019,1,d02,2807,282,72,291,81,50.51079941,-119.6137009,50.82659912,-119.0932999,https://nrs.objectstore.gov.bc.ca/wrfdel/calpuff/3ddat/201901/d02/2807/x282y072x291y081.201901.10x10.d02.m3d
x282y082x291y091.201901.10x10.d02.m3d,2019,1,d02,2808,282,82,291,91,50.86949921,-119.6034012,51.18529892,-119.078598,https://nrs.objectstore.gov.bc.ca/wrfdel/calpuff/3ddat/201901/d02/2808/x282y082x291y091.201901.10x10.d02.m3d
x282y092x291y101.201901.10x10.d02.m3d,2019,1,d02,2809,282,92,291,101,51.22840118,-119.5929031,51.5442009,-119.063797,https://nrs.objectstore.gov.bc.ca/wrfdel/calpuff/3ddat/201901/d02/2809/x282y092x291y101.201901.10x10.d02.m3d
x282y102x291y111.201901.10x10.d02.m3d,2019,1,d02,2810,282,102,291,111,51.58729935,-119.5822983,51.90330124,-119.0485992,https://nrs.objectstore.gov.bc.ca/wrfdel/calpuff/3ddat/201901/d02/2810/x282y102x291y111.201901.10x10.d02.m3d
x282y112x291y121.201901.10x10.d02.m3d,2019,1,d02,2811,282,112,291,121,51.94639969,-119.5714035,52.26240158,-119.0332031,https://nrs.objectstore.gov.bc.ca/wrfdel/calpuff/3ddat/201901/d02/2811/x282y112x291y121.201901.10x10.d02.m3d
x282y122x291y131.201901.10x10.d02.m3d,2019,1,d02,2812,282,122,291,131,52.30569839,-119.5604019,52.62170029,-119.017601,https://nrs.objectstore.gov.bc.ca/wrfdel/calpuff/3ddat/201901/d02/2812/x282y122x291y131.201901.10x10.d02.m3d
x282y132x291y141.201901.10x10.d02.m3d,2019,1,d02,2813,282,132,291,141,52.66500092,-119.549202,52.98099899,-119.0016022,https://nrs.objectstore.gov.bc.ca/wrfdel/calpuff/3ddat/201901/d02/2813/x282y132x291y141.201901.10x10.d02.m3d
x282y142x291y151.201901.10x10.d02.m3d,2019,1,d02,2814,282,142,291,151,53.0243988,-119.5378036,53.34049988,-118.9854965,https://nrs.objectstore.gov.bc.ca/wrfdel/calpuff/3ddat/201901/d02/2814/x282y142x291y151.201901.10x10.d02.m3d
x282y152x291y161.201901.10x10.d02.m3d,2019,1,d02,2815,282,152,291,161,53.38389969,-119.5262985,53.70000076,-118.9690018,https://nrs.objectstore.gov.bc.ca/wrfdel/calpuff/3ddat/201901/d02/2815/x282y152x291y161.201901.10x10.d02.m3d
x282y162x291y171.201901.10x10.d02.m3d,2019,1,d02,2816,282,162,291,171,53.74349976,-119.5145035,54.05950165,-118.9522018,https://nrs.objectstore.gov.bc.ca/wrfdel/calpuff/3ddat/201901/d02/2816/x282y162x291y171.201901.10x10.d02.m3d
x282y172x291y181.201901.10x10.d02.m3d,2019,1,d02,2817,282,172,291,181,54.10319901,-119.5025024,54.41910172,-118.9352036,https://nrs.objectstore.gov.bc.ca/wrfdel/calpuff/3ddat/201901/d02/2817/x282y172x291y181.201901.10x10.d02.m3d
x282y182x291y191.201901.10x10.d02.m3d,2019,1,d02,2818,282,182,291,191,54.46279907,-119.490303,54.77880096,-118.9178009,https://nrs.objectstore.gov.bc.ca/wrfdel/calpuff/3ddat/201901/d02/2818/x282y182x291y191.201901.10x10.d02.m3d
x282y192x291y201.201901.10x10.d02.m3d,2019,1,d02,2819,282,192,291,201,54.82249832,-119.4778976,55.13840103,-118.9001007,https://nrs.objectstore.gov.bc.ca/wrfdel/calpuff/3ddat/201901/d02/2819/x282y192x291y201.201901.10x10.d02.m3d
x282y202x291y211.201901.10x10.d02.m3d,2019,1,d02,2820,282,202,291,211,55.18220139,-119.4652023,55.4980011,-118.882103,https://nrs.objectstore.gov.bc.ca/wrfdel/calpuff/3ddat/201901/d02/2820/x282y202x291y211.201901.10x10.d02.m3d
x282y212x291y221.201901.10x10.d02.m3d,2019,1,d02,2821,282,212,291,221,55.54190063,-119.4524002,55.85770035,-118.8638,https://nrs.objectstore.gov.bc.ca/wrfdel/calpuff/3ddat/201901/d02/2821/x282y212x291y221.201901.10x10.d02.m3d
x282y222x291y231.201901.10x10.d02.m3d,2019,1,d02,2822,282,222,291,231,55.90159988,-119.4392014,56.21720123,-118.8451004,https://nrs.objectstore.gov.bc.ca/wrfdel/calpuff/3ddat/201901/d02/2822/x282y222x291y231.201901.10x10.d02.m3d
x282y232x291y241.201901.10x10.d02.m3d,2019,1,d02,2823,282,232,291,241,56.26129913,-119.4259033,56.5768013,-118.8261032,https://nrs.objectstore.gov.bc.ca/wrfdel/calpuff/3ddat/201901/d02/2823/x282y232x291y241.201901.10x10.d02.m3d
x282y242x291y251.201901.10x10.d02.m3d,2019,1,d02,2824,282,242,291,251,56.6208992,-119.4123001,56.93629837,-118.8067017,https://nrs.objectstore.gov.bc.ca/wrfdel/calpuff/3ddat/201901/d02/2824/x282y242x291y251.201901.10x10.d02.m3d
x282y252x291y261.201901.10x10.d02.m3d,2019,1,d02,2825,282,252,291,261,56.98049927,-119.3983994,57.29570007,-118.7870026,https://nrs.objectstore.gov.bc.ca/wrfdel/calpuff/3ddat/201901/d02/2825/x282y252x291y261.201901.10x10.d02.m3d
x282y262x291y271.201901.10x10.d02.m3d,2019,1,d02,2826,282,262,291,271,57.33990097,-119.3843002,57.65499878,-118.7667999,https://nrs.objectstore.gov.bc.ca/wrfdel/calpuff/3ddat/201901/d02/2826/x282y262x291y271.201901.10x10.d02.m3d
x282y272x291y281.201901.10x10.d02.m3d,2019,1,d02,2827,282,272,291,281,57.69929886,-119.3699036,58.0141983,-118.7462997,https://nrs.objectstore.gov.bc.ca/wrfdel/calpuff/3ddat/201901/d02/2827/x282y272x291y281.201901.10x10.d02.m3d
x282y282x291y291.201901.10x10.d02.m3d,2019,1,d02,2828,282,282,291,291,58.05860138,-119.3552017,58.37329865,-118.7254028,https://nrs.objectstore.gov.bc.ca/wrfdel/calpuff/3ddat/201901/d02/2828/x282y282x291y291.201901.10x10.d02.m3d
x282y292x291y301.201901.10x10.d02.m3d,2019,1,d02,2829,282,292,291,301,58.4178009,-119.3402023,58.7322998,-118.7040024,https://nrs.objectstore.gov.bc.ca/wrfdel/calpuff/3ddat/201901/d02/2829/x282y292x291y301.201901.10x10.d02.m3d
x282y302x291y311.201901.10x10.d02.m3d,2019,1,d02,2830,282,302,291,311,58.77679825,-119.3249969,59.09109879,-118.6822968,https://nrs.objectstore.gov.bc.ca/wrfdel/calpuff/3ddat/201901/d02/2830/x282y302x291y311.201901.10x10.d02.m3d
x282y312x291y321.201901.10x10.d02.m3d,2019,1,d02,2831,282,312,291,321,59.13570023,-119.3094025,59.4496994,-118.6601028,https://nrs.objectstore.gov.bc.ca/wrfdel/calpuff/3ddat/201901/d02/2831/x282y312x291y321.201901.10x10.d02.m3d
x282y322x291y331.201901.10x10.d02.m3d,2019,1,d02,2832,282,322,291,331,59.49440002,-119.2935028,59.80820084,-118.6373978,https://nrs.objectstore.gov.bc.ca/wrfdel/calpuff/3ddat/201901/d02/2832/x282y322x291y331.201901.10x10.d02.m3d
x282y332x291y341.201901.10x10.d02.m3d,2019,1,d02,2833,282,332,291,341,59.85290146,-119.277298,60.16650009,-118.6143036,https://nrs.objectstore.gov.bc.ca/wrfdel/calpuff/3ddat/201901/d02/2833/x282y332x291y341.201901.10x10.d02.m3d
x282y342x291y351.201901.10x10.d02.m3d,2019,1,d02,2834,282,342,291,351,60.2112999,-119.2606964,60.5245018,-118.5906982,https://nrs.objectstore.gov.bc.ca/wrfdel/calpuff/3ddat/201901/d02/2834/x282y342x291y351.201901.10x10.d02.m3d
x282y352x291y361.201901.10x10.d02.m3d,2019,1,d02,2835,282,352,291,361,60.56940079,-119.2438965,60.88230133,-118.566597,https://nrs.objectstore.gov.bc.ca/wrfdel/calpuff/3ddat/201901/d02/2835/x282y352x291y361.201901.10x10.d02.m3d
x282y362x291y371.201901.10x10.d02.m3d,2019,1,d02,2836,282,362,291,371,60.9272995,-119.2266006,61.23989868,-118.5419998,https://nrs.objectstore.gov.bc.ca/wrfdel/calpuff/3ddat/201901/d02/2836/x282y362x291y371.201901.10x10.d02.m3d
x282y372x291y373.201901.10x10.d02.m3d,2019,1,d02,2837,282,372,291,373,61.28490067,-119.2089996,61.31140137,-118.5370026,https://nrs.objectstore.gov.bc.ca/wrfdel/calpuff/3ddat/201901/d02/2837/x282y372x291y373.201901.10x10.d02.m3d
x292y002x301y011.201901.10x10.d02.m3d,2019,1,d02,2900,292,2,301,11,47.99819946,-119.1477966,48.3105011,-118.6523972,https://nrs.objectstore.gov.bc.ca/wrfdel/calpuff/3ddat/201901/d02/2900/x292y002x301y011.201901.10x10.d02.m3d
x292y012x301y021.201901.10x10.d02.m3d,2019,1,d02,2901,292,12,301,21,48.3553009,-119.1343994,48.66770172,-118.6351013,https://nrs.objectstore.gov.bc.ca/wrfdel/calpuff/3ddat/201901/d02/2901/x292y012x301y021.201901.10x10.d02.m3d
x292y022x301y031.201901.10x10.d02.m3d,2019,1,d02,2902,292,22,301,31,48.71269989,-119.120903,49.02529907,-118.6175995,https://nrs.objectstore.gov.bc.ca/wrfdel/calpuff/3ddat/201901/d02/2902/x292y022x301y031.201901.10x10.d02.m3d
x292y032x301y041.201901.10x10.d02.m3d,2019,1,d02,2903,292,32,301,41,49.07030106,-119.1072006,49.38299942,-118.5998001,https://nrs.objectstore.gov.bc.ca/wrfdel/calpuff/3ddat/201901/d02/2903/x292y032x301y041.201901.10x10.d02.m3d
x292y042x301y051.201901.10x10.d02.m3d,2019,1,d02,2904,292,42,301,51,49.42819977,-119.0932007,49.74100113,-118.5817032,https://nrs.objectstore.gov.bc.ca/wrfdel/calpuff/3ddat/201901/d02/2904/x292y042x301y051.201901.10x10.d02.m3d
x292y052x301y061.201901.10x10.d02.m3d,2019,1,d02,2905,292,52,301,61,49.78620148,-119.0790024,50.09909821,-118.5633011,https://nrs.objectstore.gov.bc.ca/wrfdel/calpuff/3ddat/201901/d02/2905/x292y052x301y061.201901.10x10.d02.m3d
x292y062x301y071.201901.10x10.d02.m3d,2019,1,d02,2906,292,62,301,71,50.14450073,-119.0645981,50.45740128,-118.5446014,https://nrs.objectstore.gov.bc.ca/wrfdel/calpuff/3ddat/201901/d02/2906/x292y062x301y071.201901.10x10.d02.m3d
x292y072x301y081.201901.10x10.d02.m3d,2019,1,d02,2907,292,72,301,81,50.50289917,-119.0498962,50.8158989,-118.5255966,https://nrs.objectstore.gov.bc.ca/wrfdel/calpuff/3ddat/201901/d02/2907/x292y072x301y081.201901.10x10.d02.m3d
x292y082x301y091.201901.10x10.d02.m3d,2019,1,d02,2908,292,82,301,91,50.86149979,-119.0350037,51.17459869,-118.5063019,https://nrs.objectstore.gov.bc.ca/wrfdel/calpuff/3ddat/201901/d02/2908/x292y082x301y091.201901.10x10.d02.m3d
x292y092x301y101.201901.10x10.d02.m3d,2019,1,d02,2909,292,92,301,101,51.22029877,-119.0198975,51.53340149,-118.486702,https://nrs.objectstore.gov.bc.ca/wrfdel/calpuff/3ddat/201901/d02/2909/x292y092x301y101.201901.10x10.d02.m3d
x292y102x301y111.201901.10x10.d02.m3d,2019,1,d02,2910,292,102,301,111,51.57920074,-119.0045013,51.89229965,-118.4667969,https://nrs.objectstore.gov.bc.ca/wrfdel/calpuff/3ddat/201901/d02/2910/x292y102x301y111.201901.10x10.d02.m3d
x292y112x301y121.201901.10x10.d02.m3d,2019,1,d02,2911,292,112,301,121,51.9382019,-118.9888,52.25139999,-118.4465027,https://nrs.objectstore.gov.bc.ca/wrfdel/calpuff/3ddat/201901/d02/2911/x292y112x301y121.201901.10x10.d02.m3d
x292y122x301y131.201901.10x10.d02.m3d,2019,1,d02,2912,292,122,301,131,52.29740143,-118.9729004,52.61059952,-118.4257965,https://nrs.objectstore.gov.bc.ca/wrfdel/calpuff/3ddat/201901/d02/2912/x292y122x301y131.201901.10x10.d02.m3d
x292y132x301y141.201901.10x10.d02.m3d,2019,1,d02,2913,292,132,301,141,52.65660095,-118.9568024,52.96979904,-118.4048996,https://nrs.objectstore.gov.bc.ca/wrfdel/calpuff/3ddat/201901/d02/2913/x292y132x301y141.201901.10x10.d02.m3d
x292y142x301y151.201901.10x10.d02.m3d,2019,1,d02,2914,292,142,301,151,53.01599884,-118.9403,53.32920074,-118.3835983,https://nrs.objectstore.gov.bc.ca/wrfdel/calpuff/3ddat/201901/d02/2914/x292y142x301y151.201901.10x10.d02.m3d
x292y152x301y161.201901.10x10.d02.m3d,2019,1,d02,2915,292,152,301,161,53.37540054,-118.9235992,53.68859863,-118.3618011,https://nrs.objectstore.gov.bc.ca/wrfdel/calpuff/3ddat/201901/d02/2915/x292y152x301y161.201901.10x10.d02.m3d
x292y162x301y171.201901.10x10.d02.m3d,2019,1,d02,2916,292,162,301,171,53.73490143,-118.9065018,54.04800034,-118.339798,https://nrs.objectstore.gov.bc.ca/wrfdel/calpuff/3ddat/201901/d02/2916/x292y162x301y171.201901.10x10.d02.m3d
x292y172x301y181.201901.10x10.d02.m3d,2019,1,d02,2917,292,172,301,181,54.0945015,-118.8891983,54.40750122,-118.3172989,https://nrs.objectstore.gov.bc.ca/wrfdel/calpuff/3ddat/201901/d02/2917/x292y172x301y181.201901.10x10.d02.m3d
x292y182x301y191.201901.10x10.d02.m3d,2019,1,d02,2918,292,182,301,191,54.45410156,-118.8715973,54.76699829,-118.2944031,https://nrs.objectstore.gov.bc.ca/wrfdel/calpuff/3ddat/201901/d02/2918/x292y182x301y191.201901.10x10.d02.m3d
x292y192x301y201.201901.10x10.d02.m3d,2019,1,d02,2919,292,192,301,201,54.81370163,-118.8535995,55.12659836,-118.2711029,https://nrs.objectstore.gov.bc.ca/wrfdel/calpuff/3ddat/201901/d02/2919/x292y192x301y201.201901.10x10.d02.m3d
x292y202x301y211.201901.10x10.d02.m3d,2019,1,d02,2920,292,202,301,211,55.1733017,-118.8354034,55.48609924,-118.2473984,https://nrs.objectstore.gov.bc.ca/wrfdel/calpuff/3ddat/201901/d02/2920/x292y202x301y211.201901.10x10.d02.m3d
x292y212x301y221.201901.10x10.d02.m3d,2019,1,d02,2921,292,212,301,221,55.53300095,-118.8167038,55.84560013,-118.2231979,https://nrs.objectstore.gov.bc.ca/wrfdel/calpuff/3ddat/201901/d02/2921/x292y212x301y221.201901.10x10.d02.m3d
x292y222x301y231.201901.10x10.d02.m3d,2019,1,d02,2922,292,222,301,231,55.89260101,-118.7977982,56.20510101,-118.1986008,https://nrs.objectstore.gov.bc.ca/wrfdel/calpuff/3ddat/201901/d02/2922/x292y222x301y231.201901.10x10.d02.m3d
x292y232x301y241.201901.10x10.d02.m3d,2019,1,d02,2923,292,232,301,241,56.25220108,-118.7785034,56.5644989,-118.1735992,https://nrs.objectstore.gov.bc.ca/wrfdel/calpuff/3ddat/201901/d02/2923/x292y232x301y241.201901.10x10.d02.m3d
x292y242x301y251.201901.10x10.d02.m3d,2019,1,d02,2924,292,242,301,251,56.61169815,-118.7587967,56.9239006,-118.1480026,https://nrs.objectstore.gov.bc.ca/wrfdel/calpuff/3ddat/201901/d02/2924/x292y242x301y251.201901.10x10.d02.m3d
x292y252x301y261.201901.10x10.d02.m3d,2019,1,d02,2925,292,252,301,261,56.97109985,-118.7388,57.28319931,-118.1220016,https://nrs.objectstore.gov.bc.ca/wrfdel/calpuff/3ddat/201901/d02/2925/x292y252x301y261.201901.10x10.d02.m3d
x292y262x301y271.201901.10x10.d02.m3d,2019,1,d02,2926,292,262,301,271,57.33050156,-118.718399,57.64239883,-118.0954971,https://nrs.objectstore.gov.bc.ca/wrfdel/calpuff/3ddat/201901/d02/2926/x292y262x301y271.201901.10x10.d02.m3d
x292y272x301y281.201901.10x10.d02.m3d,2019,1,d02,2927,292,272,301,281,57.68980026,-118.6976013,58.00149918,-118.0684967,https://nrs.objectstore.gov.bc.ca/wrfdel/calpuff/3ddat/201901/d02/2927/x292y272x301y281.201901.10x10.d02.m3d
x292y282x301y291.201901.10x10.d02.m3d,2019,1,d02,2928,292,282,301,291,58.04899979,-118.6763992,58.36050034,-118.0409012,https://nrs.objectstore.gov.bc.ca/wrfdel/calpuff/3ddat/201901/d02/2928/x292y282x301y291.201901.10x10.d02.m3d
x292y292x301y301.201901.10x10.d02.m3d,2019,1,d02,2929,292,292,301,301,58.40810013,-118.6547012,58.71929932,-118.0128021,https://nrs.objectstore.gov.bc.ca/wrfdel/calpuff/3ddat/201901/d02/2929/x292y292x301y301.201901.10x10.d02.m3d
x292y302x301y311.201901.10x10.d02.m3d,2019,1,d02,2930,292,302,301,311,58.76699829,-118.6326981,59.07799911,-117.9841995,https://nrs.objectstore.gov.bc.ca/wrfdel/calpuff/3ddat/201901/d02/2930/x292y302x301y311.201901.10x10.d02.m3d
x292y312x301y321.201901.10x10.d02.m3d,2019,1,d02,2931,292,312,301,321,59.12580109,-118.610199,59.43650055,-117.9549026,https://nrs.objectstore.gov.bc.ca/wrfdel/calpuff/3ddat/201901/d02/2931/x292y312x301y321.201901.10x10.d02.m3d
x292y322x301y331.201901.10x10.d02.m3d,2019,1,d02,2932,292,322,301,331,59.4844017,-118.5871964,59.79489899,-117.9251022,https://nrs.objectstore.gov.bc.ca/wrfdel/calpuff/3ddat/201901/d02/2932/x292y322x301y331.201901.10x10.d02.m3d
x292y332x301y341.201901.10x10.d02.m3d,2019,1,d02,2933,292,332,301,341,59.84289932,-118.563797,60.15299988,-117.8945999,https://nrs.objectstore.gov.bc.ca/wrfdel/calpuff/3ddat/201901/d02/2933/x292y332x301y341.201901.10x10.d02.m3d
x292y342x301y351.201901.10x10.d02.m3d,2019,1,d02,2934,292,342,301,351,60.2010994,-118.5399017,60.51089859,-117.8635025,https://nrs.objectstore.gov.bc.ca/wrfdel/calpuff/3ddat/201901/d02/2934/x292y342x301y351.201901.10x10.d02.m3d
x292y352x301y361.201901.10x10.d02.m3d,2019,1,d02,2935,292,352,301,361,60.5591011,-118.5155029,60.86859894,-117.8318024,https://nrs.objectstore.gov.bc.ca/wrfdel/calpuff/3ddat/201901/d02/2935/x292y352x301y361.201901.10x10.d02.m3d
x292y362x301y371.201901.10x10.d02.m3d,2019,1,d02,2936,292,362,301,371,60.91690063,-118.4906006,61.22600174,-117.7994003,https://nrs.objectstore.gov.bc.ca/wrfdel/calpuff/3ddat/201901/d02/2936/x292y362x301y371.201901.10x10.d02.m3d
x292y372x301y373.201901.10x10.d02.m3d,2019,1,d02,2937,292,372,301,373,61.2743988,-118.4651031,61.29750061,-117.7928009,https://nrs.objectstore.gov.bc.ca/wrfdel/calpuff/3ddat/201901/d02/2937/x292y372x301y373.201901.10x10.d02.m3d
x302y002x311y011.201901.10x10.d02.m3d,2019,1,d02,3000,302,2,311,11,47.98799896,-118.6144028,48.29769897,-118.1155014,https://nrs.objectstore.gov.bc.ca/wrfdel/calpuff/3ddat/201901/d02/3000/x302y002x311y011.201901.10x10.d02.m3d
x302y012x311y021.201901.10x10.d02.m3d,2019,1,d02,3001,302,12,311,21,48.34500122,-118.5969009,48.6548996,-118.094101,https://nrs.objectstore.gov.bc.ca/wrfdel/calpuff/3ddat/201901/d02/3001/x302y012x311y021.201901.10x10.d02.m3d
x302y022x311y031.201901.10x10.d02.m3d,2019,1,d02,3002,302,22,311,31,48.70230103,-118.5792007,49.01229858,-118.0723038,https://nrs.objectstore.gov.bc.ca/wrfdel/calpuff/3ddat/201901/d02/3002/x302y022x311y031.201901.10x10.d02.m3d
x302y032x311y041.201901.10x10.d02.m3d,2019,1,d02,3003,302,32,311,41,49.05989838,-118.561203,49.36989975,-118.0502014,https://nrs.objectstore.gov.bc.ca/wrfdel/calpuff/3ddat/201901/d02/3003/x302y032x311y041.201901.10x10.d02.m3d
x302y042x311y051.201901.10x10.d02.m3d,2019,1,d02,3004,302,42,311,51,49.41759872,-118.5429001,49.72769928,-118.0278015,https://nrs.objectstore.gov.bc.ca/wrfdel/calpuff/3ddat/201901/d02/3004/x302y042x311y051.201901.10x10.d02.m3d
x302y052x311y061.201901.10x10.d02.m3d,2019,1,d02,3005,302,52,311,61,49.77560043,-118.5243988,50.08580017,-118.0049973,https://nrs.objectstore.gov.bc.ca/wrfdel/calpuff/3ddat/201901/d02/3005/x302y052x311y061.201901.10x10.d02.m3d
x302y062x311y071.201901.10x10.d02.m3d,2019,1,d02,3006,302,62,311,71,50.13370132,-118.5055008,50.44400024,-117.9817963,https://nrs.objectstore.gov.bc.ca/wrfdel/calpuff/3ddat/201901/d02/3006/x302y062x311y071.201901.10x10.d02.m3d
x302y072x311y081.201901.10x10.d02.m3d,2019,1,d02,3007,302,72,311,81,50.49209976,-118.4863968,50.80239868,-117.9581985,https://nrs.objectstore.gov.bc.ca/wrfdel/calpuff/3ddat/201901/d02/3007/x302y072x311y081.201901.10x10.d02.m3d
x302y082x311y091.201901.10x10.d02.m3d,2019,1,d02,3008,302,82,311,91,50.8506012,-118.4669037,51.16090012,-117.9343033,https://nrs.objectstore.gov.bc.ca/wrfdel/calpuff/3ddat/201901/d02/3008/x302y082x311y091.201901.10x10.d02.m3d
x302y092x311y101.201901.10x10.d02.m3d,2019,1,d02,3009,302,92,311,101,51.20920181,-118.4470978,51.51959991,-117.9100037,https://nrs.objectstore.gov.bc.ca/wrfdel/calpuff/3ddat/201901/d02/3009/x302y092x311y101.201901.10x10.d02.m3d
x302y102x311y111.201901.10x10.d02.m3d,2019,1,d02,3010,302,102,311,111,51.56800079,-118.427002,51.8783989,-117.8852005,https://nrs.objectstore.gov.bc.ca/wrfdel/calpuff/3ddat/201901/d02/3010/x302y102x311y111.201901.10x10.d02.m3d
x302y112x311y121.201901.10x10.d02.m3d,2019,1,d02,3011,302,112,311,121,51.92699814,-118.4065018,52.23740005,-117.8600998,https://nrs.objectstore.gov.bc.ca/wrfdel/calpuff/3ddat/201901/d02/3011/x302y112x311y121.201901.10x10.d02.m3d
x302y122x311y131.201901.10x10.d02.m3d,2019,1,d02,3012,302,122,311,131,52.2859993,-118.3856964,52.59640121,-117.8345032,https://nrs.objectstore.gov.bc.ca/wrfdel/calpuff/3ddat/201901/d02/3012/x302y122x311y131.201901.10x10.d02.m3d
x302y132x311y141.201901.10x10.d02.m3d,2019,1,d02,3013,302,132,311,141,52.64519882,-118.3646011,52.95560074,-117.8085022,https://nrs.objectstore.gov.bc.ca/wrfdel/calpuff/3ddat/201901/d02/3013/x302y132x311y141.201901.10x10.d02.m3d
x302y142x311y151.201901.10x10.d02.m3d,2019,1,d02,3014,302,142,311,151,53.00450134,-118.3430023,53.31480026,-117.7819977,https://nrs.objectstore.gov.bc.ca/wrfdel/calpuff/3ddat/201901/d02/3014/x302y142x311y151.201901.10x10.d02.m3d
x302y152x311y161.201901.10x10.d02.m3d,2019,1,d02,3015,302,152,311,161,53.36380005,-118.3211975,53.67399979,-117.7550964,https://nrs.objectstore.gov.bc.ca/wrfdel/calpuff/3ddat/201901/d02/3015/x302y152x311y161.201901.10x10.d02.m3d
x302y162x311y171.201901.10x10.d02.m3d,2019,1,d02,3016,302,162,311,171,53.72320175,-118.2988968,54.03340149,-117.7276993,https://nrs.objectstore.gov.bc.ca/wrfdel/calpuff/3ddat/201901/d02/3016/x302y162x311y171.201901.10x10.d02.m3d
x302y172x311y181.201901.10x10.d02.m3d,2019,1,d02,3017,302,172,311,181,54.08259964,-118.2761993,54.3927002,-117.6997986,https://nrs.objectstore.gov.bc.ca/wrfdel/calpuff/3ddat/201901/d02/3017/x302y172x311y181.201901.10x10.d02.m3d
x302y182x311y191.201901.10x10.d02.m3d,2019,1,d02,3018,302,182,311,191,54.44210052,-118.2531967,54.7521019,-117.671402,https://nrs.objectstore.gov.bc.ca/wrfdel/calpuff/3ddat/201901/d02/3018/x302y182x311y191.201901.10x10.d02.m3d
x302y192x311y201.201901.10x10.d02.m3d,2019,1,d02,3019,302,192,311,201,54.80170059,-118.2296982,55.11149979,-117.6425018,https://nrs.objectstore.gov.bc.ca/wrfdel/calpuff/3ddat/201901/d02/3019/x302y192x311y201.201901.10x10.d02.m3d
x302y202x311y211.201901.10x10.d02.m3d,2019,1,d02,3020,302,202,311,211,55.16120148,-118.2058029,55.47090149,-117.6130981,https://nrs.objectstore.gov.bc.ca/wrfdel/calpuff/3ddat/201901/d02/3020/x302y202x311y211.201901.10x10.d02.m3d
x302y212x311y221.201901.10x10.d02.m3d,2019,1,d02,3021,302,212,311,221,55.52069855,-118.1815033,55.83029938,-117.5831985,https://nrs.objectstore.gov.bc.ca/wrfdel/calpuff/3ddat/201901/d02/3021/x302y212x311y221.201901.10x10.d02.m3d
x302y222x311y231.201901.10x10.d02.m3d,2019,1,d02,3022,302,222,311,231,55.88019943,-118.1567001,56.1896019,-117.552597,https://nrs.objectstore.gov.bc.ca/wrfdel/calpuff/3ddat/201901/d02/3022/x302y222x311y231.201901.10x10.d02.m3d
x302y232x311y241.201901.10x10.d02.m3d,2019,1,d02,3023,302,232,311,241,56.23970032,-118.1315002,56.5489006,-117.5215988,https://nrs.objectstore.gov.bc.ca/wrfdel/calpuff/3ddat/201901/d02/3023/x302y232x311y241.201901.10x10.d02.m3d
x302y242x311y251.201901.10x10.d02.m3d,2019,1,d02,3024,302,242,311,251,56.59909821,-118.1057968,56.90819931,-117.4898987,https://nrs.objectstore.gov.bc.ca/wrfdel/calpuff/3ddat/201901/d02/3024/x302y242x311y251.201901.10x10.d02.m3d
x302y252x311y261.201901.10x10.d02.m3d,2019,1,d02,3025,302,252,311,261,56.95840073,-118.0795975,57.26729965,-117.4576035,https://nrs.objectstore.gov.bc.ca/wrfdel/calpuff/3ddat/201901/d02/3025/x302y252x311y261.201901.10x10.d02.m3d
x302y262x311y271.201901.10x10.d02.m3d,2019,1,d02,3026,302,262,311,271,57.31769943,-118.0529022,57.62639999,-117.4246979,https://nrs.objectstore.gov.bc.ca/wrfdel/calpuff/3ddat/201901/d02/3026/x302y262x311y271.201901.10x10.d02.m3d
x302y272x311y281.201901.10x10.d02.m3d,2019,1,d02,3027,302,272,311,281,57.67689896,-118.0257034,57.98529816,-117.3911972,https://nrs.objectstore.gov.bc.ca/wrfdel/calpuff/3ddat/201901/d02/3027/x302y272x311y281.201901.10x10.d02.m3d
x302y282x311y291.201901.10x10.d02.m3d,2019,1,d02,3028,302,282,311,291,58.0359993,-117.9979019,58.34410095,-117.3570023,https://nrs.objectstore.gov.bc.ca/wrfdel/calpuff/3ddat/201901/d02/3028/x302y282x311y291.201901.10x10.d02.m3d
x302y292x311y301.201901.10x10.d02.m3d,2019,1,d02,3029,302,292,311,301,58.39490128,-117.9697037,58.70280075,-117.322197,https://nrs.objectstore.gov.bc.ca/wrfdel/calpuff/3ddat/201901/d02/3029/x302y292x311y301.201901.10x10.d02.m3d
x302y302x311y311.201901.10x10.d02.m3d,2019,1,d02,3030,302,302,311,311,58.75370026,-117.9408035,59.06129837,-117.2865982,https://nrs.objectstore.gov.bc.ca/wrfdel/calpuff/3ddat/201901/d02/3030/x302y302x311y311.201901.10x10.d02.m3d
x302y312x311y321.201901.10x10.d02.m3d,2019,1,d02,3031,302,312,311,321,59.11240005,-117.9113998,59.41970062,-117.2503967,https://nrs.objectstore.gov.bc.ca/wrfdel/calpuff/3ddat/201901/d02/3031/x302y312x311y321.201901.10x10.d02.m3d
x302y322x311y331.201901.10x10.d02.m3d,2019,1,d02,3032,302,322,311,331,59.47079849,-117.8814011,59.7779007,-117.2134018,https://nrs.objectstore.gov.bc.ca/wrfdel/calpuff/3ddat/201901/d02/3032/x302y322x311y331.201901.10x10.d02.m3d
x302y332x311y341.201901.10x10.d02.m3d,2019,1,d02,3033,302,332,311,341,59.82920074,-117.8507996,60.13579941,-117.1755981,https://nrs.objectstore.gov.bc.ca/wrfdel/calpuff/3ddat/201901/d02/3033/x302y332x311y341.201901.10x10.d02.m3d
x302y342x311y351.201901.10x10.d02.m3d,2019,1,d02,3034,302,342,311,351,60.18719864,-117.8195038,60.49359894,-117.137001,https://nrs.objectstore.gov.bc.ca/wrfdel/calpuff/3ddat/201901/d02/3034/x302y342x311y351.201901.10x10.d02.m3d
x302y352x311y361.201901.10x10.d02.m3d,2019,1,d02,3035,302,352,311,361,60.54510117,-117.7875977,60.85110092,-117.0976028,https://nrs.objectstore.gov.bc.ca/wrfdel/calpuff/3ddat/201901/d02/3035/x302y352x311y361.201901.10x10.d02.m3d
x302y362x311y371.201901.10x10.d02.m3d,2019,1,d02,3036,302,362,311,371,60.90280151,-117.7549973,61.20840073,-117.0574036,https://nrs.objectstore.gov.bc.ca/wrfdel/calpuff/3ddat/201901/d02/3036/x302y362x311y371.201901.10x10.d02.m3d
x302y372x311y373.201901.10x10.d02.m3d,2019,1,d02,3037,302,372,311,373,61.2602005,-117.7218018,61.27980042,-117.0493011,https://nrs.objectstore.gov.bc.ca/wrfdel/calpuff/3ddat/201901/d02/3037/x302y372x311y373.201901.10x10.d02.m3d
x312y002x321y011.201901.10x10.d02.m3d,2019,1,d02,3100,312,2,321,11,47.97499847,-118.0811996,48.28219986,-117.5790024,https://nrs.objectstore.gov.bc.ca/wrfdel/calpuff/3ddat/201901/d02/3100/x312y002x321y011.201901.10x10.d02.m3d
x312y012x321y021.201901.10x10.d02.m3d,2019,1,d02,3101,312,12,321,21,48.33200073,-118.0597,48.6391983,-117.5533981,https://nrs.objectstore.gov.bc.ca/wrfdel/calpuff/3ddat/201901/d02/3101/x312y012x321y021.201901.10x10.d02.m3d
x312y022x321y031.201901.10x10.d02.m3d,2019,1,d02,3102,312,22,321,31,48.68920135,-118.0378036,48.99649811,-117.5273972,https://nrs.objectstore.gov.bc.ca/wrfdel/calpuff/3ddat/201901/d02/3102/x312y022x321y031.201901.10x10.d02.m3d
x312y032x321y041.201901.10x10.d02.m3d,2019,1,d02,3103,312,32,321,41,49.04660034,-118.0156021,49.35400009,-117.5009995,https://nrs.objectstore.gov.bc.ca/wrfdel/calpuff/3ddat/201901/d02/3103/x312y032x321y041.201901.10x10.d02.m3d
x312y042x321y051.201901.10x10.d02.m3d,2019,1,d02,3104,312,42,321,51,49.40420151,-117.9929962,49.71170044,-117.4741974,https://nrs.objectstore.gov.bc.ca/wrfdel/calpuff/3ddat/201901/d02/3104/x312y042x321y051.201901.10x10.d02.m3d
x312y052x321y061.201901.10x10.d02.m3d,2019,1,d02,3105,312,52,321,61,49.76210022,-117.9701004,50.06959915,-117.4469986,https://nrs.objectstore.gov.bc.ca/wrfdel/calpuff/3ddat/201901/d02/3105/x312y052x321y061.201901.10x10.d02.m3d
x312y062x321y071.201901.10x10.d02.m3d,2019,1,d02,3106,312,62,321,71,50.12009811,-117.9468002,50.42770004,-117.4192963,https://nrs.objectstore.gov.bc.ca/wrfdel/calpuff/3ddat/201901/d02/3106/x312y062x321y071.201901.10x10.d02.m3d
x312y072x321y081.201901.10x10.d02.m3d,2019,1,d02,3107,312,72,321,81,50.47829819,-117.9231033,50.78590012,-117.3911972,https://nrs.objectstore.gov.bc.ca/wrfdel/calpuff/3ddat/201901/d02/3107/x312y072x321y081.201901.10x10.d02.m3d
x312y082x321y091.201901.10x10.d02.m3d,2019,1,d02,3108,312,82,321,91,50.83670044,-117.8991013,51.14429855,-117.3627014,https://nrs.objectstore.gov.bc.ca/wrfdel/calpuff/3ddat/201901/d02/3108/x312y082x321y091.201901.10x10.d02.m3d
x312y092x321y101.201901.10x10.d02.m3d,2019,1,d02,3109,312,92,321,101,51.19530106,-117.8746033,51.50289917,-117.3336029,https://nrs.objectstore.gov.bc.ca/wrfdel/calpuff/3ddat/201901/d02/3109/x312y092x321y101.201901.10x10.d02.m3d
x312y102x321y111.201901.10x10.d02.m3d,2019,1,d02,3110,312,102,321,111,51.55400085,-117.8498001,51.86149979,-117.3041,https://nrs.objectstore.gov.bc.ca/wrfdel/calpuff/3ddat/201901/d02/3110/x312y102x321y111.201901.10x10.d02.m3d
x312y112x321y121.201901.10x10.d02.m3d,2019,1,d02,3111,312,112,321,121,51.91279984,-117.824501,52.22029877,-117.2741013,https://nrs.objectstore.gov.bc.ca/wrfdel/calpuff/3ddat/201901/d02/3111/x312y112x321y121.201901.10x10.d02.m3d
x312y122x321y131.201901.10x10.d02.m3d,2019,1,d02,3112,312,122,321,131,52.27170181,-117.7988968,52.57920074,-117.2434998,https://nrs.objectstore.gov.bc.ca/wrfdel/calpuff/3ddat/201901/d02/3112/x312y122x321y131.201901.10x10.d02.m3d
x312y132x321y141.201901.10x10.d02.m3d,2019,1,d02,3113,312,132,321,141,52.63069916,-117.7726974,52.9382019,-117.2125015,https://nrs.objectstore.gov.bc.ca/wrfdel/calpuff/3ddat/201901/d02/3113/x312y132x321y141.201901.10x10.d02.m3d
x312y142x321y151.201901.10x10.d02.m3d,2019,1,d02,3114,312,142,321,151,52.98989868,-117.7462006,53.29729843,-117.1809006,https://nrs.objectstore.gov.bc.ca/wrfdel/calpuff/3ddat/201901/d02/3114/x312y142x321y151.201901.10x10.d02.m3d
x312y152x321y161.201901.10x10.d02.m3d,2019,1,d02,3115,312,152,321,161,53.34909821,-117.7192001,53.65639877,-117.1488037,https://nrs.objectstore.gov.bc.ca/wrfdel/calpuff/3ddat/201901/d02/3115/x312y152x321y161.201901.10x10.d02.m3d
x312y162x321y171.201901.10x10.d02.m3d,2019,1,d02,3116,312,162,321,171,53.70840073,-117.691597,54.0155983,-117.1160965,https://nrs.objectstore.gov.bc.ca/wrfdel/calpuff/3ddat/201901/d02/3116/x312y162x321y171.201901.10x10.d02.m3d
x312y172x321y181.201901.10x10.d02.m3d,2019,1,d02,3117,312,172,321,181,54.06769943,-117.6636963,54.37480164,-117.0828018,https://nrs.objectstore.gov.bc.ca/wrfdel/calpuff/3ddat/201901/d02/3117/x312y172x321y181.201901.10x10.d02.m3d
x312y182x321y191.201901.10x10.d02.m3d,2019,1,d02,3118,312,182,321,191,54.42699814,-117.6352005,54.73400116,-117.0488968,https://nrs.objectstore.gov.bc.ca/wrfdel/calpuff/3ddat/201901/d02/3118/x312y182x321y191.201901.10x10.d02.m3d
x312y192x321y201.201901.10x10.d02.m3d,2019,1,d02,3119,312,192,321,201,54.78639984,-117.6062012,55.09320068,-117.0145035,https://nrs.objectstore.gov.bc.ca/wrfdel/calpuff/3ddat/201901/d02/3119/x312y192x321y201.201901.10x10.d02.m3d
x312y202x321y211.201901.10x10.d02.m3d,2019,1,d02,3120,312,202,321,211,55.14580154,-117.5766983,55.45249939,-116.9794006,https://nrs.objectstore.gov.bc.ca/wrfdel/calpuff/3ddat/201901/d02/3120/x312y202x321y211.201901.10x10.d02.m3d
x312y212x321y221.201901.10x10.d02.m3d,2019,1,d02,3121,312,212,321,221,55.50519943,-117.5466995,55.81169891,-116.9436035,https://nrs.objectstore.gov.bc.ca/wrfdel/calpuff/3ddat/201901/d02/3121/x312y212x321y221.201901.10x10.d02.m3d
x312y222x321y231.201901.10x10.d02.m3d,2019,1,d02,3122,312,222,321,231,55.86449814,-117.516098,56.17079926,-116.9072037,https://nrs.objectstore.gov.bc.ca/wrfdel/calpuff/3ddat/201901/d02/3122/x312y222x321y231.201901.10x10.d02.m3d
x312y232x321y241.201901.10x10.d02.m3d,2019,1,d02,3123,312,232,321,241,56.22380066,-117.4849014,56.52999878,-116.8701019,https://nrs.objectstore.gov.bc.ca/wrfdel/calpuff/3ddat/201901/d02/3123/x312y232x321y241.201901.10x10.d02.m3d
x312y242x321y251.201901.10x10.d02.m3d,2019,1,d02,3124,312,242,321,251,56.58309937,-117.4532013,56.88899994,-116.8322983,https://nrs.objectstore.gov.bc.ca/wrfdel/calpuff/3ddat/201901/d02/3124/x312y242x321y251.201901.10x10.d02.m3d
x312y252x321y261.201901.10x10.d02.m3d,2019,1,d02,3125,312,252,321,261,56.94229889,-117.4207993,57.2480011,-116.7938004,https://nrs.objectstore.gov.bc.ca/wrfdel/calpuff/3ddat/201901/d02/3125/x312y252x321y261.201901.10x10.d02.m3d
x312y262x321y271.201901.10x10.d02.m3d,2019,1,d02,3126,312,262,321,271,57.30139923,-117.3879013,57.60689926,-116.7546005,https://nrs.objectstore.gov.bc.ca/wrfdel/calpuff/3ddat/201901/d02/3126/x312y262x321y271.201901.10x10.d02.m3d
x312y272x321y281.201901.10x10.d02.m3d,2019,1,d02,3127,312,272,321,281,57.66049957,-117.3543015,57.96559906,-116.7145996,https://nrs.objectstore.gov.bc.ca/wrfdel/calpuff/3ddat/201901/d02/3127/x312y272x321y281.201901.10x10.d02.m3d
x312y282x321y291.201901.10x10.d02.m3d,2019,1,d02,3128,312,282,321,291,58.01940155,-117.3200989,58.32429886,-116.6737976,https://nrs.objectstore.gov.bc.ca/wrfdel/calpuff/3ddat/201901/d02/3128/x312y282x321y291.201901.10x10.d02.m3d
x312y292x321y301.201901.10x10.d02.m3d,2019,1,d02,3129,312,292,321,301,58.37820053,-117.285202,58.68280029,-116.6322021,https://nrs.objectstore.gov.bc.ca/wrfdel/calpuff/3ddat/201901/d02/3129/x312y292x321y301.201901.10x10.d02.m3d
x312y302x321y311.201901.10x10.d02.m3d,2019,1,d02,3130,312,302,321,311,58.73680115,-117.2496033,59.04109955,-116.589798,https://nrs.objectstore.gov.bc.ca/wrfdel/calpuff/3ddat/201901/d02/3130/x312y302x321y311.201901.10x10.d02.m3d
x312y312x321y321.201901.10x10.d02.m3d,2019,1,d02,3131,312,312,321,321,59.09529877,-117.2132034,59.39920044,-116.5465012,https://nrs.objectstore.gov.bc.ca/wrfdel/calpuff/3ddat/201901/d02/3131/x312y312x321y321.201901.10x10.d02.m3d
x312y322x321y331.201901.10x10.d02.m3d,2019,1,d02,3132,312,322,321,331,59.45360184,-117.1762009,59.75719833,-116.5024033,https://nrs.objectstore.gov.bc.ca/wrfdel/calpuff/3ddat/201901/d02/3132/x312y322x321y331.201901.10x10.d02.m3d
x312y332x321y341.201901.10x10.d02.m3d,2019,1,d02,3133,312,332,321,341,59.8117981,-117.1383972,60.11500168,-116.4572983,https://nrs.objectstore.gov.bc.ca/wrfdel/calpuff/3ddat/201901/d02/3133/x312y332x321y341.201901.10x10.d02.m3d
x312y342x321y351.201901.10x10.d02.m3d,2019,1,d02,3134,312,342,321,351,60.16970062,-117.0998001,60.47249985,-116.4113007,https://nrs.objectstore.gov.bc.ca/wrfdel/calpuff/3ddat/201901/d02/3134/x312y342x321y351.201901.10x10.d02.m3d
x312y352x321y361.201901.10x10.d02.m3d,2019,1,d02,3135,312,352,321,361,60.52740097,-117.0604019,60.82979965,-116.3644028,https://nrs.objectstore.gov.bc.ca/wrfdel/calpuff/3ddat/201901/d02/3135/x312y352x321y361.201901.10x10.d02.m3d
x312y362x321y371.201901.10x10.d02.m3d,2019,1,d02,3136,312,362,321,371,60.88489914,-117.0202026,61.18690109,-116.3163986,https://nrs.objectstore.gov.bc.ca/wrfdel/calpuff/3ddat/201901/d02/3136/x312y362x321y371.201901.10x10.d02.m3d
x312y372x321y373.201901.10x10.d02.m3d,2019,1,d02,3137,312,372,321,373,61.24209976,-116.9792023,61.25830078,-116.3067017,https://nrs.objectstore.gov.bc.ca/wrfdel/calpuff/3ddat/201901/d02/3137/x312y372x321y373.201901.10x10.d02.m3d
x322y002x331y011.201901.10x10.d02.m3d,2019,1,d02,3200,322,2,331,11,47.95930099,-117.5484009,48.26390076,-117.0428009,https://nrs.objectstore.gov.bc.ca/wrfdel/calpuff/3ddat/201901/d02/3200/x322y002x331y011.201901.10x10.d02.m3d
x322y012x331y021.201901.10x10.d02.m3d,2019,1,d02,3201,322,12,331,21,48.31620026,-117.5226974,48.62080002,-117.0130997,https://nrs.objectstore.gov.bc.ca/wrfdel/calpuff/3ddat/201901/d02/3201/x322y012x331y021.201901.10x10.d02.m3d
x322y022x331y031.201901.10x10.d02.m3d,2019,1,d02,3202,322,22,331,31,48.6731987,-117.4966965,48.97790146,-116.9829025,https://nrs.objectstore.gov.bc.ca/wrfdel/calpuff/3ddat/201901/d02/3202/x322y022x331y031.201901.10x10.d02.m3d
x322y032x331y041.201901.10x10.d02.m3d,2019,1,d02,3203,322,32,331,41,49.0304985,-117.4702988,49.33530045,-116.9522018,https://nrs.objectstore.gov.bc.ca/wrfdel/calpuff/3ddat/201901/d02/3203/x322y032x331y041.201901.10x10.d02.m3d
x322y042x331y051.201901.10x10.d02.m3d,2019,1,d02,3204,322,42,331,51,49.38800049,-117.4433975,49.69279861,-116.9210968,https://nrs.objectstore.gov.bc.ca/wrfdel/calpuff/3ddat/201901/d02/3204/x322y042x331y051.201901.10x10.d02.m3d
x322y052x331y061.201901.10x10.d02.m3d,2019,1,d02,3205,322,52,331,61,49.74570084,-117.4161987,50.05059814,-116.8895035,https://nrs.objectstore.gov.bc.ca/wrfdel/calpuff/3ddat/201901/d02/3205/x322y052x331y061.201901.10x10.d02.m3d
x322y062x331y071.201901.10x10.d02.m3d,2019,1,d02,3206,322,62,331,71,50.10359955,-117.3883972,50.40850067,-116.857399,https://nrs.objectstore.gov.bc.ca/wrfdel/calpuff/3ddat/201901/d02/3206/x322y062x331y071.201901.10x10.d02.m3d
x322y072x331y081.201901.10x10.d02.m3d,2019,1,d02,3207,322,72,331,81,50.46170044,-117.3602982,50.76660156,-116.8246994,https://nrs.objectstore.gov.bc.ca/wrfdel/calpuff/3ddat/201901/d02/3207/x322y072x331y081.201901.10x10.d02.m3d
x322y082x331y091.201901.10x10.d02.m3d,2019,1,d02,3208,322,82,331,91,50.81990051,-117.3317032,51.12480164,-116.7914963,https://nrs.objectstore.gov.bc.ca/wrfdel/calpuff/3ddat/201901/d02/3208/x322y082x331y091.201901.10x10.d02.m3d
x322y092x331y101.201901.10x10.d02.m3d,2019,1,d02,3209,322,92,331,101,51.17839813,-117.302597,51.48320007,-116.7577972,https://nrs.objectstore.gov.bc.ca/wrfdel/calpuff/3ddat/201901/d02/3209/x322y092x331y101.201901.10x10.d02.m3d
x322y102x331y111.201901.10x10.d02.m3d,2019,1,d02,3210,322,102,331,111,51.53689957,-117.2730026,51.84170151,-116.7235031,https://nrs.objectstore.gov.bc.ca/wrfdel/calpuff/3ddat/201901/d02/3210/x322y102x331y111.201901.10x10.d02.m3d
x322y112x331y121.201901.10x10.d02.m3d,2019,1,d02,3211,322,112,331,121,51.89559937,-117.2429962,52.20029831,-116.6885986,https://nrs.objectstore.gov.bc.ca/wrfdel/calpuff/3ddat/201901/d02/3211/x322y112x331y121.201901.10x10.d02.m3d
x322y122x331y131.201901.10x10.d02.m3d,2019,1,d02,3212,322,122,331,131,52.25439835,-117.2124023,52.55899811,-116.6530991,https://nrs.objectstore.gov.bc.ca/wrfdel/calpuff/3ddat/201901/d02/3212/x322y122x331y131.201901.10x10.d02.m3d
x322y132x331y141.201901.10x10.d02.m3d,2019,1,d02,3213,322,132,331,141,52.61320114,-117.1812973,52.9178009,-116.6171036,https://nrs.objectstore.gov.bc.ca/wrfdel/calpuff/3ddat/201901/d02/3213/x322y132x331y141.201901.10x10.d02.m3d
x322y142x331y151.201901.10x10.d02.m3d,2019,1,d02,3214,322,142,331,151,52.97219849,-117.1496964,53.27669907,-116.5803986,https://nrs.objectstore.gov.bc.ca/wrfdel/calpuff/3ddat/201901/d02/3214/x322y142x331y151.201901.10x10.d02.m3d
x322y152x331y161.201901.10x10.d02.m3d,2019,1,d02,3215,322,152,331,161,53.33129883,-117.1175995,53.63560104,-116.5429993,https://nrs.objectstore.gov.bc.ca/wrfdel/calpuff/3ddat/201901/d02/3215/x322y152x331y161.201901.10x10.d02.m3d
x322y162x331y171.201901.10x10.d02.m3d,2019,1,d02,3216,322,162,331,171,53.69039917,-117.0848999,53.99459839,-116.5050964,https://nrs.objectstore.gov.bc.ca/wrfdel/calpuff/3ddat/201901/d02/3216/x322y162x331y171.201901.10x10.d02.m3d
x322y172x331y181.201901.10x10.d02.m3d,2019,1,d02,3217,322,172,331,181,54.04949951,-117.0515976,54.35359955,-116.4664001,https://nrs.objectstore.gov.bc.ca/wrfdel/calpuff/3ddat/201901/d02/3217/x322y172x331y181.201901.10x10.d02.m3d
x322y182x331y191.201901.10x10.d02.m3d,2019,1,d02,3218,322,182,331,191,54.40869904,-117.0177002,54.71269989,-116.4271011,https://nrs.objectstore.gov.bc.ca/wrfdel/calpuff/3ddat/201901/d02/3218/x322y182x331y191.201901.10x10.d02.m3d
x322y192x331y201.201901.10x10.d02.m3d,2019,1,d02,3219,322,192,331,201,54.76789856,-116.9832001,55.07170105,-116.387001,https://nrs.objectstore.gov.bc.ca/wrfdel/calpuff/3ddat/201901/d02/3219/x322y192x331y201.201901.10x10.d02.m3d
x322y202x331y211.201901.10x10.d02.m3d,2019,1,d02,3220,322,202,331,211,55.12720108,-116.9481964,55.43069839,-116.346199,https://nrs.objectstore.gov.bc.ca/wrfdel/calpuff/3ddat/201901/d02/3220/x322y202x331y211.201901.10x10.d02.m3d
x322y212x331y221.201901.10x10.d02.m3d,2019,1,d02,3221,322,212,331,221,55.4864006,-116.9123993,55.78979874,-116.3047028,https://nrs.objectstore.gov.bc.ca/wrfdel/calpuff/3ddat/201901/d02/3221/x322y212x331y221.201901.10x10.d02.m3d
x322y222x331y231.201901.10x10.d02.m3d,2019,1,d02,3222,322,222,331,231,55.84550095,-116.8759995,56.14870071,-116.2623978,https://nrs.objectstore.gov.bc.ca/wrfdel/calpuff/3ddat/201901/d02/3222/x322y222x331y231.201901.10x10.d02.m3d
x322y232x331y241.201901.10x10.d02.m3d,2019,1,d02,3223,322,232,331,241,56.20470047,-116.8389969,56.50759888,-116.2193985,https://nrs.objectstore.gov.bc.ca/wrfdel/calpuff/3ddat/201901/d02/3223/x322y232x331y241.201901.10x10.d02.m3d
x322y242x331y251.201901.10x10.d02.m3d,2019,1,d02,3224,322,242,331,251,56.56380081,-116.8012009,56.86650085,-116.175499,https://nrs.objectstore.gov.bc.ca/wrfdel/calpuff/3ddat/201901/d02/3224/x322y242x331y251.201901.10x10.d02.m3d
x322y252x331y261.201901.10x10.d02.m3d,2019,1,d02,3225,322,252,331,261,56.92279816,-116.7627029,57.22520065,-116.1307983,https://nrs.objectstore.gov.bc.ca/wrfdel/calpuff/3ddat/201901/d02/3225/x322y252x331y261.201901.10x10.d02.m3d
x322y262x331y271.201901.10x10.d02.m3d,2019,1,d02,3226,322,262,331,271,57.28179932,-116.7235031,57.58390045,-116.0851974,https://nrs.objectstore.gov.bc.ca/wrfdel/calpuff/3ddat/201901/d02/3226/x322y262x331y271.201901.10x10.d02.m3d
x322y272x331y281.201901.10x10.d02.m3d,2019,1,d02,3227,322,272,331,281,57.6405983,-116.6836014,57.94250107,-116.0388031,https://nrs.objectstore.gov.bc.ca/wrfdel/calpuff/3ddat/201901/d02/3227/x322y272x331y281.201901.10x10.d02.m3d
x322y282x331y291.201901.10x10.d02.m3d,2019,1,d02,3228,322,282,331,291,57.9992981,-116.6428986,58.30089951,-115.9914017,https://nrs.objectstore.gov.bc.ca/wrfdel/calpuff/3ddat/201901/d02/3228/x322y282x331y291.201901.10x10.d02.m3d
x322y292x331y301.201901.10x10.d02.m3d,2019,1,d02,3229,322,292,331,301,58.35789871,-116.6014023,58.65919876,-115.9431,https://nrs.objectstore.gov.bc.ca/wrfdel/calpuff/3ddat/201901/d02/3229/x322y292x331y301.201901.10x10.d02.m3d
x322y302x331y311.201901.10x10.d02.m3d,2019,1,d02,3230,322,302,331,311,58.71640015,-116.5589981,59.01729965,-115.8937988,https://nrs.objectstore.gov.bc.ca/wrfdel/calpuff/3ddat/201901/d02/3230/x322y302x331y311.201901.10x10.d02.m3d
x322y312x331y321.201901.10x10.d02.m3d,2019,1,d02,3231,322,312,331,321,59.0746994,-116.5158005,59.37519836,-115.8435974,https://nrs.objectstore.gov.bc.ca/wrfdel/calpuff/3ddat/201901/d02/3231/x322y312x331y321.201901.10x10.d02.m3d
x322y322x331y331.201901.10x10.d02.m3d,2019,1,d02,3232,322,322,331,331,59.43280029,-116.4717026,59.73289871,-115.7922974,https://nrs.objectstore.gov.bc.ca/wrfdel/calpuff/3ddat/201901/d02/3232/x322y322x331y331.201901.10x10.d02.m3d
x322y332x331y341.201901.10x10.d02.m3d,2019,1,d02,3233,322,332,331,341,59.79079819,-116.4268036,60.09049988,-115.7399979,https://nrs.objectstore.gov.bc.ca/wrfdel/calpuff/3ddat/201901/d02/3233/x322y332x331y341.201901.10x10.d02.m3d
x322y342x331y351.201901.10x10.d02.m3d,2019,1,d02,3234,322,342,331,351,60.14849854,-116.3808975,60.44779968,-115.6865997,https://nrs.objectstore.gov.bc.ca/wrfdel/calpuff/3ddat/201901/d02/3234/x322y342x331y351.201901.10x10.d02.m3d
x322y352x331y361.201901.10x10.d02.m3d,2019,1,d02,3235,322,352,331,361,60.50600052,-116.3340988,60.80479813,-115.6320038,https://nrs.objectstore.gov.bc.ca/wrfdel/calpuff/3ddat/201901/d02/3235/x322y352x331y361.201901.10x10.d02.m3d
x322y362x331y371.201901.10x10.d02.m3d,2019,1,d02,3236,322,362,331,371,60.86320114,-116.2862015,61.16159821,-115.5764008,https://nrs.objectstore.gov.bc.ca/wrfdel/calpuff/3ddat/201901/d02/3236/x322y362x331y371.201901.10x10.d02.m3d
x322y372x331y373.201901.10x10.d02.m3d,2019,1,d02,3237,322,372,331,373,61.22019958,-116.2373962,61.23300171,-115.5651016,https://nrs.objectstore.gov.bc.ca/wrfdel/calpuff/3ddat/201901/d02/3237/x322y372x331y373.201901.10x10.d02.m3d
x332y002x341y011.201901.10x10.d02.m3d,2019,1,d02,3300,332,2,341,11,47.94100189,-117.0158997,48.24290085,-116.507103,https://nrs.objectstore.gov.bc.ca/wrfdel/calpuff/3ddat/201901/d02/3300/x332y002x341y011.201901.10x10.d02.m3d
x332y012x341y021.201901.10x10.d02.m3d,2019,1,d02,3301,332,12,341,21,48.29759979,-116.9861984,48.59960175,-116.4731979,https://nrs.objectstore.gov.bc.ca/wrfdel/calpuff/3ddat/201901/d02/3301/x332y012x341y021.201901.10x10.d02.m3d
x332y022x341y031.201901.10x10.d02.m3d,2019,1,d02,3302,332,22,341,31,48.65449905,-116.9560013,48.95660019,-116.4389038,https://nrs.objectstore.gov.bc.ca/wrfdel/calpuff/3ddat/201901/d02/3302/x332y022x341y031.201901.10x10.d02.m3d
x332y032x341y041.201901.10x10.d02.m3d,2019,1,d02,3303,332,32,341,41,49.01160049,-116.9253998,49.31370163,-116.4039993,https://nrs.objectstore.gov.bc.ca/wrfdel/calpuff/3ddat/201901/d02/3303/x332y032x341y041.201901.10x10.d02.m3d
x332y042x341y051.201901.10x10.d02.m3d,2019,1,d02,3304,332,42,341,51,49.36899948,-116.8943024,49.67110062,-116.3684998,https://nrs.objectstore.gov.bc.ca/wrfdel/calpuff/3ddat/201901/d02/3304/x332y042x341y051.201901.10x10.d02.m3d
x332y052x341y061.201901.10x10.d02.m3d,2019,1,d02,3305,332,52,341,61,49.72650146,-116.8626022,50.02870178,-116.3324966,https://nrs.objectstore.gov.bc.ca/wrfdel/calpuff/3ddat/201901/d02/3305/x332y052x341y061.201901.10x10.d02.m3d
x332y062x341y071.201901.10x10.d02.m3d,2019,1,d02,3306,332,62,341,71,50.08430099,-116.8304977,50.38639832,-116.2958984,https://nrs.objectstore.gov.bc.ca/wrfdel/calpuff/3ddat/201901/d02/3306/x332y062x341y071.201901.10x10.d02.m3d
x332y072x341y081.201901.10x10.d02.m3d,2019,1,d02,3307,332,72,341,81,50.44219971,-116.7978973,50.74430084,-116.2586975,https://nrs.objectstore.gov.bc.ca/wrfdel/calpuff/3ddat/201901/d02/3307/x332y072x341y081.201901.10x10.d02.m3d
x332y082x341y091.201901.10x10.d02.m3d,2019,1,d02,3308,332,82,341,91,50.8003006,-116.7647018,51.10229874,-116.2209015,https://nrs.objectstore.gov.bc.ca/wrfdel/calpuff/3ddat/201901/d02/3308/x332y082x341y091.201901.10x10.d02.m3d
x332y092x341y101.201901.10x10.d02.m3d,2019,1,d02,3309,332,92,341,101,51.15850067,-116.7310028,51.46049881,-116.1825027,https://nrs.objectstore.gov.bc.ca/wrfdel/calpuff/3ddat/201901/d02/3309/x332y092x341y101.201901.10x10.d02.m3d
x332y102x341y111.201901.10x10.d02.m3d,2019,1,d02,3310,332,102,341,111,51.51689911,-116.6968002,51.81880188,-116.1434021,https://nrs.objectstore.gov.bc.ca/wrfdel/calpuff/3ddat/201901/d02/3310/x332y102x341y111.201901.10x10.d02.m3d
x332y112x341y121.201901.10x10.d02.m3d,2019,1,d02,3311,332,112,341,121,51.87540054,-116.6619034,52.17720032,-116.1036987,https://nrs.objectstore.gov.bc.ca/wrfdel/calpuff/3ddat/201901/d02/3311/x332y112x341y121.201901.10x10.d02.m3d
x332y122x341y131.201901.10x10.d02.m3d,2019,1,d02,3312,332,122,341,131,52.23400116,-116.626503,52.53570175,-116.0633011,https://nrs.objectstore.gov.bc.ca/wrfdel/calpuff/3ddat/201901/d02/3312/x332y122x341y131.201901.10x10.d02.m3d
x332y132x341y141.201901.10x10.d02.m3d,2019,1,d02,3313,332,132,341,141,52.59270096,-116.5904999,52.89429855,-116.0222015,https://nrs.objectstore.gov.bc.ca/wrfdel/calpuff/3ddat/201901/d02/3313/x332y132x341y141.201901.10x10.d02.m3d
x332y142x341y151.201901.10x10.d02.m3d,2019,1,d02,3314,332,142,341,151,52.95149994,-116.5539017,53.25299835,-115.9804993,https://nrs.objectstore.gov.bc.ca/wrfdel/calpuff/3ddat/201901/d02/3314/x332y142x341y151.201901.10x10.d02.m3d
x332y152x341y161.201901.10x10.d02.m3d,2019,1,d02,3315,332,152,341,161,53.3103981,-116.5166016,53.61180115,-115.9380035,https://nrs.objectstore.gov.bc.ca/wrfdel/calpuff/3ddat/201901/d02/3315/x332y152x341y161.201901.10x10.d02.m3d
x332y162x341y171.201901.10x10.d02.m3d,2019,1,d02,3316,332,162,341,171,53.66930008,-116.4786987,53.97050095,-115.8946991,https://nrs.objectstore.gov.bc.ca/wrfdel/calpuff/3ddat/201901/d02/3316/x332y162x341y171.201901.10x10.d02.m3d
x332y172x341y181.201901.10x10.d02.m3d,2019,1,d02,3317,332,172,341,181,54.02819824,-116.4401016,54.32929993,-115.8507004,https://nrs.objectstore.gov.bc.ca/wrfdel/calpuff/3ddat/201901/d02/3317/x332y172x341y181.201901.10x10.d02.m3d
x332y182x341y191.201901.10x10.d02.m3d,2019,1,d02,3318,332,182,341,191,54.3871994,-116.4008026,54.6882019,-115.8059006,https://nrs.objectstore.gov.bc.ca/wrfdel/calpuff/3ddat/201901/d02/3318/x332y182x341y191.201901.10x10.d02.m3d
x332y192x341y201.201901.10x10.d02.m3d,2019,1,d02,3319,332,192,341,201,54.74629974,-116.3609009,55.04700089,-115.7602997,https://nrs.objectstore.gov.bc.ca/wrfdel/calpuff/3ddat/201901/d02/3319/x332y192x341y201.201901.10x10.d02.m3d
x332y202x341y211.201901.10x10.d02.m3d,2019,1,d02,3320,332,202,341,211,55.1053009,-116.3201981,55.40579987,-115.7138977,https://nrs.objectstore.gov.bc.ca/wrfdel/calpuff/3ddat/201901/d02/3320/x332y202x341y211.201901.10x10.d02.m3d
x332y212x341y221.201901.10x10.d02.m3d,2019,1,d02,3321,332,212,341,221,55.46429825,-116.278801,55.76459885,-115.6666031,https://nrs.objectstore.gov.bc.ca/wrfdel/calpuff/3ddat/201901/d02/3321/x332y212x341y221.201901.10x10.d02.m3d
x332y222x341y231.201901.10x10.d02.m3d,2019,1,d02,3322,332,222,341,231,55.82329941,-116.2366028,56.12329865,-115.6184998,https://nrs.objectstore.gov.bc.ca/wrfdel/calpuff/3ddat/201901/d02/3322/x332y222x341y231.201901.10x10.d02.m3d
x332y232x341y241.201901.10x10.d02.m3d,2019,1,d02,3323,332,232,341,241,56.18220139,-116.1937027,56.48199844,-115.569397,https://nrs.objectstore.gov.bc.ca/wrfdel/calpuff/3ddat/201901/d02/3323/x332y232x341y241.201901.10x10.d02.m3d
x332y242x341y251.201901.10x10.d02.m3d,2019,1,d02,3324,332,242,341,251,56.54109955,-116.1499023,56.84059906,-115.5195007,https://nrs.objectstore.gov.bc.ca/wrfdel/calpuff/3ddat/201901/d02/3324/x332y242x341y251.201901.10x10.d02.m3d
x332y252x341y261.201901.10x10.d02.m3d,2019,1,d02,3325,332,252,341,261,56.89989853,-116.1054001,57.19910049,-115.4685974,https://nrs.objectstore.gov.bc.ca/wrfdel/calpuff/3ddat/201901/d02/3325/x332y252x341y261.201901.10x10.d02.m3d
x332y262x341y271.201901.10x10.d02.m3d,2019,1,d02,3326,332,262,341,271,57.25870132,-116.0598984,57.55749893,-115.4167023,https://nrs.objectstore.gov.bc.ca/wrfdel/calpuff/3ddat/201901/d02/3326/x332y262x341y271.201901.10x10.d02.m3d
x332y272x341y281.201901.10x10.d02.m3d,2019,1,d02,3327,332,272,341,281,57.61729813,-116.0136032,57.91579819,-115.3638,https://nrs.objectstore.gov.bc.ca/wrfdel/calpuff/3ddat/201901/d02/3327/x332y272x341y281.201901.10x10.d02.m3d
x332y282x341y291.201901.10x10.d02.m3d,2019,1,d02,3328,332,282,341,291,57.97579956,-115.9664993,58.27399826,-115.3098984,https://nrs.objectstore.gov.bc.ca/wrfdel/calpuff/3ddat/201901/d02/3328/x332y282x341y291.201901.10x10.d02.m3d
x332y292x341y301.201901.10x10.d02.m3d,2019,1,d02,3329,332,292,341,301,58.33420181,-115.9184036,58.63199997,-115.2549973,https://nrs.objectstore.gov.bc.ca/wrfdel/calpuff/3ddat/201901/d02/3329/x332y292x341y301.201901.10x10.d02.m3d
x332y302x341y311.201901.10x10.d02.m3d,2019,1,d02,3330,332,302,341,311,58.69240189,-115.8693008,58.98989868,-115.1988983,https://nrs.objectstore.gov.bc.ca/wrfdel/calpuff/3ddat/201901/d02/3330/x332y302x341y311.201901.10x10.d02.m3d
x332y312x341y321.201901.10x10.d02.m3d,2019,1,d02,3331,332,312,341,321,59.05049896,-115.8191986,59.34749985,-115.1417007,https://nrs.objectstore.gov.bc.ca/wrfdel/calpuff/3ddat/201901/d02/3331/x332y312x341y321.201901.10x10.d02.m3d
x332y322x341y331.201901.10x10.d02.m3d,2019,1,d02,3332,332,322,341,331,59.40840149,-115.7682037,59.70500183,-115.0832977,https://nrs.objectstore.gov.bc.ca/wrfdel/calpuff/3ddat/201901/d02/3332/x332y322x341y331.201901.10x10.d02.m3d
x332y332x341y341.201901.10x10.d02.m3d,2019,1,d02,3333,332,332,341,341,59.76610184,-115.7161026,60.06230164,-115.0238037,https://nrs.objectstore.gov.bc.ca/wrfdel/calpuff/3ddat/201901/d02/3333/x332y332x341y341.201901.10x10.d02.m3d
x332y342x341y351.201901.10x10.d02.m3d,2019,1,d02,3334,332,342,341,351,60.12360001,-115.663002,60.41930008,-114.9629974,https://nrs.objectstore.gov.bc.ca/wrfdel/calpuff/3ddat/201901/d02/3334/x332y342x341y351.201901.10x10.d02.m3d
x332y352x341y361.201901.10x10.d02.m3d,2019,1,d02,3335,332,352,341,361,60.48080063,-115.6087036,60.77610016,-114.9009018,https://nrs.objectstore.gov.bc.ca/wrfdel/calpuff/3ddat/201901/d02/3335/x332y352x341y361.201901.10x10.d02.m3d
x332y362x341y371.201901.10x10.d02.m3d,2019,1,d02,3336,332,362,341,371,60.83779907,-115.553299,61.13259888,-114.8375015,https://nrs.objectstore.gov.bc.ca/wrfdel/calpuff/3ddat/201901/d02/3336/x332y362x341y371.201901.10x10.d02.m3d
x332y372x341y373.201901.10x10.d02.m3d,2019,1,d02,3337,332,372,341,373,61.19459915,-115.4966965,61.20389938,-114.8246994,https://nrs.objectstore.gov.bc.ca/wrfdel/calpuff/3ddat/201901/d02/3337/x332y372x341y373.201901.10x10.d02.m3d
x342y002x351y011.201901.10x10.d02.m3d,2019,1,d02,3400,342,2,351,11,47.9197998,-116.483902,48.21920013,-115.9719009,https://nrs.objectstore.gov.bc.ca/wrfdel/calpuff/3ddat/201901/d02/3400/x342y002x351y011.201901.10x10.d02.m3d
x342y012x351y021.201901.10x10.d02.m3d,2019,1,d02,3401,342,12,351,21,48.27629852,-116.4501038,48.57569885,-115.9338989,https://nrs.objectstore.gov.bc.ca/wrfdel/calpuff/3ddat/201901/d02/3401/x342y012x351y021.201901.10x10.d02.m3d
x342y022x351y031.201901.10x10.d02.m3d,2019,1,d02,3402,342,22,351,31,48.63299942,-116.415802,48.93249893,-115.895401,https://nrs.objectstore.gov.bc.ca/wrfdel/calpuff/3ddat/201901/d02/3402/x342y022x351y031.201901.10x10.d02.m3d
x342y032x351y041.201901.10x10.d02.m3d,2019,1,d02,3403,342,32,351,41,48.99000168,-116.3809967,49.28939819,-115.8562012,https://nrs.objectstore.gov.bc.ca/wrfdel/calpuff/3ddat/201901/d02/3403/x342y032x351y041.201901.10x10.d02.m3d
x342y042x351y051.201901.10x10.d02.m3d,2019,1,d02,3404,342,42,351,51,49.34719849,-116.3455963,49.64659882,-115.8164978,https://nrs.objectstore.gov.bc.ca/wrfdel/calpuff/3ddat/201901/d02/3404/x342y042x351y051.201901.10x10.d02.m3d
x342y052x351y061.201901.10x10.d02.m3d,2019,1,d02,3405,342,52,351,61,49.70449829,-116.3097,50.00389862,-115.7761002,https://nrs.objectstore.gov.bc.ca/wrfdel/calpuff/3ddat/201901/d02/3405/x342y052x351y061.201901.10x10.d02.m3d
x342y062x351y071.201901.10x10.d02.m3d,2019,1,d02,3406,342,62,351,71,50.06209946,-116.273201,50.3614006,-115.7350006,https://nrs.objectstore.gov.bc.ca/wrfdel/calpuff/3ddat/201901/d02/3406/x342y062x351y071.201901.10x10.d02.m3d
x342y072x351y081.201901.10x10.d02.m3d,2019,1,d02,3407,342,72,351,81,50.4197998,-116.2360001,50.71910095,-115.6932983,https://nrs.objectstore.gov.bc.ca/wrfdel/calpuff/3ddat/201901/d02/3407/x342y072x351y081.201901.10x10.d02.m3d
x342y082x351y091.201901.10x10.d02.m3d,2019,1,d02,3408,342,82,351,91,50.77769852,-116.1983032,51.07690048,-115.6509018,https://nrs.objectstore.gov.bc.ca/wrfdel/calpuff/3ddat/201901/d02/3408/x342y082x351y091.201901.10x10.d02.m3d
x342y092x351y101.201901.10x10.d02.m3d,2019,1,d02,3409,342,92,351,101,51.13570023,-116.1600037,51.43489838,-115.6078033,https://nrs.objectstore.gov.bc.ca/wrfdel/calpuff/3ddat/201901/d02/3409/x342y092x351y101.201901.10x10.d02.m3d
x342y102x351y111.201901.10x10.d02.m3d,2019,1,d02,3410,342,102,351,111,51.4939003,-116.1211014,51.79299927,-115.564003,https://nrs.objectstore.gov.bc.ca/wrfdel/calpuff/3ddat/201901/d02/3410/x342y102x351y111.201901.10x10.d02.m3d
x342y112x351y121.201901.10x10.d02.m3d,2019,1,d02,3411,342,112,351,121,51.85219955,-116.081398,52.15119934,-115.5195007,https://nrs.objectstore.gov.bc.ca/wrfdel/calpuff/3ddat/201901/d02/3411/x342y112x351y121.201901.10x10.d02.m3d
x342y122x351y131.201901.10x10.d02.m3d,2019,1,d02,3412,342,122,351,131,52.21060181,-116.0411987,52.5094986,-115.4741974,https://nrs.objectstore.gov.bc.ca/wrfdel/calpuff/3ddat/201901/d02/3412/x342y122x351y131.201901.10x10.d02.m3d
x342y132x351y141.201901.10x10.d02.m3d,2019,1,d02,3413,342,132,351,141,52.56909943,-116.0001984,52.86780167,-115.4281006,https://nrs.objectstore.gov.bc.ca/wrfdel/calpuff/3ddat/201901/d02/3413/x342y132x351y141.201901.10x10.d02.m3d
x342y142x351y151.201901.10x10.d02.m3d,2019,1,d02,3414,342,142,351,151,52.92770004,-115.9586029,53.22629929,-115.3813019,https://nrs.objectstore.gov.bc.ca/wrfdel/calpuff/3ddat/201901/d02/3414/x342y142x351y151.201901.10x10.d02.m3d
x342y152x351y161.201901.10x10.d02.m3d,2019,1,d02,3415,342,152,351,161,53.28639984,-115.9161987,53.58480072,-115.3336029,https://nrs.objectstore.gov.bc.ca/wrfdel/calpuff/3ddat/201901/d02/3415/x342y152x351y161.201901.10x10.d02.m3d
x342y162x351y171.201901.10x10.d02.m3d,2019,1,d02,3416,342,162,351,171,53.64509964,-115.8731003,53.94329834,-115.2851028,https://nrs.objectstore.gov.bc.ca/wrfdel/calpuff/3ddat/201901/d02/3416/x342y162x351y171.201901.10x10.d02.m3d
x342y172x351y181.201901.10x10.d02.m3d,2019,1,d02,3417,342,172,351,181,54.00379944,-115.8292999,54.30189896,-115.2358017,https://nrs.objectstore.gov.bc.ca/wrfdel/calpuff/3ddat/201901/d02/3417/x342y172x351y181.201901.10x10.d02.m3d
x342y182x351y191.201901.10x10.d02.m3d,2019,1,d02,3418,342,182,351,191,54.36259842,-115.7846985,54.66040039,-115.1856003,https://nrs.objectstore.gov.bc.ca/wrfdel/calpuff/3ddat/201901/d02/3418/x342y182x351y191.201901.10x10.d02.m3d
x342y192x351y201.201901.10x10.d02.m3d,2019,1,d02,3419,342,192,351,201,54.72140121,-115.7393036,55.01900101,-115.1343994,https://nrs.objectstore.gov.bc.ca/wrfdel/calpuff/3ddat/201901/d02/3419/x342y192x351y201.201901.10x10.d02.m3d
x342y202x351y211.201901.10x10.d02.m3d,2019,1,d02,3420,342,202,351,211,55.0802002,-115.6930008,55.37760162,-115.0823975,https://nrs.objectstore.gov.bc.ca/wrfdel/calpuff/3ddat/201901/d02/3420/x342y202x351y211.201901.10x10.d02.m3d
x342y212x351y221.201901.10x10.d02.m3d,2019,1,d02,3421,342,212,351,221,55.43899918,-115.6460037,55.73609924,-115.0294037,https://nrs.objectstore.gov.bc.ca/wrfdel/calpuff/3ddat/201901/d02/3421/x342y212x351y221.201901.10x10.d02.m3d
x342y222x351y231.201901.10x10.d02.m3d,2019,1,d02,3422,342,222,351,231,55.79769897,-115.5979996,56.09460068,-114.9754028,https://nrs.objectstore.gov.bc.ca/wrfdel/calpuff/3ddat/201901/d02/3422/x342y222x351y231.201901.10x10.d02.m3d
x342y232x351y241.201901.10x10.d02.m3d,2019,1,d02,3423,342,232,351,241,56.15639877,-115.549202,56.45299911,-114.9204025,https://nrs.objectstore.gov.bc.ca/wrfdel/calpuff/3ddat/201901/d02/3423/x342y232x351y241.201901.10x10.d02.m3d
x342y242x351y251.201901.10x10.d02.m3d,2019,1,d02,3424,342,242,351,251,56.51509857,-115.4994965,56.81129837,-114.8644028,https://nrs.objectstore.gov.bc.ca/wrfdel/calpuff/3ddat/201901/d02/3424/x342y242x351y251.201901.10x10.d02.m3d
x342y252x351y261.201901.10x10.d02.m3d,2019,1,d02,3425,342,252,351,261,56.87369919,-115.4487991,57.16960144,-114.8074036,https://nrs.objectstore.gov.bc.ca/wrfdel/calpuff/3ddat/201901/d02/3425/x342y252x351y261.201901.10x10.d02.m3d
x342y262x351y271.201901.10x10.d02.m3d,2019,1,d02,3426,342,262,351,271,57.23220062,-115.3972015,57.52769852,-114.7491989,https://nrs.objectstore.gov.bc.ca/wrfdel/calpuff/3ddat/201901/d02/3426/x342y262x351y271.201901.10x10.d02.m3d
x342y272x351y281.201901.10x10.d02.m3d,2019,1,d02,3427,342,272,351,281,57.59049988,-115.3445969,57.88570023,-114.6899033,https://nrs.objectstore.gov.bc.ca/wrfdel/calpuff/3ddat/201901/d02/3427/x342y272x351y281.201901.10x10.d02.m3d
x342y282x351y291.201901.10x10.d02.m3d,2019,1,d02,3428,342,282,351,291,57.94879913,-115.2910004,58.24359894,-114.6295013,https://nrs.objectstore.gov.bc.ca/wrfdel/calpuff/3ddat/201901/d02/3428/x342y282x351y291.201901.10x10.d02.m3d
x342y292x351y301.201901.10x10.d02.m3d,2019,1,d02,3429,342,292,351,301,58.30690002,-115.2362976,58.60139847,-114.5679016,https://nrs.objectstore.gov.bc.ca/wrfdel/calpuff/3ddat/201901/d02/3429/x342y292x351y301.201901.10x10.d02.m3d
x342y302x351y311.201901.10x10.d02.m3d,2019,1,d02,3430,342,302,351,311,58.66490173,-115.1804962,58.95890045,-114.5049973,https://nrs.objectstore.gov.bc.ca/wrfdel/calpuff/3ddat/201901/d02/3430/x342y302x351y311.201901.10x10.d02.m3d
x342y312x351y321.201901.10x10.d02.m3d,2019,1,d02,3431,342,312,351,321,59.02270126,-115.123703,59.31629944,-114.4409027,https://nrs.objectstore.gov.bc.ca/wrfdel/calpuff/3ddat/201901/d02/3431/x342y312x351y321.201901.10x10.d02.m3d
x342y322x351y331.201901.10x10.d02.m3d,2019,1,d02,3432,342,322,351,331,59.38029861,-115.0656967,59.67350006,-114.3755035,https://nrs.objectstore.gov.bc.ca/wrfdel/calpuff/3ddat/201901/d02/3432/x342y322x351y331.201901.10x10.d02.m3d
x342y332x351y341.201901.10x10.d02.m3d,2019,1,d02,3433,342,332,351,341,59.7378006,-115.0065002,60.03039932,-114.3087997,https://nrs.objectstore.gov.bc.ca/wrfdel/calpuff/3ddat/201901/d02/3433/x342y332x351y341.201901.10x10.d02.m3d
x342y342x351y351.201901.10x10.d02.m3d,2019,1,d02,3434,342,342,351,351,60.09500122,-114.9460983,60.38710022,-114.2406006,https://nrs.objectstore.gov.bc.ca/wrfdel/calpuff/3ddat/201901/d02/3434/x342y342x351y351.201901.10x10.d02.m3d
x342y352x351y361.201901.10x10.d02.m3d,2019,1,d02,3435,342,352,351,361,60.45199966,-114.8844986,60.74359894,-114.1710968,https://nrs.objectstore.gov.bc.ca/wrfdel/calpuff/3ddat/201901/d02/3435/x342y352x351y361.201901.10x10.d02.m3d
x342y362x351y371.201901.10x10.d02.m3d,2019,1,d02,3436,342,362,351,371,60.80870056,-114.8215027,61.09980011,-114.1000977,https://nrs.objectstore.gov.bc.ca/wrfdel/calpuff/3ddat/201901/d02/3436/x342y362x351y371.201901.10x10.d02.m3d
x342y372x351y373.201901.10x10.d02.m3d,2019,1,d02,3437,342,372,351,373,61.1651001,-114.7572021,61.17100143,-114.085701,https://nrs.objectstore.gov.bc.ca/wrfdel/calpuff/3ddat/201901/d02/3437/x342y372x351y373.201901.10x10.d02.m3d
x352y002x361y011.201901.10x10.d02.m3d,2019,1,d02,3500,352,2,361,11,47.89599991,-115.9524002,48.19269943,-115.4373016,https://nrs.objectstore.gov.bc.ca/wrfdel/calpuff/3ddat/201901/d02/3500/x352y002x361y011.201901.10x10.d02.m3d
x352y012x361y021.201901.10x10.d02.m3d,2019,1,d02,3501,352,12,361,21,48.25230026,-115.9145966,48.54899979,-115.3952026,https://nrs.objectstore.gov.bc.ca/wrfdel/calpuff/3ddat/201901/d02/3501/x352y012x361y021.201901.10x10.d02.m3d
x352y022x361y031.201901.10x10.d02.m3d,2019,1,d02,3502,352,22,361,31,48.60879898,-115.8761978,48.9056015,-115.3525009,https://nrs.objectstore.gov.bc.ca/wrfdel/calpuff/3ddat/201901/d02/3502/x352y022x361y031.201901.10x10.d02.m3d
x352y032x361y041.201901.10x10.d02.m3d,2019,1,d02,3503,352,32,361,41,48.96559906,-115.8370972,49.26229858,-115.3090973,https://nrs.objectstore.gov.bc.ca/wrfdel/calpuff/3ddat/201901/d02/3503/x352y032x361y041.201901.10x10.d02.m3d
x352y042x361y051.201901.10x10.d02.m3d,2019,1,d02,3504,352,42,361,51,49.32249832,-115.7975006,49.61920166,-115.2650986,https://nrs.objectstore.gov.bc.ca/wrfdel/calpuff/3ddat/201901/d02/3504/x352y042x361y051.201901.10x10.d02.m3d
x352y052x361y061.201901.10x10.d02.m3d,2019,1,d02,3505,352,52,361,61,49.67969894,-115.7572021,49.97629929,-115.2202988,https://nrs.objectstore.gov.bc.ca/wrfdel/calpuff/3ddat/201901/d02/3505/x352y052x361y061.201901.10x10.d02.m3d
x352y062x361y071.201901.10x10.d02.m3d,2019,1,d02,3506,352,62,361,71,50.03699875,-115.716301,50.33359909,-115.1747971,https://nrs.objectstore.gov.bc.ca/wrfdel/calpuff/3ddat/201901/d02/3506/x352y062x361y071.201901.10x10.d02.m3d
x352y072x361y081.201901.10x10.d02.m3d,2019,1,d02,3507,352,72,361,81,50.39450073,-115.6747971,50.69100189,-115.1286011,https://nrs.objectstore.gov.bc.ca/wrfdel/calpuff/3ddat/201901/d02/3507/x352y072x361y081.201901.10x10.d02.m3d
x352y082x361y091.201901.10x10.d02.m3d,2019,1,d02,3508,352,82,361,91,50.75220108,-115.6325989,51.04859924,-115.0815964,https://nrs.objectstore.gov.bc.ca/wrfdel/calpuff/3ddat/201901/d02/3508/x352y082x361y091.201901.10x10.d02.m3d
x352y092x361y101.201901.10x10.d02.m3d,2019,1,d02,3509,352,92,361,101,51.11000061,-115.5895996,51.40629959,-115.0338974,https://nrs.objectstore.gov.bc.ca/wrfdel/calpuff/3ddat/201901/d02/3509/x352y092x361y101.201901.10x10.d02.m3d
x352y102x361y111.201901.10x10.d02.m3d,2019,1,d02,3510,352,102,361,111,51.4679985,-115.5459976,51.7641983,-114.9853973,https://nrs.objectstore.gov.bc.ca/wrfdel/calpuff/3ddat/201901/d02/3510/x352y102x361y111.201901.10x10.d02.m3d
x352y112x361y121.201901.10x10.d02.m3d,2019,1,d02,3511,352,112,361,121,51.82600021,-115.5016022,52.12210083,-114.935997,https://nrs.objectstore.gov.bc.ca/wrfdel/calpuff/3ddat/201901/d02/3511/x352y112x361y121.201901.10x10.d02.m3d
x352y122x361y131.201901.10x10.d02.m3d,2019,1,d02,3512,352,122,361,131,52.18420029,-115.4565964,52.48020172,-114.8858032,https://nrs.objectstore.gov.bc.ca/wrfdel/calpuff/3ddat/201901/d02/3512/x352y122x361y131.201901.10x10.d02.m3d
x352y132x361y141.201901.10x10.d02.m3d,2019,1,d02,3513,352,132,361,141,52.54249954,-115.4106979,52.8382988,-114.8348007,https://nrs.objectstore.gov.bc.ca/wrfdel/calpuff/3ddat/201901/d02/3513/x352y132x361y141.201901.10x10.d02.m3d
x352y142x361y151.201901.10x10.d02.m3d,2019,1,d02,3514,352,142,361,151,52.9007988,-115.3640976,53.19639969,-114.7828979,https://nrs.objectstore.gov.bc.ca/wrfdel/calpuff/3ddat/201901/d02/3514/x352y142x361y151.201901.10x10.d02.m3d
x352y152x361y161.201901.10x10.d02.m3d,2019,1,d02,3515,352,152,361,161,53.25930023,-115.316597,53.55469894,-114.7301025,https://nrs.objectstore.gov.bc.ca/wrfdel/calpuff/3ddat/201901/d02/3515/x352y152x361y161.201901.10x10.d02.m3d
x352y162x361y171.201901.10x10.d02.m3d,2019,1,d02,3516,352,162,361,171,53.61769867,-115.2684021,53.91289902,-114.6763992,https://nrs.objectstore.gov.bc.ca/wrfdel/calpuff/3ddat/201901/d02/3516/x352y162x361y171.201901.10x10.d02.m3d
x352y172x361y181.201901.10x10.d02.m3d,2019,1,d02,3517,352,172,361,181,53.97629929,-115.2192993,54.27119827,-114.6216965,https://nrs.objectstore.gov.bc.ca/wrfdel/calpuff/3ddat/201901/d02/3517/x352y172x361y181.201901.10x10.d02.m3d
x352y182x361y191.201901.10x10.d02.m3d,2019,1,d02,3518,352,182,361,191,54.33480072,-115.1692963,54.62950134,-114.5661011,https://nrs.objectstore.gov.bc.ca/wrfdel/calpuff/3ddat/201901/d02/3518/x352y182x361y191.201901.10x10.d02.m3d
x352y192x361y201.201901.10x10.d02.m3d,2019,1,d02,3519,352,192,361,201,54.69329834,-115.1184006,54.9878006,-114.5094986,https://nrs.objectstore.gov.bc.ca/wrfdel/calpuff/3ddat/201901/d02/3519/x352y192x361y201.201901.10x10.d02.m3d
x352y202x361y211.201901.10x10.d02.m3d,2019,1,d02,3520,352,202,361,211,55.05189896,-115.0667038,55.34609985,-114.4517975,https://nrs.objectstore.gov.bc.ca/wrfdel/calpuff/3ddat/201901/d02/3520/x352y202x361y211.201901.10x10.d02.m3d
x352y212x361y221.201901.10x10.d02.m3d,2019,1,d02,3521,352,212,361,221,55.41040039,-115.0139999,55.70429993,-114.3930969,https://nrs.objectstore.gov.bc.ca/wrfdel/calpuff/3ddat/201901/d02/3521/x352y212x361y221.201901.10x10.d02.m3d
x352y222x361y231.201901.10x10.d02.m3d,2019,1,d02,3522,352,222,361,231,55.76890182,-114.9602966,56.0625,-114.3332977,https://nrs.objectstore.gov.bc.ca/wrfdel/calpuff/3ddat/201901/d02/3522/x352y222x361y231.201901.10x10.d02.m3d
x352y232x361y241.201901.10x10.d02.m3d,2019,1,d02,3523,352,232,361,241,56.12739944,-114.9056015,56.42070007,-114.2724991,https://nrs.objectstore.gov.bc.ca/wrfdel/calpuff/3ddat/201901/d02/3523/x352y232x361y241.201901.10x10.d02.m3d
x352y242x361y251.201901.10x10.d02.m3d,2019,1,d02,3524,352,242,361,251,56.4856987,-114.8499985,56.77870178,-114.2104034,https://nrs.objectstore.gov.bc.ca/wrfdel/calpuff/3ddat/201901/d02/3524/x352y242x361y251.201901.10x10.d02.m3d
x352y252x361y261.201901.10x10.d02.m3d,2019,1,d02,3525,352,252,361,261,56.84400177,-114.7932968,57.13669968,-114.1472015,https://nrs.objectstore.gov.bc.ca/wrfdel/calpuff/3ddat/201901/d02/3525/x352y252x361y261.201901.10x10.d02.m3d
x352y262x361y271.201901.10x10.d02.m3d,2019,1,d02,3526,352,262,361,271,57.20230103,-114.7354965,57.49449921,-114.0828018,https://nrs.objectstore.gov.bc.ca/wrfdel/calpuff/3ddat/201901/d02/3526/x352y262x361y271.201901.10x10.d02.m3d
x352y272x361y281.201901.10x10.d02.m3d,2019,1,d02,3527,352,272,361,281,57.5603981,-114.6765976,57.85219955,-114.0171967,https://nrs.objectstore.gov.bc.ca/wrfdel/calpuff/3ddat/201901/d02/3527/x352y272x361y281.201901.10x10.d02.m3d
x352y282x361y291.201901.10x10.d02.m3d,2019,1,d02,3528,352,282,361,291,57.91830063,-114.6166,58.20980072,-113.9503021,https://nrs.objectstore.gov.bc.ca/wrfdel/calpuff/3ddat/201901/d02/3528/x352y282x361y291.201901.10x10.d02.m3d
x352y292x361y301.201901.10x10.d02.m3d,2019,1,d02,3529,352,292,361,301,58.27619934,-114.5552979,58.56719971,-113.8820038,https://nrs.objectstore.gov.bc.ca/wrfdel/calpuff/3ddat/201901/d02/3529/x352y292x361y301.201901.10x10.d02.m3d
x352y302x361y311.201901.10x10.d02.m3d,2019,1,d02,3530,352,302,361,311,58.63389969,-114.492897,58.92440033,-113.8124008,https://nrs.objectstore.gov.bc.ca/wrfdel/calpuff/3ddat/201901/d02/3530/x352y302x361y311.201901.10x10.d02.m3d
x352y312x361y321.201901.10x10.d02.m3d,2019,1,d02,3531,352,312,361,321,58.99140167,-114.4292984,59.28150177,-113.7414017,https://nrs.objectstore.gov.bc.ca/wrfdel/calpuff/3ddat/201901/d02/3531/x352y312x361y321.201901.10x10.d02.m3d
x352y322x361y331.201901.10x10.d02.m3d,2019,1,d02,3532,352,322,361,331,59.34870148,-114.3644028,59.63830185,-113.6689987,https://nrs.objectstore.gov.bc.ca/wrfdel/calpuff/3ddat/201901/d02/3532/x352y322x361y331.201901.10x10.d02.m3d
x352y332x361y341.201901.10x10.d02.m3d,2019,1,d02,3533,352,332,361,341,59.7057991,-114.2981033,59.99489975,-113.5951004,https://nrs.objectstore.gov.bc.ca/wrfdel/calpuff/3ddat/201901/d02/3533/x352y332x361y341.201901.10x10.d02.m3d
x352y342x361y351.201901.10x10.d02.m3d,2019,1,d02,3534,352,342,361,351,60.06269836,-114.2304993,60.35129929,-113.5196991,https://nrs.objectstore.gov.bc.ca/wrfdel/calpuff/3ddat/201901/d02/3534/x352y342x361y351.201901.10x10.d02.m3d
x352y352x361y361.201901.10x10.d02.m3d,2019,1,d02,3535,352,352,361,361,60.41939926,-114.161499,60.70740128,-113.4427032,https://nrs.objectstore.gov.bc.ca/wrfdel/calpuff/3ddat/201901/d02/3535/x352y352x361y361.201901.10x10.d02.m3d
x352y362x361y371.201901.10x10.d02.m3d,2019,1,d02,3536,352,362,361,371,60.7757988,-114.0911026,61.0632019,-113.3640976,https://nrs.objectstore.gov.bc.ca/wrfdel/calpuff/3ddat/201901/d02/3536/x352y362x361y371.201901.10x10.d02.m3d
x352y372x361y373.201901.10x10.d02.m3d,2019,1,d02,3537,352,372,361,373,61.13190079,-114.0190964,61.13439941,-113.3481979,https://nrs.objectstore.gov.bc.ca/wrfdel/calpuff/3ddat/201901/d02/3537/x352y372x361y373.201901.10x10.d02.m3d
x362y002x371y011.201901.10x10.d02.m3d,2019,1,d02,3600,362,2,371,11,47.86949921,-115.4215012,48.16360092,-114.9032974,https://nrs.objectstore.gov.bc.ca/wrfdel/calpuff/3ddat/201901/d02/3600/x362y002x371y011.201901.10x10.d02.m3d
x362y012x371y021.201901.10x10.d02.m3d,2019,1,d02,3601,362,12,371,21,48.2256012,-115.3796005,48.51959991,-114.8572006,https://nrs.objectstore.gov.bc.ca/wrfdel/calpuff/3ddat/201901/d02/3601/x362y012x371y021.201901.10x10.d02.m3d
x362y022x371y031.201901.10x10.d02.m3d,2019,1,d02,3602,362,22,371,31,48.58179855,-115.3370972,48.87590027,-114.8103027,https://nrs.objectstore.gov.bc.ca/wrfdel/calpuff/3ddat/201901/d02/3602/x362y022x371y031.201901.10x10.d02.m3d
x362y032x371y041.201901.10x10.d02.m3d,2019,1,d02,3603,362,32,371,41,48.93840027,-115.2938995,49.23239899,-114.7627029,https://nrs.objectstore.gov.bc.ca/wrfdel/calpuff/3ddat/201901/d02/3603/x362y032x371y041.201901.10x10.d02.m3d
x362y042x371y051.201901.10x10.d02.m3d,2019,1,d02,3604,362,42,371,51,49.29510117,-115.25,49.5890007,-114.7144012,https://nrs.objectstore.gov.bc.ca/wrfdel/calpuff/3ddat/201901/d02/3604/x362y042x371y051.201901.10x10.d02.m3d
x362y052x371y061.201901.10x10.d02.m3d,2019,1,d02,3605,362,52,371,61,49.65200043,-115.2054977,49.94589996,-114.6651993,https://nrs.objectstore.gov.bc.ca/wrfdel/calpuff/3ddat/201901/d02/3605/x362y052x371y061.201901.10x10.d02.m3d
x362y062x371y071.201901.10x10.d02.m3d,2019,1,d02,3606,362,62,371,71,50.00910187,-115.160202,50.30289841,-114.6154022,https://nrs.objectstore.gov.bc.ca/wrfdel/calpuff/3ddat/201901/d02/3606/x362y062x371y071.201901.10x10.d02.m3d
x362y072x371y081.201901.10x10.d02.m3d,2019,1,d02,3607,362,72,371,81,50.36640167,-115.1141968,50.66009903,-114.5645981,https://nrs.objectstore.gov.bc.ca/wrfdel/calpuff/3ddat/201901/d02/3607/x362y072x371y081.201901.10x10.d02.m3d
x362y082x371y091.201901.10x10.d02.m3d,2019,1,d02,3608,362,82,371,91,50.72380066,-115.0674973,51.01739883,-114.5130997,https://nrs.objectstore.gov.bc.ca/wrfdel/calpuff/3ddat/201901/d02/3608/x362y082x371y091.201901.10x10.d02.m3d
x362y092x371y101.201901.10x10.d02.m3d,2019,1,d02,3609,362,92,371,101,51.08140182,-115.0199966,51.37480164,-114.460701,https://nrs.objectstore.gov.bc.ca/wrfdel/calpuff/3ddat/201901/d02/3609/x362y092x371y101.201901.10x10.d02.m3d
x362y102x371y111.201901.10x10.d02.m3d,2019,1,d02,3610,362,102,371,111,51.43909836,-114.9717026,51.73239899,-114.4075012,https://nrs.objectstore.gov.bc.ca/wrfdel/calpuff/3ddat/201901/d02/3610/x362y102x371y111.201901.10x10.d02.m3d
x362y112x371y121.201901.10x10.d02.m3d,2019,1,d02,3611,362,112,371,121,51.7969017,-114.9225998,52.09009933,-114.3534012,https://nrs.objectstore.gov.bc.ca/wrfdel/calpuff/3ddat/201901/d02/3611/x362y112x371y121.201901.10x10.d02.m3d
x362y122x371y131.201901.10x10.d02.m3d,2019,1,d02,3612,362,122,371,131,52.15480042,-114.8727036,52.44779968,-114.2983017,https://nrs.objectstore.gov.bc.ca/wrfdel/calpuff/3ddat/201901/d02/3612/x362y122x371y131.201901.10x10.d02.m3d
x362y132x371y141.201901.10x10.d02.m3d,2019,1,d02,3613,362,132,371,141,52.51290131,-114.8218994,52.80569839,-114.2424011,https://nrs.objectstore.gov.bc.ca/wrfdel/calpuff/3ddat/201901/d02/3613/x362y132x371y141.201901.10x10.d02.m3d
x362y142x371y151.201901.10x10.d02.m3d,2019,1,d02,3614,362,142,371,151,52.87099838,-114.7703018,53.16360092,-114.1854019,https://nrs.objectstore.gov.bc.ca/wrfdel/calpuff/3ddat/201901/d02/3614/x362y142x371y151.201901.10x10.d02.m3d
x362y152x371y161.201901.10x10.d02.m3d,2019,1,d02,3615,362,152,371,161,53.22909927,-114.7177963,53.52149963,-114.1275024,https://nrs.objectstore.gov.bc.ca/wrfdel/calpuff/3ddat/201901/d02/3615/x362y152x371y161.201901.10x10.d02.m3d
x362y162x371y171.201901.10x10.d02.m3d,2019,1,d02,3616,362,162,371,171,53.58729935,-114.6643982,53.87950134,-114.0686035,https://nrs.objectstore.gov.bc.ca/wrfdel/calpuff/3ddat/201901/d02/3616/x362y162x371y171.201901.10x10.d02.m3d
x362y172x371y181.201901.10x10.d02.m3d,2019,1,d02,3617,362,172,371,181,53.9455986,-114.6100998,54.23749924,-114.0085983,https://nrs.objectstore.gov.bc.ca/wrfdel/calpuff/3ddat/201901/d02/3617/x362y172x371y181.201901.10x10.d02.m3d
x362y182x371y191.201901.10x10.d02.m3d,2019,1,d02,3618,362,182,371,191,54.30379868,-114.5548019,54.59550095,-113.9476013,https://nrs.objectstore.gov.bc.ca/wrfdel/calpuff/3ddat/201901/d02/3618/x362y182x371y191.201901.10x10.d02.m3d
x362y192x371y201.201901.10x10.d02.m3d,2019,1,d02,3619,362,192,371,201,54.66210175,-114.498497,54.95339966,-113.885498,https://nrs.objectstore.gov.bc.ca/wrfdel/calpuff/3ddat/201901/d02/3619/x362y192x371y201.201901.10x10.d02.m3d
x362y202x371y211.201901.10x10.d02.m3d,2019,1,d02,3620,362,202,371,211,55.020401,-114.4412003,55.31140137,-113.8223038,https://nrs.objectstore.gov.bc.ca/wrfdel/calpuff/3ddat/201901/d02/3620/x362y202x371y211.201901.10x10.d02.m3d
x362y212x371y221.201901.10x10.d02.m3d,2019,1,d02,3621,362,212,371,221,55.37860107,-114.3828964,55.66930008,-113.7578964,https://nrs.objectstore.gov.bc.ca/wrfdel/calpuff/3ddat/201901/d02/3621/x362y212x371y221.201901.10x10.d02.m3d
x362y222x371y231.201901.10x10.d02.m3d,2019,1,d02,3622,362,222,371,231,55.73680115,-114.3236008,56.02719879,-113.6923981,https://nrs.objectstore.gov.bc.ca/wrfdel/calpuff/3ddat/201901/d02/3622/x362y222x371y231.201901.10x10.d02.m3d
x362y232x371y241.201901.10x10.d02.m3d,2019,1,d02,3623,362,232,371,241,56.09500122,-114.2630997,56.38499832,-113.6256027,https://nrs.objectstore.gov.bc.ca/wrfdel/calpuff/3ddat/201901/d02/3623/x362y232x371y241.201901.10x10.d02.m3d
x362y242x371y251.201901.10x10.d02.m3d,2019,1,d02,3624,362,242,371,251,56.45299911,-114.2014999,56.74269867,-113.5576019,https://nrs.objectstore.gov.bc.ca/wrfdel/calpuff/3ddat/201901/d02/3624/x362y242x371y251.201901.10x10.d02.m3d
x362y252x371y261.201901.10x10.d02.m3d,2019,1,d02,3625,362,252,371,261,56.81100082,-114.1388016,57.10029984,-113.4882965,https://nrs.objectstore.gov.bc.ca/wrfdel/calpuff/3ddat/201901/d02/3625/x362y252x371y261.201901.10x10.d02.m3d
x362y262x371y271.201901.10x10.d02.m3d,2019,1,d02,3626,362,262,371,271,57.16899872,-114.0747986,57.45780182,-113.4177017,https://nrs.objectstore.gov.bc.ca/wrfdel/calpuff/3ddat/201901/d02/3626/x362y262x371y271.201901.10x10.d02.m3d
x362y272x371y281.201901.10x10.d02.m3d,2019,1,d02,3627,362,272,371,281,57.52679825,-114.009697,57.81520081,-113.3457031,https://nrs.objectstore.gov.bc.ca/wrfdel/calpuff/3ddat/201901/d02/3627/x362y272x371y281.201901.10x10.d02.m3d
x362y282x371y291.201901.10x10.d02.m3d,2019,1,d02,3628,362,282,371,291,57.88439941,-113.9432983,58.17240143,-113.2723007,https://nrs.objectstore.gov.bc.ca/wrfdel/calpuff/3ddat/201901/d02/3628/x362y282x371y291.201901.10x10.d02.m3d
x362y292x371y301.201901.10x10.d02.m3d,2019,1,d02,3629,362,292,371,301,58.2419014,-113.8756027,58.52949905,-113.1975021,https://nrs.objectstore.gov.bc.ca/wrfdel/calpuff/3ddat/201901/d02/3629/x362y292x371y301.201901.10x10.d02.m3d
x362y302x371y311.201901.10x10.d02.m3d,2019,1,d02,3630,362,302,371,311,58.59930038,-113.8066025,58.88639832,-113.1212006,https://nrs.objectstore.gov.bc.ca/wrfdel/calpuff/3ddat/201901/d02/3630/x362y302x371y311.201901.10x10.d02.m3d
x362y312x371y321.201901.10x10.d02.m3d,2019,1,d02,3631,362,312,371,321,58.95650101,-113.7361984,59.24309921,-113.0434036,https://nrs.objectstore.gov.bc.ca/wrfdel/calpuff/3ddat/201901/d02/3631/x362y312x371y321.201901.10x10.d02.m3d
x362y322x371y331.201901.10x10.d02.m3d,2019,1,d02,3632,362,322,371,331,59.31349945,-113.664299,59.59949875,-112.9639969,https://nrs.objectstore.gov.bc.ca/wrfdel/calpuff/3ddat/201901/d02/3632/x362y322x371y331.201901.10x10.d02.m3d
x362y332x371y341.201901.10x10.d02.m3d,2019,1,d02,3633,362,332,371,341,59.67029953,-113.5911026,59.9557991,-112.8830032,https://nrs.objectstore.gov.bc.ca/wrfdel/calpuff/3ddat/201901/d02/3633/x362y332x371y341.201901.10x10.d02.m3d
x362y342x371y351.201901.10x10.d02.m3d,2019,1,d02,3634,362,342,371,351,60.02679825,-113.5162964,60.3117981,-112.8003998,https://nrs.objectstore.gov.bc.ca/wrfdel/calpuff/3ddat/201901/d02/3634/x362y342x371y351.201901.10x10.d02.m3d
x362y352x371y361.201901.10x10.d02.m3d,2019,1,d02,3635,362,352,371,361,60.3830986,-113.4400024,60.66749954,-112.7160034,https://nrs.objectstore.gov.bc.ca/wrfdel/calpuff/3ddat/201901/d02/3635/x362y352x371y361.201901.10x10.d02.m3d
x362y362x371y371.201901.10x10.d02.m3d,2019,1,d02,3636,362,362,371,371,60.73920059,-113.3620987,61.02289963,-112.6297989,https://nrs.objectstore.gov.bc.ca/wrfdel/calpuff/3ddat/201901/d02/3636/x362y362x371y371.201901.10x10.d02.m3d
x362y372x371y373.201901.10x10.d02.m3d,2019,1,d02,3637,362,372,371,373,61.09500122,-113.2826004,61.09400177,-112.6123962,https://nrs.objectstore.gov.bc.ca/wrfdel/calpuff/3ddat/201901/d02/3637/x362y372x371y373.201901.10x10.d02.m3d
x372y002x381y011.201901.10x10.d02.m3d,2019,1,d02,3700,372,2,381,11,47.84030151,-114.8911972,48.13159943,-114.3700027,https://nrs.objectstore.gov.bc.ca/wrfdel/calpuff/3ddat/201901/d02/3700/x372y002x381y011.201901.10x10.d02.m3d
x372y012x381y021.201901.10x10.d02.m3d,2019,1,d02,3701,372,12,381,21,48.19609833,-114.8452988,48.48740005,-114.3198013,https://nrs.objectstore.gov.bc.ca/wrfdel/calpuff/3ddat/201901/d02/3701/x372y012x381y021.201901.10x10.d02.m3d
x372y022x381y031.201901.10x10.d02.m3d,2019,1,d02,3702,372,22,381,31,48.55210114,-114.7986984,48.84339905,-114.2687988,https://nrs.objectstore.gov.bc.ca/wrfdel/calpuff/3ddat/201901/d02/3702/x372y022x381y031.201901.10x10.d02.m3d
x372y032x381y041.201901.10x10.d02.m3d,2019,1,d02,3703,372,32,381,41,48.90840149,-114.751297,49.19960022,-114.2170029,https://nrs.objectstore.gov.bc.ca/wrfdel/calpuff/3ddat/201901/d02/3703/x372y032x381y041.201901.10x10.d02.m3d
x372y042x381y051.201901.10x10.d02.m3d,2019,1,d02,3704,372,42,381,51,49.26490021,-114.7032013,49.55599976,-114.1643982,https://nrs.objectstore.gov.bc.ca/wrfdel/calpuff/3ddat/201901/d02/3704/x372y042x381y051.201901.10x10.d02.m3d
x372y052x381y061.201901.10x10.d02.m3d,2019,1,d02,3705,372,52,381,61,49.62149811,-114.6544037,49.91260147,-114.1110001,https://nrs.objectstore.gov.bc.ca/wrfdel/calpuff/3ddat/201901/d02/3705/x372y052x381y061.201901.10x10.d02.m3d
x372y062x381y071.201901.10x10.d02.m3d,2019,1,d02,3706,372,62,381,71,49.97840118,-114.6047974,50.26929855,-114.0567017,https://nrs.objectstore.gov.bc.ca/wrfdel/calpuff/3ddat/201901/d02/3706/x372y062x381y071.201901.10x10.d02.m3d
x372y072x381y081.201901.10x10.d02.m3d,2019,1,d02,3707,372,72,381,81,50.33539963,-114.5543976,50.62620163,-114.001503,https://nrs.objectstore.gov.bc.ca/wrfdel/calpuff/3ddat/201901/d02/3707/x372y072x381y081.201901.10x10.d02.m3d
x372y082x381y091.201901.10x10.d02.m3d,2019,1,d02,3708,372,82,381,91,50.69250107,-114.5030975,50.98329926,-113.9453964,https://nrs.objectstore.gov.bc.ca/wrfdel/calpuff/3ddat/201901/d02/3708/x372y082x381y091.201901.10x10.d02.m3d
x372y092x381y101.201901.10x10.d02.m3d,2019,1,d02,3709,372,92,381,101,51.04980087,-114.4511032,51.3404007,-113.8884964,https://nrs.objectstore.gov.bc.ca/wrfdel/calpuff/3ddat/201901/d02/3709/x372y092x381y101.201901.10x10.d02.m3d
x372y102x381y111.201901.10x10.d02.m3d,2019,1,d02,3710,372,102,381,111,51.40729904,-114.3981018,51.6977005,-113.8304977,https://nrs.objectstore.gov.bc.ca/wrfdel/calpuff/3ddat/201901/d02/3710/x372y102x381y111.201901.10x10.d02.m3d
x372y112x381y121.201901.10x10.d02.m3d,2019,1,d02,3711,372,112,381,121,51.76480103,-114.3443985,52.05500031,-113.7715988,https://nrs.objectstore.gov.bc.ca/wrfdel/calpuff/3ddat/201901/d02/3711/x372y112x381y121.201901.10x10.d02.m3d
x372y122x381y131.201901.10x10.d02.m3d,2019,1,d02,3712,372,122,381,131,52.12250137,-114.2895966,52.41249847,-113.7117996,https://nrs.objectstore.gov.bc.ca/wrfdel/calpuff/3ddat/201901/d02/3712/x372y122x381y131.201901.10x10.d02.m3d
x372y132x381y141.201901.10x10.d02.m3d,2019,1,d02,3713,372,132,381,141,52.48020172,-114.2340012,52.77000046,-113.6509018,https://nrs.objectstore.gov.bc.ca/wrfdel/calpuff/3ddat/201901/d02/3713/x372y132x381y141.201901.10x10.d02.m3d
x372y142x381y151.201901.10x10.d02.m3d,2019,1,d02,3714,372,142,381,151,52.83800125,-114.1774979,53.12760162,-113.5888977,https://nrs.objectstore.gov.bc.ca/wrfdel/calpuff/3ddat/201901/d02/3714/x372y142x381y151.201901.10x10.d02.m3d
x372y152x381y161.201901.10x10.d02.m3d,2019,1,d02,3715,372,152,381,161,53.19589996,-114.1199036,53.48519897,-113.5259018,https://nrs.objectstore.gov.bc.ca/wrfdel/calpuff/3ddat/201901/d02/3715/x372y152x381y161.201901.10x10.d02.m3d
x372y162x381y171.201901.10x10.d02.m3d,2019,1,d02,3716,372,162,381,171,53.55379868,-114.0614014,53.84289932,-113.4617996,https://nrs.objectstore.gov.bc.ca/wrfdel/calpuff/3ddat/201901/d02/3716/x372y162x381y171.201901.10x10.d02.m3d
x372y172x381y181.201901.10x10.d02.m3d,2019,1,d02,3717,372,172,381,181,53.9117012,-114.0018997,54.20050049,-113.3965988,https://nrs.objectstore.gov.bc.ca/wrfdel/calpuff/3ddat/201901/d02/3717/x372y172x381y181.201901.10x10.d02.m3d
x372y182x381y191.201901.10x10.d02.m3d,2019,1,d02,3718,372,182,381,191,54.2696991,-113.9412994,54.55820084,-113.3302994,https://nrs.objectstore.gov.bc.ca/wrfdel/calpuff/3ddat/201901/d02/3718/x372y182x381y191.201901.10x10.d02.m3d
x372y192x381y201.201901.10x10.d02.m3d,2019,1,d02,3719,372,192,381,201,54.62770081,-113.8796005,54.91590118,-113.2627029,https://nrs.objectstore.gov.bc.ca/wrfdel/calpuff/3ddat/201901/d02/3719/x372y192x381y201.201901.10x10.d02.m3d
x372y202x381y211.201901.10x10.d02.m3d,2019,1,d02,3720,372,202,381,211,54.98559952,-113.8169022,55.27349854,-113.1939011,https://nrs.objectstore.gov.bc.ca/wrfdel/calpuff/3ddat/201901/d02/3720/x372y202x381y211.201901.10x10.d02.m3d
x372y212x381y221.201901.10x10.d02.m3d,2019,1,d02,3721,372,212,381,221,55.34360123,-113.7529984,55.6310997,-113.1239014,https://nrs.objectstore.gov.bc.ca/wrfdel/calpuff/3ddat/201901/d02/3721/x372y212x381y221.201901.10x10.d02.m3d
x372y222x381y231.201901.10x10.d02.m3d,2019,1,d02,3722,372,222,381,231,55.70140076,-113.6878967,55.98860168,-113.052597,https://nrs.objectstore.gov.bc.ca/wrfdel/calpuff/3ddat/201901/d02/3722/x372y222x381y231.201901.10x10.d02.m3d
x372y232x381y241.201901.10x10.d02.m3d,2019,1,d02,3723,372,232,381,241,56.05929947,-113.6216965,56.34600067,-112.9800034,https://nrs.objectstore.gov.bc.ca/wrfdel/calpuff/3ddat/201901/d02/3723/x372y232x381y241.201901.10x10.d02.m3d
x372y242x381y251.201901.10x10.d02.m3d,2019,1,d02,3724,372,242,381,251,56.41699982,-113.5541992,56.70339966,-112.9059982,https://nrs.objectstore.gov.bc.ca/wrfdel/calpuff/3ddat/201901/d02/3724/x372y242x381y251.201901.10x10.d02.m3d
x372y252x381y261.201901.10x10.d02.m3d,2019,1,d02,3725,372,252,381,261,56.77470016,-113.4853973,57.06069946,-112.8307037,https://nrs.objectstore.gov.bc.ca/wrfdel/calpuff/3ddat/201901/d02/3725/x372y252x381y261.201901.10x10.d02.m3d
x372y262x381y271.201901.10x10.d02.m3d,2019,1,d02,3726,372,262,381,271,57.13230133,-113.4153976,57.4178009,-112.7538986,https://nrs.objectstore.gov.bc.ca/wrfdel/calpuff/3ddat/201901/d02/3726/x372y262x381y271.201901.10x10.d02.m3d
x372y272x381y281.201901.10x10.d02.m3d,2019,1,d02,3727,372,272,381,281,57.48970032,-113.3440018,57.77479935,-112.6755981,https://nrs.objectstore.gov.bc.ca/wrfdel/calpuff/3ddat/201901/d02/3727/x372y272x381y281.201901.10x10.d02.m3d
x372y282x381y291.201901.10x10.d02.m3d,2019,1,d02,3728,372,282,381,291,57.8470993,-113.2713013,58.13159943,-112.5958023,https://nrs.objectstore.gov.bc.ca/wrfdel/calpuff/3ddat/201901/d02/3728/x372y282x381y291.201901.10x10.d02.m3d
x372y292x381y301.201901.10x10.d02.m3d,2019,1,d02,3729,372,292,381,301,58.20420074,-113.1970978,58.48830032,-112.5145035,https://nrs.objectstore.gov.bc.ca/wrfdel/calpuff/3ddat/201901/d02/3729/x372y292x381y301.201901.10x10.d02.m3d
x372y302x381y311.201901.10x10.d02.m3d,2019,1,d02,3730,372,302,381,311,58.56119919,-113.1214981,58.84479904,-112.4316025,https://nrs.objectstore.gov.bc.ca/wrfdel/calpuff/3ddat/201901/d02/3730/x372y302x381y311.201901.10x10.d02.m3d
x372y312x381y321.201901.10x10.d02.m3d,2019,1,d02,3731,372,312,381,321,58.91799927,-113.0444031,59.2010994,-112.3470001,https://nrs.objectstore.gov.bc.ca/wrfdel/calpuff/3ddat/201901/d02/3731/x372y312x381y321.201901.10x10.d02.m3d
x372y322x381y331.201901.10x10.d02.m3d,2019,1,d02,3732,372,322,381,331,59.27470016,-112.9657974,59.55720139,-112.2606964,https://nrs.objectstore.gov.bc.ca/wrfdel/calpuff/3ddat/201901/d02/3732/x372y322x381y331.201901.10x10.d02.m3d
x372y332x381y341.201901.10x10.d02.m3d,2019,1,d02,3733,372,332,381,341,59.6310997,-112.885498,59.9129982,-112.1725998,https://nrs.objectstore.gov.bc.ca/wrfdel/calpuff/3ddat/201901/d02/3733/x372y332x381y341.201901.10x10.d02.m3d
x372y342x381y351.201901.10x10.d02.m3d,2019,1,d02,3734,372,342,381,351,59.98730087,-112.8035965,60.26860046,-112.0827026,https://nrs.objectstore.gov.bc.ca/wrfdel/calpuff/3ddat/201901/d02/3734/x372y342x381y351.201901.10x10.d02.m3d
x372y352x381y361.201901.10x10.d02.m3d,2019,1,d02,3735,372,352,381,361,60.34320068,-112.7201004,60.62390137,-111.9909973,https://nrs.objectstore.gov.bc.ca/wrfdel/calpuff/3ddat/201901/d02/3735/x372y352x381y361.201901.10x10.d02.m3d
x372y362x381y371.201901.10x10.d02.m3d,2019,1,d02,3736,372,362,381,371,60.69879913,-112.6348038,60.97890091,-111.8973999,https://nrs.objectstore.gov.bc.ca/wrfdel/calpuff/3ddat/201901/d02/3736/x372y362x381y371.201901.10x10.d02.m3d
x372y372x381y373.201901.10x10.d02.m3d,2019,1,d02,3737,372,372,381,373,61.05419922,-112.547699,61.04990005,-111.8784027,https://nrs.objectstore.gov.bc.ca/wrfdel/calpuff/3ddat/201901/d02/3737/x372y372x381y373.201901.10x10.d02.m3d
x382y002x391y011.201901.10x10.d02.m3d,2019,1,d02,3800,382,2,391,11,47.80830002,-114.3616028,48.09700012,-113.8375015,https://nrs.objectstore.gov.bc.ca/wrfdel/calpuff/3ddat/201901/d02/3800/x382y002x391y011.201901.10x10.d02.m3d
x382y012x391y021.201901.10x10.d02.m3d,2019,1,d02,3801,382,12,391,21,48.16389847,-114.3116989,48.45249939,-113.7832031,https://nrs.objectstore.gov.bc.ca/wrfdel/calpuff/3ddat/201901/d02/3801/x382y012x391y021.201901.10x10.d02.m3d
x382y022x391y031.201901.10x10.d02.m3d,2019,1,d02,3802,382,22,391,31,48.5196991,-114.2610016,48.80820084,-113.7281036,https://nrs.objectstore.gov.bc.ca/wrfdel/calpuff/3ddat/201901/d02/3802/x382y022x391y031.201901.10x10.d02.m3d
x382y032x391y041.201901.10x10.d02.m3d,2019,1,d02,3803,382,32,391,41,48.87559891,-114.2095032,49.16419983,-113.6722031,https://nrs.objectstore.gov.bc.ca/wrfdel/calpuff/3ddat/201901/d02/3803/x382y032x391y041.201901.10x10.d02.m3d
x382y042x391y051.201901.10x10.d02.m3d,2019,1,d02,3804,382,42,391,51,49.23180008,-114.1572037,49.52019882,-113.615303,https://nrs.objectstore.gov.bc.ca/wrfdel/calpuff/3ddat/201901/d02/3804/x382y042x391y051.201901.10x10.d02.m3d
x382y052x391y061.201901.10x10.d02.m3d,2019,1,d02,3805,382,52,391,61,49.58819962,-114.1041031,49.87649918,-113.5576019,https://nrs.objectstore.gov.bc.ca/wrfdel/calpuff/3ddat/201901/d02/3805/x382y052x391y061.201901.10x10.d02.m3d
x382y062x391y071.201901.10x10.d02.m3d,2019,1,d02,3806,382,62,391,71,49.94480133,-114.0502014,50.23289871,-113.4989014,https://nrs.objectstore.gov.bc.ca/wrfdel/calpuff/3ddat/201901/d02/3806/x382y062x391y071.201901.10x10.d02.m3d
x382y072x391y081.201901.10x10.d02.m3d,2019,1,d02,3807,382,72,391,81,50.30149841,-113.9953003,50.58950043,-113.4393005,https://nrs.objectstore.gov.bc.ca/wrfdel/calpuff/3ddat/201901/d02/3807/x382y072x391y081.201901.10x10.d02.m3d
x382y082x391y091.201901.10x10.d02.m3d,2019,1,d02,3808,382,82,391,91,50.65840149,-113.9395981,50.94620132,-113.3787003,https://nrs.objectstore.gov.bc.ca/wrfdel/calpuff/3ddat/201901/d02/3808/x382y082x391y091.201901.10x10.d02.m3d
x382y092x391y101.201901.10x10.d02.m3d,2019,1,d02,3809,382,92,391,101,51.01539993,-113.8830032,51.30310059,-113.3171005,https://nrs.objectstore.gov.bc.ca/wrfdel/calpuff/3ddat/201901/d02/3809/x382y092x391y101.201901.10x10.d02.m3d
x382y102x391y111.201901.10x10.d02.m3d,2019,1,d02,3810,382,102,391,111,51.37250137,-113.8255005,51.65999985,-113.2546005,https://nrs.objectstore.gov.bc.ca/wrfdel/calpuff/3ddat/201901/d02/3810/x382y102x391y111.201901.10x10.d02.m3d
x382y112x391y121.201901.10x10.d02.m3d,2019,1,d02,3811,382,112,391,121,51.72980118,-113.7669983,52.01710129,-113.1909027,https://nrs.objectstore.gov.bc.ca/wrfdel/calpuff/3ddat/201901/d02/3811/x382y112x391y121.201901.10x10.d02.m3d
x382y122x391y131.201901.10x10.d02.m3d,2019,1,d02,3812,382,122,391,131,52.08710098,-113.7074966,52.37419891,-113.1261978,https://nrs.objectstore.gov.bc.ca/wrfdel/calpuff/3ddat/201901/d02/3812/x382y122x391y131.201901.10x10.d02.m3d
x382y132x391y141.201901.10x10.d02.m3d,2019,1,d02,3813,382,132,391,141,52.44449997,-113.6471024,52.73139954,-113.0604019,https://nrs.objectstore.gov.bc.ca/wrfdel/calpuff/3ddat/201901/d02/3813/x382y132x391y141.201901.10x10.d02.m3d
x382y142x391y151.201901.10x10.d02.m3d,2019,1,d02,3814,382,142,391,151,52.80199814,-113.5856018,53.08860016,-112.9934998,https://nrs.objectstore.gov.bc.ca/wrfdel/calpuff/3ddat/201901/d02/3814/x382y142x391y151.201901.10x10.d02.m3d
x382y152x391y161.201901.10x10.d02.m3d,2019,1,d02,3815,382,152,391,161,53.1595993,-113.5230026,53.44589996,-112.9253998,https://nrs.objectstore.gov.bc.ca/wrfdel/calpuff/3ddat/201901/d02/3815/x382y152x391y161.201901.10x10.d02.m3d
x382y162x391y171.201901.10x10.d02.m3d,2019,1,d02,3816,382,162,391,171,53.51720047,-113.4593964,53.80319977,-112.8562012,https://nrs.objectstore.gov.bc.ca/wrfdel/calpuff/3ddat/201901/d02/3816/x382y162x391y171.201901.10x10.d02.m3d
x382y172x391y181.201901.10x10.d02.m3d,2019,1,d02,3817,382,172,391,181,53.87480164,-113.3946991,54.16049957,-112.7857971,https://nrs.objectstore.gov.bc.ca/wrfdel/calpuff/3ddat/201901/d02/3817/x382y172x391y181.201901.10x10.d02.m3d
x382y182x391y191.201901.10x10.d02.m3d,2019,1,d02,3818,382,182,391,191,54.23239899,-113.3289032,54.51779938,-112.7141037,https://nrs.objectstore.gov.bc.ca/wrfdel/calpuff/3ddat/201901/d02/3818/x382y182x391y191.201901.10x10.d02.m3d
x382y192x391y201.201901.10x10.d02.m3d,2019,1,d02,3819,382,192,391,201,54.59009933,-113.2618027,54.87509918,-112.641098,https://nrs.objectstore.gov.bc.ca/wrfdel/calpuff/3ddat/201901/d02/3819/x382y192x391y201.201901.10x10.d02.m3d
x382y202x391y211.201901.10x10.d02.m3d,2019,1,d02,3820,382,202,391,211,54.9477005,-113.1936035,55.23239899,-112.566803,https://nrs.objectstore.gov.bc.ca/wrfdel/calpuff/3ddat/201901/d02/3820/x382y202x391y211.201901.10x10.d02.m3d
x382y212x391y221.201901.10x10.d02.m3d,2019,1,d02,3821,382,212,391,221,55.30530167,-113.1241989,55.58959961,-112.4912033,https://nrs.objectstore.gov.bc.ca/wrfdel/calpuff/3ddat/201901/d02/3821/x382y212x391y221.201901.10x10.d02.m3d
x382y222x391y231.201901.10x10.d02.m3d,2019,1,d02,3822,382,222,391,231,55.66279984,-113.0534973,55.94670105,-112.4141998,https://nrs.objectstore.gov.bc.ca/wrfdel/calpuff/3ddat/201901/d02/3822/x382y222x391y231.201901.10x10.d02.m3d
x382y232x391y241.201901.10x10.d02.m3d,2019,1,d02,3823,382,232,391,241,56.02030182,-112.9814987,56.30379868,-112.3358002,https://nrs.objectstore.gov.bc.ca/wrfdel/calpuff/3ddat/201901/d02/3823/x382y232x391y241.201901.10x10.d02.m3d
x382y242x391y251.201901.10x10.d02.m3d,2019,1,d02,3824,382,242,391,251,56.37770081,-112.9080963,56.66080093,-112.2558975,https://nrs.objectstore.gov.bc.ca/wrfdel/calpuff/3ddat/201901/d02/3824/x382y242x391y251.201901.10x10.d02.m3d
x382y252x391y261.201901.10x10.d02.m3d,2019,1,d02,3825,382,252,391,261,56.73500061,-112.8333969,57.01760101,-112.1744995,https://nrs.objectstore.gov.bc.ca/wrfdel/calpuff/3ddat/201901/d02/3825/x382y252x391y261.201901.10x10.d02.m3d
x382y262x391y271.201901.10x10.d02.m3d,2019,1,d02,3826,382,262,391,271,57.09220123,-112.7573013,57.37440109,-112.0915985,https://nrs.objectstore.gov.bc.ca/wrfdel/calpuff/3ddat/201901/d02/3826/x382y262x391y271.201901.10x10.d02.m3d
x382y272x391y281.201901.10x10.d02.m3d,2019,1,d02,3827,382,272,391,281,57.44929886,-112.6798019,57.73089981,-112.007103,https://nrs.objectstore.gov.bc.ca/wrfdel/calpuff/3ddat/201901/d02/3827/x382y272x391y281.201901.10x10.d02.m3d
x382y282x391y291.201901.10x10.d02.m3d,2019,1,d02,3828,382,282,391,291,57.80619812,-112.6007004,58.08739853,-111.9208984,https://nrs.objectstore.gov.bc.ca/wrfdel/calpuff/3ddat/201901/d02/3828/x382y282x391y291.201901.10x10.d02.m3d
x382y292x391y301.201901.10x10.d02.m3d,2019,1,d02,3829,382,292,391,301,58.1629982,-112.5202026,58.4435997,-111.8330994,https://nrs.objectstore.gov.bc.ca/wrfdel/calpuff/3ddat/201901/d02/3829/x382y292x391y301.201901.10x10.d02.m3d
x382y302x391y311.201901.10x10.d02.m3d,2019,1,d02,3830,382,302,391,311,58.5196991,-112.4380035,58.79970169,-111.7435989,https://nrs.objectstore.gov.bc.ca/wrfdel/calpuff/3ddat/201901/d02/3830/x382y302x391y311.201901.10x10.d02.m3d
x382y312x391y321.201901.10x10.d02.m3d,2019,1,d02,3831,382,312,391,321,58.87609863,-112.3542023,59.1556015,-111.6521988,https://nrs.objectstore.gov.bc.ca/wrfdel/calpuff/3ddat/201901/d02/3831/x382y312x391y321.201901.10x10.d02.m3d
x382y322x391y331.201901.10x10.d02.m3d,2019,1,d02,3832,382,322,391,331,59.2322998,-112.2687988,59.51119995,-111.5589981,https://nrs.objectstore.gov.bc.ca/wrfdel/calpuff/3ddat/201901/d02/3832/x382y322x391y331.201901.10x10.d02.m3d
x382y332x391y341.201901.10x10.d02.m3d,2019,1,d02,3833,382,332,391,341,59.5882988,-112.1816025,59.86660004,-111.4639969,https://nrs.objectstore.gov.bc.ca/wrfdel/calpuff/3ddat/201901/d02/3833/x382y332x391y341.201901.10x10.d02.m3d
x382y342x391y351.201901.10x10.d02.m3d,2019,1,d02,3834,382,342,391,351,59.94409943,-112.0926971,60.22169876,-111.3669968,https://nrs.objectstore.gov.bc.ca/wrfdel/calpuff/3ddat/201901/d02/3834/x382y342x391y351.201901.10x10.d02.m3d
x382y352x391y361.201901.10x10.d02.m3d,2019,1,d02,3835,382,352,391,361,60.29959869,-112.0018997,60.57659912,-111.2679977,https://nrs.objectstore.gov.bc.ca/wrfdel/calpuff/3ddat/201901/d02/3835/x382y352x391y361.201901.10x10.d02.m3d
x382y362x391y371.201901.10x10.d02.m3d,2019,1,d02,3836,382,362,391,371,60.65480042,-111.9093018,60.93109894,-111.1669006,https://nrs.objectstore.gov.bc.ca/wrfdel/calpuff/3ddat/201901/d02/3836/x382y362x391y371.201901.10x10.d02.m3d
x382y372x391y373.201901.10x10.d02.m3d,2019,1,d02,3837,382,372,391,373,61.00979996,-111.8146973,61.0019989,-111.1464005,https://nrs.objectstore.gov.bc.ca/wrfdel/calpuff/3ddat/201901/d02/3837/x382y372x391y373.201901.10x10.d02.m3d
x006y006x015y015.201901.10x10.d03.m3d,2019,1,d03,0,6,6,15,15,53.49200058,-129.3769073,53.61209869,-129.2185059,https://nrs.objectstore.gov.bc.ca/wrfdel/calpuff/3ddat/201901/d03/0000/x006y006x015y015.201901.10x10.d03.m3d
x006y016x015y025.201901.10x10.d03.m3d,2019,1,d03,1,6,16,15,25,53.61100006,-129.4015045,53.73109818,-129.2425995,https://nrs.objectstore.gov.bc.ca/wrfdel/calpuff/3ddat/201901/d03/0001/x006y016x015y025.201901.10x10.d03.m3d
x006y026x015y035.201901.10x10.d03.m3d,2019,1,d03,2,6,26,15,35,53.72999954,-129.4261017,53.85020065,-129.2669067,https://nrs.objectstore.gov.bc.ca/wrfdel/calpuff/3ddat/201901/d03/0002/x006y026x015y035.201901.10x10.d03.m3d
x006y036x015y045.201901.10x10.d03.m3d,2019,1,d03,3,6,36,15,45,53.84899902,-129.451004,53.96920013,-129.2913971,https://nrs.objectstore.gov.bc.ca/wrfdel/calpuff/3ddat/201901/d03/0003/x006y036x015y045.201901.10x10.d03.m3d
x006y046x015y055.201901.10x10.d03.m3d,2019,1,d03,4,6,46,15,55,53.9679985,-129.4759064,54.08819962,-129.3159027,https://nrs.objectstore.gov.bc.ca/wrfdel/calpuff/3ddat/201901/d03/0004/x006y046x015y055.201901.10x10.d03.m3d
x006y056x015y065.201901.10x10.d03.m3d,2019,1,d03,5,6,56,15,65,54.0870018,-129.5010071,54.20729828,-129.3406067,https://nrs.objectstore.gov.bc.ca/wrfdel/calpuff/3ddat/201901/d03/0005/x006y056x015y065.201901.10x10.d03.m3d
x006y066x015y075.201901.10x10.d03.m3d,2019,1,d03,6,6,66,15,75,54.20600128,-129.5263062,54.32630157,-129.3654938,https://nrs.objectstore.gov.bc.ca/wrfdel/calpuff/3ddat/201901/d03/0006/x006y066x015y075.201901.10x10.d03.m3d
x006y076x015y085.201901.10x10.d03.m3d,2019,1,d03,7,6,76,15,85,54.32500076,-129.5516968,54.44530106,-129.3905029,https://nrs.objectstore.gov.bc.ca/wrfdel/calpuff/3ddat/201901/d03/0007/x006y076x015y085.201901.10x10.d03.m3d
x006y086x015y095.201901.10x10.d03.m3d,2019,1,d03,8,6,86,15,95,54.44400024,-129.5771942,54.56439972,-129.4156952,https://nrs.objectstore.gov.bc.ca/wrfdel/calpuff/3ddat/201901/d03/0008/x006y086x015y095.201901.10x10.d03.m3d
x016y006x025y015.201901.10x10.d03.m3d,2019,1,d03,100,16,6,25,15,53.50640106,-129.1768036,53.62620163,-129.017807,https://nrs.objectstore.gov.bc.ca/wrfdel/calpuff/3ddat/201901/d03/0100/x016y006x025y015.201901.10x10.d03.m3d
x016y016x025y025.201901.10x10.d03.m3d,2019,1,d03,101,16,16,25,25,53.62540054,-129.2008057,53.74530029,-129.0413971,https://nrs.objectstore.gov.bc.ca/wrfdel/calpuff/3ddat/201901/d03/0101/x016y016x025y025.201901.10x10.d03.m3d
x016y026x025y035.201901.10x10.d03.m3d,2019,1,d03,102,16,26,25,35,53.74449921,-129.2248993,53.86439896,-129.065094,https://nrs.objectstore.gov.bc.ca/wrfdel/calpuff/3ddat/201901/d03/0102/x016y026x025y035.201901.10x10.d03.m3d
x016y036x025y045.201901.10x10.d03.m3d,2019,1,d03,103,16,36,25,45,53.86349869,-129.2492065,53.98350143,-129.0888977,https://nrs.objectstore.gov.bc.ca/wrfdel/calpuff/3ddat/201901/d03/0103/x016y036x025y045.201901.10x10.d03.m3d
x016y046x025y055.201901.10x10.d03.m3d,2019,1,d03,104,16,46,25,55,53.98260117,-129.2736053,54.10250092,-129.1128998,https://nrs.objectstore.gov.bc.ca/wrfdel/calpuff/3ddat/201901/d03/0104/x016y046x025y055.201901.10x10.d03.m3d
x016y056x025y065.201901.10x10.d03.m3d,2019,1,d03,105,16,56,25,65,54.10160065,-129.2980957,54.22159958,-129.1369934,https://nrs.objectstore.gov.bc.ca/wrfdel/calpuff/3ddat/201901/d03/0105/x016y056x025y065.201901.10x10.d03.m3d
x016y066x025y075.201901.10x10.d03.m3d,2019,1,d03,106,16,66,25,75,54.22060013,-129.3227997,54.34069824,-129.1613007,https://nrs.objectstore.gov.bc.ca/wrfdel/calpuff/3ddat/201901/d03/0106/x016y066x025y075.201901.10x10.d03.m3d
x016y076x025y085.201901.10x10.d03.m3d,2019,1,d03,107,16,76,25,85,54.33969879,-129.3475952,54.45980072,-129.1858063,https://nrs.objectstore.gov.bc.ca/wrfdel/calpuff/3ddat/201901/d03/0107/x016y076x025y085.201901.10x10.d03.m3d
x016y086x025y095.201901.10x10.d03.m3d,2019,1,d03,108,16,86,25,95,54.45869827,-129.3724976,54.5788002,-129.2102966,https://nrs.objectstore.gov.bc.ca/wrfdel/calpuff/3ddat/201901/d03/0108/x016y086x025y095.201901.10x10.d03.m3d
x026y006x035y015.201901.10x10.d03.m3d,2019,1,d03,200,26,6,35,15,53.52050018,-128.976593,53.63999939,-128.8168945,https://nrs.objectstore.gov.bc.ca/wrfdel/calpuff/3ddat/201901/d03/0200/x026y006x035y015.201901.10x10.d03.m3d
x026y016x035y025.201901.10x10.d03.m3d,2019,1,d03,201,26,16,35,25,53.63949966,-129,53.75910187,-128.8399048,https://nrs.objectstore.gov.bc.ca/wrfdel/calpuff/3ddat/201901/d03/0201/x026y016x035y025.201901.10x10.d03.m3d
x026y026x035y035.201901.10x10.d03.m3d,2019,1,d03,202,26,26,35,35,53.75859833,-129.0236053,53.87820053,-128.8630981,https://nrs.objectstore.gov.bc.ca/wrfdel/calpuff/3ddat/201901/d03/0202/x026y026x035y035.201901.10x10.d03.m3d
x026y036x035y045.201901.10x10.d03.m3d,2019,1,d03,203,26,36,35,45,53.87770081,-129.0471954,53.99729919,-128.8863983,https://nrs.objectstore.gov.bc.ca/wrfdel/calpuff/3ddat/201901/d03/0203/x026y036x035y045.201901.10x10.d03.m3d
x026y046x035y055.201901.10x10.d03.m3d,2019,1,d03,204,26,46,35,55,53.99679947,-129.071106,54.11650085,-128.9098053,https://nrs.objectstore.gov.bc.ca/wrfdel/calpuff/3ddat/201901/d03/0204/x026y046x035y055.201901.10x10.d03.m3d
x026y056x035y065.201901.10x10.d03.m3d,2019,1,d03,205,26,56,35,65,54.11579895,-129.0950012,54.23559952,-128.9333038,https://nrs.objectstore.gov.bc.ca/wrfdel/calpuff/3ddat/201901/d03/0205/x026y056x035y065.201901.10x10.d03.m3d
x026y066x035y075.201901.10x10.d03.m3d,2019,1,d03,206,26,66,35,75,54.23490143,-129.1190948,54.35469818,-128.9570007,https://nrs.objectstore.gov.bc.ca/wrfdel/calpuff/3ddat/201901/d03/0206/x026y066x035y075.201901.10x10.d03.m3d
x026y076x035y085.201901.10x10.d03.m3d,2019,1,d03,207,26,76,35,85,54.35400009,-129.1432953,54.47380066,-128.9808044,https://nrs.objectstore.gov.bc.ca/wrfdel/calpuff/3ddat/201901/d03/0207/x026y076x035y085.201901.10x10.d03.m3d
x026y086x035y095.201901.10x10.d03.m3d,2019,1,d03,208,26,86,35,95,54.47309875,-129.1676941,54.59289932,-129.0048065,https://nrs.objectstore.gov.bc.ca/wrfdel/calpuff/3ddat/201901/d03/0208/x026y086x035y095.201901.10x10.d03.m3d
x036y006x045y015.201901.10x10.d03.m3d,2019,1,d03,300,36,6,45,15,53.53419876,-128.7763062,53.65340042,-128.6159058,https://nrs.objectstore.gov.bc.ca/wrfdel/calpuff/3ddat/201901/d03/0300/x036y006x045y015.201901.10x10.d03.m3d
x036y016x045y025.201901.10x10.d03.m3d,2019,1,d03,301,36,16,45,25,53.65330124,-128.7991028,53.77259827,-128.6383972,https://nrs.objectstore.gov.bc.ca/wrfdel/calpuff/3ddat/201901/d03/0301/x036y016x045y025.201901.10x10.d03.m3d
x036y026x045y035.201901.10x10.d03.m3d,2019,1,d03,302,36,26,45,35,53.7723999,-128.8220978,53.89170074,-128.6609955,https://nrs.objectstore.gov.bc.ca/wrfdel/calpuff/3ddat/201901/d03/0302/x036y026x045y035.201901.10x10.d03.m3d
x036y036x045y045.201901.10x10.d03.m3d,2019,1,d03,303,36,36,45,45,53.89149857,-128.8451996,54.01089859,-128.6835938,https://nrs.objectstore.gov.bc.ca/wrfdel/calpuff/3ddat/201901/d03/0303/x036y036x045y045.201901.10x10.d03.m3d
x036y046x045y055.201901.10x10.d03.m3d,2019,1,d03,304,36,46,45,55,54.01060104,-128.8683929,54.13000107,-128.7064972,https://nrs.objectstore.gov.bc.ca/wrfdel/calpuff/3ddat/201901/d03/0304/x036y046x045y055.201901.10x10.d03.m3d
x036y056x045y065.201901.10x10.d03.m3d,2019,1,d03,305,36,56,45,65,54.12979889,-128.8917999,54.24919891,-128.7294006,https://nrs.objectstore.gov.bc.ca/wrfdel/calpuff/3ddat/201901/d03/0305/x036y056x045y065.201901.10x10.d03.m3d
x036y066x045y075.201901.10x10.d03.m3d,2019,1,d03,306,36,66,45,75,54.24890137,-128.9152985,54.36840057,-128.7525024,https://nrs.objectstore.gov.bc.ca/wrfdel/calpuff/3ddat/201901/d03/0306/x036y066x045y075.201901.10x10.d03.m3d
x036y076x045y085.201901.10x10.d03.m3d,2019,1,d03,307,36,76,45,85,54.36800003,-128.9389038,54.48749924,-128.7758026,https://nrs.objectstore.gov.bc.ca/wrfdel/calpuff/3ddat/201901/d03/0307/x036y076x045y085.201901.10x10.d03.m3d
x036y086x045y095.201901.10x10.d03.m3d,2019,1,d03,308,36,86,45,95,54.48709869,-128.9627075,54.6067009,-128.7991028,https://nrs.objectstore.gov.bc.ca/wrfdel/calpuff/3ddat/201901/d03/0308/x036y086x045y095.201901.10x10.d03.m3d
x046y006x055y015.201901.10x10.d03.m3d,2019,1,d03,400,46,6,55,15,53.54750061,-128.5758057,53.66650009,-128.4147949,https://nrs.objectstore.gov.bc.ca/wrfdel/calpuff/3ddat/201901/d03/0400/x046y006x055y015.201901.10x10.d03.m3d
x046y016x055y025.201901.10x10.d03.m3d,2019,1,d03,401,46,16,55,25,53.66669846,-128.5980988,53.78570175,-128.4367065,https://nrs.objectstore.gov.bc.ca/wrfdel/calpuff/3ddat/201901/d03/0401/x046y016x055y025.201901.10x10.d03.m3d
x046y026x055y035.201901.10x10.d03.m3d,2019,1,d03,402,46,26,55,35,53.78580093,-128.6204071,53.9048996,-128.4586945,https://nrs.objectstore.gov.bc.ca/wrfdel/calpuff/3ddat/201901/d03/0402/x046y026x055y035.201901.10x10.d03.m3d
x046y036x055y045.201901.10x10.d03.m3d,2019,1,d03,403,46,36,55,45,53.90499878,-128.6430054,54.02410126,-128.4808044,https://nrs.objectstore.gov.bc.ca/wrfdel/calpuff/3ddat/201901/d03/0403/x046y036x055y045.201901.10x10.d03.m3d
x046y046x055y055.201901.10x10.d03.m3d,2019,1,d03,404,46,46,55,55,54.02420044,-128.6656036,54.1432991,-128.503006,https://nrs.objectstore.gov.bc.ca/wrfdel/calpuff/3ddat/201901/d03/0404/x046y046x055y055.201901.10x10.d03.m3d
x046y056x055y065.201901.10x10.d03.m3d,2019,1,d03,405,46,56,55,65,54.1432991,-128.6884003,54.26250076,-128.5254059,https://nrs.objectstore.gov.bc.ca/wrfdel/calpuff/3ddat/201901/d03/0405/x046y056x055y065.201901.10x10.d03.m3d
x046y066x055y075.201901.10x10.d03.m3d,2019,1,d03,406,46,66,55,75,54.26250076,-128.7113037,54.38169861,-128.5478973,https://nrs.objectstore.gov.bc.ca/wrfdel/calpuff/3ddat/201901/d03/0406/x046y066x055y075.201901.10x10.d03.m3d
x046y076x055y085.201901.10x10.d03.m3d,2019,1,d03,407,46,76,55,85,54.38159943,-128.7344055,54.50090027,-128.5706024,https://nrs.objectstore.gov.bc.ca/wrfdel/calpuff/3ddat/201901/d03/0407/x046y076x055y085.201901.10x10.d03.m3d
x046y086x055y095.201901.10x10.d03.m3d,2019,1,d03,408,46,86,55,95,54.50080109,-128.7575989,54.62009811,-128.593399,https://nrs.objectstore.gov.bc.ca/wrfdel/calpuff/3ddat/201901/d03/0408/x046y086x055y095.201901.10x10.d03.m3d
x056y006x065y015.201901.10x10.d03.m3d,2019,1,d03,500,56,6,65,15,53.5605011,-128.3751984,53.6792984,-128.2135925,https://nrs.objectstore.gov.bc.ca/wrfdel/calpuff/3ddat/201901/d03/0500/x056y006x065y015.201901.10x10.d03.m3d
x056y016x065y025.201901.10x10.d03.m3d,2019,1,d03,501,56,16,65,25,53.67969894,-128.3968964,53.79850006,-128.2348938,https://nrs.objectstore.gov.bc.ca/wrfdel/calpuff/3ddat/201901/d03/0501/x056y016x065y025.201901.10x10.d03.m3d
x056y026x065y035.201901.10x10.d03.m3d,2019,1,d03,502,56,26,65,35,53.7989006,-128.4187012,53.91770172,-128.2563019,https://nrs.objectstore.gov.bc.ca/wrfdel/calpuff/3ddat/201901/d03/0502/x056y026x065y035.201901.10x10.d03.m3d
x056y036x065y045.201901.10x10.d03.m3d,2019,1,d03,503,56,36,65,45,53.91809845,-128.4405975,54.03699875,-128.2778015,https://nrs.objectstore.gov.bc.ca/wrfdel/calpuff/3ddat/201901/d03/0503/x056y036x065y045.201901.10x10.d03.m3d
x056y046x065y055.201901.10x10.d03.m3d,2019,1,d03,504,56,46,65,55,54.03730011,-128.4627075,54.15620041,-128.2994995,https://nrs.objectstore.gov.bc.ca/wrfdel/calpuff/3ddat/201901/d03/0504/x056y046x065y055.201901.10x10.d03.m3d
x056y056x065y065.201901.10x10.d03.m3d,2019,1,d03,505,56,56,65,65,54.15650177,-128.4848938,54.27539825,-128.3213043,https://nrs.objectstore.gov.bc.ca/wrfdel/calpuff/3ddat/201901/d03/0505/x056y056x065y065.201901.10x10.d03.m3d
x056y066x065y075.201901.10x10.d03.m3d,2019,1,d03,506,56,66,65,75,54.27569962,-128.5072937,54.3946991,-128.3432007,https://nrs.objectstore.gov.bc.ca/wrfdel/calpuff/3ddat/201901/d03/0506/x056y066x065y075.201901.10x10.d03.m3d
x056y076x065y085.201901.10x10.d03.m3d,2019,1,d03,507,56,76,65,85,54.39490128,-128.5296936,54.51390076,-128.3652039,https://nrs.objectstore.gov.bc.ca/wrfdel/calpuff/3ddat/201901/d03/0507/x056y076x065y085.201901.10x10.d03.m3d
x056y086x065y095.201901.10x10.d03.m3d,2019,1,d03,508,56,86,65,95,54.51409912,-128.5523071,54.6330986,-128.3874054,https://nrs.objectstore.gov.bc.ca/wrfdel/calpuff/3ddat/201901/d03/0508/x056y086x065y095.201901.10x10.d03.m3d
x066y006x075y015.201901.10x10.d03.m3d,2019,1,d03,600,66,6,75,15,53.57320023,-128.1744995,53.69169998,-128.012207,https://nrs.objectstore.gov.bc.ca/wrfdel/calpuff/3ddat/201901/d03/0600/x066y006x075y015.201901.10x10.d03.m3d
x066y016x075y025.201901.10x10.d03.m3d,2019,1,d03,601,66,16,75,25,53.69240189,-128.1956024,53.81090164,-128.0330048,https://nrs.objectstore.gov.bc.ca/wrfdel/calpuff/3ddat/201901/d03/0601/x066y016x075y025.201901.10x10.d03.m3d
x066y026x075y035.201901.10x10.d03.m3d,2019,1,d03,602,66,26,75,35,53.81169891,-128.2167969,53.93019867,-128.0538025,https://nrs.objectstore.gov.bc.ca/wrfdel/calpuff/3ddat/201901/d03/0602/x066y026x075y035.201901.10x10.d03.m3d
x066y036x075y045.201901.10x10.d03.m3d,2019,1,d03,603,66,36,75,45,53.93090057,-128.238205,54.04949951,-128.074707,https://nrs.objectstore.gov.bc.ca/wrfdel/calpuff/3ddat/201901/d03/0603/x066y036x075y045.201901.10x10.d03.m3d
x066y046x075y055.201901.10x10.d03.m3d,2019,1,d03,604,66,46,75,55,54.05020142,-128.2597046,54.16870117,-128.0957947,https://nrs.objectstore.gov.bc.ca/wrfdel/calpuff/3ddat/201901/d03/0604/x066y046x075y055.201901.10x10.d03.m3d
x066y056x075y065.201901.10x10.d03.m3d,2019,1,d03,605,66,56,75,65,54.16939926,-128.2812958,54.2879982,-128.1170044,https://nrs.objectstore.gov.bc.ca/wrfdel/calpuff/3ddat/201901/d03/0605/x066y056x075y065.201901.10x10.d03.m3d
x066y066x075y075.201901.10x10.d03.m3d,2019,1,d03,606,66,66,75,75,54.28860092,-128.3029938,54.40729904,-128.1383057,https://nrs.objectstore.gov.bc.ca/wrfdel/calpuff/3ddat/201901/d03/0606/x066y066x075y075.201901.10x10.d03.m3d
x066y076x075y085.201901.10x10.d03.m3d,2019,1,d03,607,66,76,75,85,54.40790176,-128.3249054,54.52659988,-128.1598053,https://nrs.objectstore.gov.bc.ca/wrfdel/calpuff/3ddat/201901/d03/0607/x066y076x075y085.201901.10x10.d03.m3d
x066y086x075y095.201901.10x10.d03.m3d,2019,1,d03,608,66,86,75,95,54.52709961,-128.3468933,54.64580154,-128.1813965,https://nrs.objectstore.gov.bc.ca/wrfdel/calpuff/3ddat/201901/d03/0608/x066y086x075y095.201901.10x10.d03.m3d
x076y006x085y015.201901.10x10.d03.m3d,2019,1,d03,700,76,6,85,15,53.58549881,-127.9736023,53.70370102,-127.8107986,https://nrs.objectstore.gov.bc.ca/wrfdel/calpuff/3ddat/201901/d03/0700/x076y006x085y015.201901.10x10.d03.m3d
x076y016x085y025.201901.10x10.d03.m3d,2019,1,d03,701,76,16,85,25,53.70479965,-127.9942017,53.82300186,-127.8309021,https://nrs.objectstore.gov.bc.ca/wrfdel/calpuff/3ddat/201901/d03/0701/x076y016x085y025.201901.10x10.d03.m3d
x076y026x085y035.201901.10x10.d03.m3d,2019,1,d03,702,76,26,85,35,53.82410049,-128.014801,53.94229889,-127.8511963,https://nrs.objectstore.gov.bc.ca/wrfdel/calpuff/3ddat/201901/d03/0702/x076y026x085y035.201901.10x10.d03.m3d
x076y036x085y045.201901.10x10.d03.m3d,2019,1,d03,703,76,36,85,45,53.94340134,-128.0355988,54.06159973,-127.8714981,https://nrs.objectstore.gov.bc.ca/wrfdel/calpuff/3ddat/201901/d03/0703/x076y036x085y045.201901.10x10.d03.m3d
x076y046x085y055.201901.10x10.d03.m3d,2019,1,d03,704,76,46,85,55,54.06259918,-128.0565033,54.18090057,-127.8919983,https://nrs.objectstore.gov.bc.ca/wrfdel/calpuff/3ddat/201901/d03/0704/x076y046x085y055.201901.10x10.d03.m3d
x076y056x085y065.201901.10x10.d03.m3d,2019,1,d03,705,76,56,85,65,54.18190002,-128.0776062,54.30020142,-127.9125977,https://nrs.objectstore.gov.bc.ca/wrfdel/calpuff/3ddat/201901/d03/0705/x076y056x085y065.201901.10x10.d03.m3d
x076y066x085y075.201901.10x10.d03.m3d,2019,1,d03,706,76,66,85,75,54.30120087,-128.0986938,54.41960144,-127.933403,https://nrs.objectstore.gov.bc.ca/wrfdel/calpuff/3ddat/201901/d03/0706/x076y066x085y075.201901.10x10.d03.m3d
x076y076x085y085.201901.10x10.d03.m3d,2019,1,d03,707,76,76,85,85,54.42039871,-128.1199951,54.53889847,-127.9542007,https://nrs.objectstore.gov.bc.ca/wrfdel/calpuff/3ddat/201901/d03/0707/x076y076x085y085.201901.10x10.d03.m3d
x076y086x085y095.201901.10x10.d03.m3d,2019,1,d03,708,76,86,85,95,54.53969955,-128.1414032,54.65819931,-127.9751968,https://nrs.objectstore.gov.bc.ca/wrfdel/calpuff/3ddat/201901/d03/0708/x076y086x085y095.201901.10x10.d03.m3d
x086y006x095y015.201901.10x10.d03.m3d,2019,1,d03,800,86,6,95,15,53.59749985,-127.7725983,53.7154007,-127.6091995,https://nrs.objectstore.gov.bc.ca/wrfdel/calpuff/3ddat/201901/d03/0800/x086y006x095y015.201901.10x10.d03.m3d
x086y016x095y025.201901.10x10.d03.m3d,2019,1,d03,801,86,16,95,25,53.71680069,-127.7926025,53.83480072,-127.6287003,https://nrs.objectstore.gov.bc.ca/wrfdel/calpuff/3ddat/201901/d03/0801/x086y016x095y025.201901.10x10.d03.m3d
x086y026x095y035.201901.10x10.d03.m3d,2019,1,d03,802,86,26,95,35,53.83610153,-127.8126984,53.95410156,-127.6483994,https://nrs.objectstore.gov.bc.ca/wrfdel/calpuff/3ddat/201901/d03/0802/x086y026x095y035.201901.10x10.d03.m3d
x086y036x095y045.201901.10x10.d03.m3d,2019,1,d03,803,86,36,95,45,53.95539856,-127.832901,54.07339859,-127.6681976,https://nrs.objectstore.gov.bc.ca/wrfdel/calpuff/3ddat/201901/d03/0803/x086y036x095y045.201901.10x10.d03.m3d
x086y046x095y055.201901.10x10.d03.m3d,2019,1,d03,804,86,46,95,55,54.07479858,-127.8532028,54.19279861,-127.6881027,https://nrs.objectstore.gov.bc.ca/wrfdel/calpuff/3ddat/201901/d03/0804/x086y046x095y055.201901.10x10.d03.m3d
x086y056x095y065.201901.10x10.d03.m3d,2019,1,d03,805,86,56,95,65,54.19409943,-127.873703,54.31209946,-127.7080994,https://nrs.objectstore.gov.bc.ca/wrfdel/calpuff/3ddat/201901/d03/0805/x086y056x095y065.201901.10x10.d03.m3d
x086y066x095y075.201901.10x10.d03.m3d,2019,1,d03,806,86,66,95,75,54.31340027,-127.8942032,54.43149948,-127.7282028,https://nrs.objectstore.gov.bc.ca/wrfdel/calpuff/3ddat/201901/d03/0806/x086y066x095y075.201901.10x10.d03.m3d
x086y076x095y085.201901.10x10.d03.m3d,2019,1,d03,807,86,76,95,85,54.43270111,-127.9149017,54.55080032,-127.748497,https://nrs.objectstore.gov.bc.ca/wrfdel/calpuff/3ddat/201901/d03/0807/x086y076x095y085.201901.10x10.d03.m3d
x086y086x095y095.201901.10x10.d03.m3d,2019,1,d03,808,86,86,95,95,54.55199814,-127.9356995,54.67020035,-127.768898,https://nrs.objectstore.gov.bc.ca/wrfdel/calpuff/3ddat/201901/d03/0808/x086y086x095y095.201901.10x10.d03.m3d
x006y006x015y015.201901.10x10.d04.m3d,2019,1,d04,0,6,6,15,15,53.37200165,-123.606102,53.48389816,-123.4319992,https://nrs.objectstore.gov.bc.ca/wrfdel/calpuff/3ddat/201901/d04/0000/x006y006x015y015.201901.10x10.d04.m3d
x006y016x015y025.201901.10x10.d04.m3d,2019,1,d04,1,6,16,15,25,53.4917984,-123.6138992,53.60369873,-123.4393997,https://nrs.objectstore.gov.bc.ca/wrfdel/calpuff/3ddat/201901/d04/0001/x006y016x015y025.201901.10x10.d04.m3d
x006y026x015y035.201901.10x10.d04.m3d,2019,1,d04,2,6,26,15,35,53.61159897,-123.6218033,53.7234993,-123.4468002,https://nrs.objectstore.gov.bc.ca/wrfdel/calpuff/3ddat/201901/d04/0002/x006y026x015y035.201901.10x10.d04.m3d
x006y036x015y045.201901.10x10.d04.m3d,2019,1,d04,3,6,36,15,45,53.73139954,-123.6297989,53.84329987,-123.4542007,https://nrs.objectstore.gov.bc.ca/wrfdel/calpuff/3ddat/201901/d04/0003/x006y036x015y045.201901.10x10.d04.m3d
x006y046x015y055.201901.10x10.d04.m3d,2019,1,d04,4,6,46,15,55,53.85110092,-123.6378021,53.96310043,-123.4617996,https://nrs.objectstore.gov.bc.ca/wrfdel/calpuff/3ddat/201901/d04/0004/x006y046x015y055.201901.10x10.d04.m3d
x006y056x015y065.201901.10x10.d04.m3d,2019,1,d04,5,6,56,15,65,53.97100067,-123.6458969,54.082901,-123.4692993,https://nrs.objectstore.gov.bc.ca/wrfdel/calpuff/3ddat/201901/d04/0005/x006y056x015y065.201901.10x10.d04.m3d
x006y066x015y075.201901.10x10.d04.m3d,2019,1,d04,6,6,66,15,75,54.09080124,-123.6539993,54.20280075,-123.4768982,https://nrs.objectstore.gov.bc.ca/wrfdel/calpuff/3ddat/201901/d04/0006/x006y066x015y075.201901.10x10.d04.m3d
x006y076x015y085.201901.10x10.d04.m3d,2019,1,d04,7,6,76,15,85,54.21060181,-123.6621017,54.32260132,-123.4845963,https://nrs.objectstore.gov.bc.ca/wrfdel/calpuff/3ddat/201901/d04/0007/x006y076x015y085.201901.10x10.d04.m3d
x006y086x015y095.201901.10x10.d04.m3d,2019,1,d04,8,6,86,15,95,54.33039856,-123.6703033,54.44240189,-123.4923019,https://nrs.objectstore.gov.bc.ca/wrfdel/calpuff/3ddat/201901/d04/0008/x006y086x015y095.201901.10x10.d04.m3d
x016y006x025y015.201901.10x10.d04.m3d,2019,1,d04,100,16,6,25,15,53.37649918,-123.4052963,53.48809814,-123.2305984,https://nrs.objectstore.gov.bc.ca/wrfdel/calpuff/3ddat/201901/d04/0100/x016y006x025y015.201901.10x10.d04.m3d
x016y016x025y025.201901.10x10.d04.m3d,2019,1,d04,101,16,16,25,25,53.49629974,-123.4125977,53.60789871,-123.2373962,https://nrs.objectstore.gov.bc.ca/wrfdel/calpuff/3ddat/201901/d04/0101/x016y016x025y025.201901.10x10.d04.m3d
x016y026x025y035.201901.10x10.d04.m3d,2019,1,d04,102,16,26,25,35,53.61610031,-123.419899,53.72769928,-123.2443008,https://nrs.objectstore.gov.bc.ca/wrfdel/calpuff/3ddat/201901/d04/0102/x016y026x025y035.201901.10x10.d04.m3d
x016y036x025y045.201901.10x10.d04.m3d,2019,1,d04,103,16,36,25,45,53.73590088,-123.4272995,53.84749985,-123.2511978,https://nrs.objectstore.gov.bc.ca/wrfdel/calpuff/3ddat/201901/d04/0103/x016y036x025y045.201901.10x10.d04.m3d
x016y046x025y055.201901.10x10.d04.m3d,2019,1,d04,104,16,46,25,55,53.85570145,-123.4347,53.9673996,-123.2581024,https://nrs.objectstore.gov.bc.ca/wrfdel/calpuff/3ddat/201901/d04/0104/x016y046x025y055.201901.10x10.d04.m3d
x016y056x025y065.201901.10x10.d04.m3d,2019,1,d04,105,16,56,25,65,53.9754982,-123.4421997,54.08720016,-123.2649994,https://nrs.objectstore.gov.bc.ca/wrfdel/calpuff/3ddat/201901/d04/0105/x016y056x025y065.201901.10x10.d04.m3d
x016y066x025y075.201901.10x10.d04.m3d,2019,1,d04,106,16,66,25,75,54.09540176,-123.4496994,54.20700073,-123.2720032,https://nrs.objectstore.gov.bc.ca/wrfdel/calpuff/3ddat/201901/d04/0106/x016y066x025y075.201901.10x10.d04.m3d
x016y076x025y085.201901.10x10.d04.m3d,2019,1,d04,107,16,76,25,85,54.21519852,-123.4571991,54.32690048,-123.2790985,https://nrs.objectstore.gov.bc.ca/wrfdel/calpuff/3ddat/201901/d04/0107/x016y076x025y085.201901.10x10.d04.m3d
x016y086x025y095.201901.10x10.d04.m3d,2019,1,d04,108,16,86,25,95,54.33499908,-123.464798,54.44670105,-123.2862015,https://nrs.objectstore.gov.bc.ca/wrfdel/calpuff/3ddat/201901/d04/0108/x016y086x025y095.201901.10x10.d04.m3d
x026y006x035y015.201901.10x10.d04.m3d,2019,1,d04,200,26,6,35,15,53.38059998,-123.2043991,53.4919014,-123.0291977,https://nrs.objectstore.gov.bc.ca/wrfdel/calpuff/3ddat/201901/d04/0200/x026y006x035y015.201901.10x10.d04.m3d
x026y016x035y025.201901.10x10.d04.m3d,2019,1,d04,201,26,16,35,25,53.50049973,-123.2111969,53.61180115,-123.0354996,https://nrs.objectstore.gov.bc.ca/wrfdel/calpuff/3ddat/201901/d04/0201/x026y016x035y025.201901.10x10.d04.m3d
x026y026x035y035.201901.10x10.d04.m3d,2019,1,d04,202,26,26,35,35,53.62030029,-123.2179031,53.73160172,-123.0417023,https://nrs.objectstore.gov.bc.ca/wrfdel/calpuff/3ddat/201901/d04/0202/x026y026x035y035.201901.10x10.d04.m3d
x026y036x035y045.201901.10x10.d04.m3d,2019,1,d04,203,26,36,35,45,53.74010086,-123.2247009,53.85139847,-123.0479965,https://nrs.objectstore.gov.bc.ca/wrfdel/calpuff/3ddat/201901/d04/0203/x026y036x035y045.201901.10x10.d04.m3d
x026y046x035y055.201901.10x10.d04.m3d,2019,1,d04,204,26,46,35,55,53.85990143,-123.2314987,53.97129822,-123.0543976,https://nrs.objectstore.gov.bc.ca/wrfdel/calpuff/3ddat/201901/d04/0204/x026y046x035y055.201901.10x10.d04.m3d
x026y056x035y065.201901.10x10.d04.m3d,2019,1,d04,205,26,56,35,65,53.97980118,-123.2384033,54.09109879,-123.0606995,https://nrs.objectstore.gov.bc.ca/wrfdel/calpuff/3ddat/201901/d04/0205/x026y056x035y065.201901.10x10.d04.m3d
x026y066x035y075.201901.10x10.d04.m3d,2019,1,d04,206,26,66,35,75,54.09960175,-123.2453003,54.21099854,-123.0671005,https://nrs.objectstore.gov.bc.ca/wrfdel/calpuff/3ddat/201901/d04/0206/x026y066x035y075.201901.10x10.d04.m3d
x026y076x035y085.201901.10x10.d04.m3d,2019,1,d04,207,26,76,35,85,54.2193985,-123.2522964,54.3307991,-123.0736008,https://nrs.objectstore.gov.bc.ca/wrfdel/calpuff/3ddat/201901/d04/0207/x026y076x035y085.201901.10x10.d04.m3d
x026y086x035y095.201901.10x10.d04.m3d,2019,1,d04,208,26,86,35,95,54.33929825,-123.259201,54.45069885,-123.0800018,https://nrs.objectstore.gov.bc.ca/wrfdel/calpuff/3ddat/201901/d04/0208/x026y086x035y095.201901.10x10.d04.m3d
x036y006x045y015.201901.10x10.d04.m3d,2019,1,d04,300,36,6,45,15,53.3844986,-123.0036011,53.49549866,-122.8277969,https://nrs.objectstore.gov.bc.ca/wrfdel/calpuff/3ddat/201901/d04/0300/x036y006x045y015.201901.10x10.d04.m3d
x036y016x045y025.201901.10x10.d04.m3d,2019,1,d04,301,36,16,45,25,53.50429916,-123.009697,53.61529922,-122.8335037,https://nrs.objectstore.gov.bc.ca/wrfdel/calpuff/3ddat/201901/d04/0301/x036y016x045y025.201901.10x10.d04.m3d
x036y026x045y035.201901.10x10.d04.m3d,2019,1,d04,302,36,26,45,35,53.62409973,-123.0158997,53.73509979,-122.8391037,https://nrs.objectstore.gov.bc.ca/wrfdel/calpuff/3ddat/201901/d04/0302/x036y026x045y035.201901.10x10.d04.m3d
x036y036x045y045.201901.10x10.d04.m3d,2019,1,d04,303,36,36,45,45,53.74399948,-123.0221024,53.85499954,-122.8448029,https://nrs.objectstore.gov.bc.ca/wrfdel/calpuff/3ddat/201901/d04/0303/x036y036x045y045.201901.10x10.d04.m3d
x036y046x045y055.201901.10x10.d04.m3d,2019,1,d04,304,36,46,45,55,53.86380005,-123.0282974,53.97480011,-122.8506012,https://nrs.objectstore.gov.bc.ca/wrfdel/calpuff/3ddat/201901/d04/0304/x036y046x045y055.201901.10x10.d04.m3d
x036y056x045y065.201901.10x10.d04.m3d,2019,1,d04,305,36,56,45,65,53.98360062,-123.0345993,54.09469986,-122.8563995,https://nrs.objectstore.gov.bc.ca/wrfdel/calpuff/3ddat/201901/d04/0305/x036y056x045y065.201901.10x10.d04.m3d
x036y066x045y075.201901.10x10.d04.m3d,2019,1,d04,306,36,66,45,75,54.10350037,-123.0409012,54.21459961,-122.8621979,https://nrs.objectstore.gov.bc.ca/wrfdel/calpuff/3ddat/201901/d04/0306/x036y066x045y075.201901.10x10.d04.m3d
x036y076x045y085.201901.10x10.d04.m3d,2019,1,d04,307,36,76,45,85,54.22330093,-123.0473022,54.33440018,-122.8679962,https://nrs.objectstore.gov.bc.ca/wrfdel/calpuff/3ddat/201901/d04/0307/x036y076x045y085.201901.10x10.d04.m3d
x036y086x045y095.201901.10x10.d04.m3d,2019,1,d04,308,36,86,45,95,54.34320068,-123.0535965,54.45429993,-122.8739014,https://nrs.objectstore.gov.bc.ca/wrfdel/calpuff/3ddat/201901/d04/0308/x036y086x045y095.201901.10x10.d04.m3d
x046y006x055y015.201901.10x10.d04.m3d,2019,1,d04,400,46,6,55,15,53.38800049,-122.8026962,53.49860001,-122.6264038,https://nrs.objectstore.gov.bc.ca/wrfdel/calpuff/3ddat/201901/d04/0400/x046y006x055y015.201901.10x10.d04.m3d
x046y016x055y025.201901.10x10.d04.m3d,2019,1,d04,401,46,16,55,25,53.50780106,-122.808197,53.61849976,-122.6314011,https://nrs.objectstore.gov.bc.ca/wrfdel/calpuff/3ddat/201901/d04/0401/x046y016x055y025.201901.10x10.d04.m3d
x046y026x055y035.201901.10x10.d04.m3d,2019,1,d04,402,46,26,55,35,53.62760162,-122.813797,53.73830032,-122.6364975,https://nrs.objectstore.gov.bc.ca/wrfdel/calpuff/3ddat/201901/d04/0402/x046y026x055y035.201901.10x10.d04.m3d
x046y036x055y045.201901.10x10.d04.m3d,2019,1,d04,403,46,36,55,45,53.74750137,-122.819397,53.85820007,-122.6416016,https://nrs.objectstore.gov.bc.ca/wrfdel/calpuff/3ddat/201901/d04/0403/x046y036x055y045.201901.10x10.d04.m3d
x046y046x055y055.201901.10x10.d04.m3d,2019,1,d04,404,46,46,55,55,53.86729813,-122.8251038,53.97809982,-122.6467972,https://nrs.objectstore.gov.bc.ca/wrfdel/calpuff/3ddat/201901/d04/0404/x046y046x055y055.201901.10x10.d04.m3d
x046y056x055y065.201901.10x10.d04.m3d,2019,1,d04,405,46,56,55,65,53.98720169,-122.8308029,54.09790039,-122.6520004,https://nrs.objectstore.gov.bc.ca/wrfdel/calpuff/3ddat/201901/d04/0405/x046y056x055y065.201901.10x10.d04.m3d
x046y066x055y075.201901.10x10.d04.m3d,2019,1,d04,406,46,66,55,75,54.10699844,-122.8365021,54.21780014,-122.6572037,https://nrs.objectstore.gov.bc.ca/wrfdel/calpuff/3ddat/201901/d04/0406/x046y066x055y075.201901.10x10.d04.m3d
x046y076x055y085.201901.10x10.d04.m3d,2019,1,d04,407,46,76,55,85,54.22689819,-122.8422012,54.33769989,-122.6623993,https://nrs.objectstore.gov.bc.ca/wrfdel/calpuff/3ddat/201901/d04/0407/x046y076x055y085.201901.10x10.d04.m3d
x046y086x055y095.201901.10x10.d04.m3d,2019,1,d04,408,46,86,55,95,54.34680176,-122.8479996,54.45750046,-122.6677017,https://nrs.objectstore.gov.bc.ca/wrfdel/calpuff/3ddat/201901/d04/0408/x046y086x055y095.201901.10x10.d04.m3d
x056y006x065y015.201901.10x10.d04.m3d,2019,1,d04,500,56,6,65,15,53.39110184,-122.601799,53.50149918,-122.4248962,https://nrs.objectstore.gov.bc.ca/wrfdel/calpuff/3ddat/201901/d04/0500/x056y006x065y015.201901.10x10.d04.m3d
x056y016x065y025.201901.10x10.d04.m3d,2019,1,d04,501,56,16,65,25,53.51089859,-122.6066971,53.62129974,-122.4293976,https://nrs.objectstore.gov.bc.ca/wrfdel/calpuff/3ddat/201901/d04/0501/x056y016x065y025.201901.10x10.d04.m3d
x056y026x065y035.201901.10x10.d04.m3d,2019,1,d04,502,56,26,65,35,53.63079834,-122.611702,53.74119949,-122.4338989,https://nrs.objectstore.gov.bc.ca/wrfdel/calpuff/3ddat/201901/d04/0502/x056y026x065y035.201901.10x10.d04.m3d
x056y036x065y045.201901.10x10.d04.m3d,2019,1,d04,503,56,36,65,45,53.75059891,-122.6167984,53.86100006,-122.4384003,https://nrs.objectstore.gov.bc.ca/wrfdel/calpuff/3ddat/201901/d04/0503/x056y036x065y045.201901.10x10.d04.m3d
x056y046x065y055.201901.10x10.d04.m3d,2019,1,d04,504,56,46,65,55,53.87049866,-122.6218033,53.98089981,-122.4429016,https://nrs.objectstore.gov.bc.ca/wrfdel/calpuff/3ddat/201901/d04/0504/x056y046x065y055.201901.10x10.d04.m3d
x056y056x065y065.201901.10x10.d04.m3d,2019,1,d04,505,56,56,65,65,53.99029922,-122.6268997,54.10079956,-122.4475021,https://nrs.objectstore.gov.bc.ca/wrfdel/calpuff/3ddat/201901/d04/0505/x056y056x065y065.201901.10x10.d04.m3d
x056y066x065y075.201901.10x10.d04.m3d,2019,1,d04,506,56,66,65,75,54.11019897,-122.6320038,54.22069931,-122.4521027,https://nrs.objectstore.gov.bc.ca/wrfdel/calpuff/3ddat/201901/d04/0506/x056y066x065y075.201901.10x10.d04.m3d
x056y076x065y085.201901.10x10.d04.m3d,2019,1,d04,507,56,76,65,85,54.23009872,-122.6371994,54.34059906,-122.4568024,https://nrs.objectstore.gov.bc.ca/wrfdel/calpuff/3ddat/201901/d04/0507/x056y076x065y085.201901.10x10.d04.m3d
x056y086x065y095.201901.10x10.d04.m3d,2019,1,d04,508,56,86,65,95,54.34999847,-122.6424026,54.46039963,-122.4614029,https://nrs.objectstore.gov.bc.ca/wrfdel/calpuff/3ddat/201901/d04/0508/x056y086x065y095.201901.10x10.d04.m3d
x066y006x075y015.201901.10x10.d04.m3d,2019,1,d04,600,66,6,75,15,53.39390182,-122.4008026,53.50389862,-122.2233963,https://nrs.objectstore.gov.bc.ca/wrfdel/calpuff/3ddat/201901/d04/0600/x066y006x075y015.201901.10x10.d04.m3d
x066y016x075y025.201901.10x10.d04.m3d,2019,1,d04,601,66,16,75,25,53.51369858,-122.4051971,53.62379837,-122.2273026,https://nrs.objectstore.gov.bc.ca/wrfdel/calpuff/3ddat/201901/d04/0601/x066y016x075y025.201901.10x10.d04.m3d
x066y026x075y035.201901.10x10.d04.m3d,2019,1,d04,602,66,26,75,35,53.63359833,-122.4095993,53.74369812,-122.2312012,https://nrs.objectstore.gov.bc.ca/wrfdel/calpuff/3ddat/201901/d04/0602/x066y026x075y035.201901.10x10.d04.m3d
x066y036x075y045.201901.10x10.d04.m3d,2019,1,d04,603,66,36,75,45,53.7533989,-122.4140015,53.86360168,-122.2350998,https://nrs.objectstore.gov.bc.ca/wrfdel/calpuff/3ddat/201901/d04/0603/x066y036x075y045.201901.10x10.d04.m3d
x066y046x075y055.201901.10x10.d04.m3d,2019,1,d04,604,66,46,75,55,53.87329865,-122.4185028,53.98339844,-122.2390976,https://nrs.objectstore.gov.bc.ca/wrfdel/calpuff/3ddat/201901/d04/0604/x066y046x075y055.201901.10x10.d04.m3d
x066y056x075y065.201901.10x10.d04.m3d,2019,1,d04,605,66,56,75,65,53.99319839,-122.4229965,54.10329819,-122.243103,https://nrs.objectstore.gov.bc.ca/wrfdel/calpuff/3ddat/201901/d04/0605/x066y056x075y065.201901.10x10.d04.m3d
x066y066x075y075.201901.10x10.d04.m3d,2019,1,d04,606,66,66,75,75,54.11299896,-122.4274979,54.22320175,-122.2471008,https://nrs.objectstore.gov.bc.ca/wrfdel/calpuff/3ddat/201901/d04/0606/x066y066x075y075.201901.10x10.d04.m3d
x066y076x075y085.201901.10x10.d04.m3d,2019,1,d04,607,66,76,75,85,54.23289871,-122.4320984,54.3431015,-122.2510986,https://nrs.objectstore.gov.bc.ca/wrfdel/calpuff/3ddat/201901/d04/0607/x066y076x075y085.201901.10x10.d04.m3d
x066y086x075y095.201901.10x10.d04.m3d,2019,1,d04,608,66,86,75,95,54.35279846,-122.4366989,54.46300125,-122.2552032,https://nrs.objectstore.gov.bc.ca/wrfdel/calpuff/3ddat/201901/d04/0608/x066y086x075y095.201901.10x10.d04.m3d
x076y006x085y015.201901.10x10.d04.m3d,2019,1,d04,700,76,6,85,15,53.39630127,-122.1997986,53.5060997,-122.0217972,https://nrs.objectstore.gov.bc.ca/wrfdel/calpuff/3ddat/201901/d04/0700/x076y006x085y015.201901.10x10.d04.m3d
x076y016x085y025.201901.10x10.d04.m3d,2019,1,d04,701,76,16,85,25,53.51620102,-122.203598,53.62599945,-122.0251999,https://nrs.objectstore.gov.bc.ca/wrfdel/calpuff/3ddat/201901/d04/0701/x076y016x085y025.201901.10x10.d04.m3d
x076y026x085y035.201901.10x10.d04.m3d,2019,1,d04,702,76,26,85,35,53.63600159,-122.2073975,53.74580002,-122.0285034,https://nrs.objectstore.gov.bc.ca/wrfdel/calpuff/3ddat/201901/d04/0702/x076y026x085y035.201901.10x10.d04.m3d
x076y036x085y045.201901.10x10.d04.m3d,2019,1,d04,703,76,36,85,45,53.75590134,-122.2113037,53.86569977,-122.0317993,https://nrs.objectstore.gov.bc.ca/wrfdel/calpuff/3ddat/201901/d04/0703/x076y036x085y045.201901.10x10.d04.m3d
x076y046x085y055.201901.10x10.d04.m3d,2019,1,d04,704,76,46,85,55,53.87580109,-122.2152023,53.98559952,-122.035202,https://nrs.objectstore.gov.bc.ca/wrfdel/calpuff/3ddat/201901/d04/0704/x076y046x085y055.201901.10x10.d04.m3d
x076y056x085y065.201901.10x10.d04.m3d,2019,1,d04,705,76,56,85,65,53.99560165,-122.219101,54.10549927,-122.0385971,https://nrs.objectstore.gov.bc.ca/wrfdel/calpuff/3ddat/201901/d04/0705/x076y056x085y065.201901.10x10.d04.m3d
x076y066x085y075.201901.10x10.d04.m3d,2019,1,d04,706,76,66,85,75,54.1155014,-122.2229996,54.22539902,-122.0419998,https://nrs.objectstore.gov.bc.ca/wrfdel/calpuff/3ddat/201901/d04/0706/x076y066x085y075.201901.10x10.d04.m3d
x076y076x085y085.201901.10x10.d04.m3d,2019,1,d04,707,76,76,85,85,54.23540115,-122.2269974,54.34529877,-122.0454025,https://nrs.objectstore.gov.bc.ca/wrfdel/calpuff/3ddat/201901/d04/0707/x076y076x085y085.201901.10x10.d04.m3d
x076y086x085y095.201901.10x10.d04.m3d,2019,1,d04,708,76,86,85,95,54.3553009,-122.2309036,54.46519852,-122.0488968,https://nrs.objectstore.gov.bc.ca/wrfdel/calpuff/3ddat/201901/d04/0708/x076y086x085y095.201901.10x10.d04.m3d
x086y006x095y015.201901.10x10.d04.m3d,2019,1,d04,800,86,6,95,15,53.39839935,-121.9988022,53.50790024,-121.8202972,https://nrs.objectstore.gov.bc.ca/wrfdel/calpuff/3ddat/201901/d04/0800/x086y006x095y015.201901.10x10.d04.m3d
x086y016x095y025.201901.10x10.d04.m3d,2019,1,d04,801,86,16,95,25,53.5182991,-122.0019989,53.62770081,-121.822998,https://nrs.objectstore.gov.bc.ca/wrfdel/calpuff/3ddat/201901/d04/0801/x086y016x095y025.201901.10x10.d04.m3d
x086y026x095y035.201901.10x10.d04.m3d,2019,1,d04,802,86,26,95,35,53.63809967,-122.0053024,53.74760056,-121.825798,https://nrs.objectstore.gov.bc.ca/wrfdel/calpuff/3ddat/201901/d04/0802/x086y026x095y035.201901.10x10.d04.m3d
x086y036x095y045.201901.10x10.d04.m3d,2019,1,d04,803,86,36,95,45,53.75799942,-122.0085983,53.86750031,-121.8284988,https://nrs.objectstore.gov.bc.ca/wrfdel/calpuff/3ddat/201901/d04/0803/x086y036x095y045.201901.10x10.d04.m3d
x086y046x095y055.201901.10x10.d04.m3d,2019,1,d04,804,86,46,95,55,53.87789917,-122.0118027,53.98740005,-121.8312988,https://nrs.objectstore.gov.bc.ca/wrfdel/calpuff/3ddat/201901/d04/0804/x086y046x095y055.201901.10x10.d04.m3d
x086y056x095y065.201901.10x10.d04.m3d,2019,1,d04,805,86,56,95,65,53.99779892,-122.0150986,54.1072998,-121.8340988,https://nrs.objectstore.gov.bc.ca/wrfdel/calpuff/3ddat/201901/d04/0805/x086y056x095y065.201901.10x10.d04.m3d
x086y066x095y075.201901.10x10.d04.m3d,2019,1,d04,806,86,66,95,75,54.11769867,-122.0185013,54.22719955,-121.8368988,https://nrs.objectstore.gov.bc.ca/wrfdel/calpuff/3ddat/201901/d04/0806/x086y066x095y075.201901.10x10.d04.m3d
x086y076x095y085.201901.10x10.d04.m3d,2019,1,d04,807,86,76,95,85,54.23759842,-122.0217972,54.3470993,-121.8396988,https://nrs.objectstore.gov.bc.ca/wrfdel/calpuff/3ddat/201901/d04/0807/x086y076x095y085.201901.10x10.d04.m3d
x086y086x095y095.201901.10x10.d04.m3d,2019,1,d04,808,86,86,95,95,54.35739899,-122.0251999,54.46699905,-121.842598,https://nrs.objectstore.gov.bc.ca/wrfdel/calpuff/3ddat/201901/d04/0808/x086y086x095y095.201901.10x10.d04.m3d
x006y006x015y015.201901.10x10.d05.m3d,2019,1,d05,0,6,6,15,15,48.82109833,-118.5551987,48.92459869,-118.3863983,https://nrs.objectstore.gov.bc.ca/wrfdel/calpuff/3ddat/201901/d05/0000/x006y006x015y015.201901.10x10.d05.m3d
x006y016x015y025.201901.10x10.d05.m3d,2019,1,d05,1,6,16,15,25,48.94029999,-118.5491028,49.04380035,-118.3799973,https://nrs.objectstore.gov.bc.ca/wrfdel/calpuff/3ddat/201901/d05/0001/x006y016x015y025.201901.10x10.d05.m3d
x006y026x015y035.201901.10x10.d05.m3d,2019,1,d05,2,6,26,15,35,49.05950165,-118.5429993,49.1629982,-118.3733978,https://nrs.objectstore.gov.bc.ca/wrfdel/calpuff/3ddat/201901/d05/0002/x006y026x015y035.201901.10x10.d05.m3d
x006y036x015y045.201901.10x10.d05.m3d,2019,1,d05,3,6,36,15,45,49.17869949,-118.5369034,49.28229904,-118.3667984,https://nrs.objectstore.gov.bc.ca/wrfdel/calpuff/3ddat/201901/d05/0003/x006y036x015y045.201901.10x10.d05.m3d
x006y046x015y055.201901.10x10.d05.m3d,2019,1,d05,4,6,46,15,55,49.29790115,-118.5307999,49.4015007,-118.3602982,https://nrs.objectstore.gov.bc.ca/wrfdel/calpuff/3ddat/201901/d05/0004/x006y046x015y055.201901.10x10.d05.m3d
x006y056x015y065.201901.10x10.d05.m3d,2019,1,d05,5,6,56,15,65,49.41719818,-118.5245972,49.52080154,-118.3535995,https://nrs.objectstore.gov.bc.ca/wrfdel/calpuff/3ddat/201901/d05/0005/x006y056x015y065.201901.10x10.d05.m3d
x006y066x015y075.201901.10x10.d05.m3d,2019,1,d05,6,6,66,15,75,49.53649902,-118.5184021,49.64009857,-118.3470001,https://nrs.objectstore.gov.bc.ca/wrfdel/calpuff/3ddat/201901/d05/0006/x006y066x015y075.201901.10x10.d05.m3d
x006y076x015y085.201901.10x10.d05.m3d,2019,1,d05,7,6,76,15,85,49.65579987,-118.5121994,49.7594986,-118.3402023,https://nrs.objectstore.gov.bc.ca/wrfdel/calpuff/3ddat/201901/d05/0007/x006y076x015y085.201901.10x10.d05.m3d
x006y086x015y095.201901.10x10.d05.m3d,2019,1,d05,8,6,86,15,95,49.77519989,-118.5058975,49.87879944,-118.3335037,https://nrs.objectstore.gov.bc.ca/wrfdel/calpuff/3ddat/201901/d05/0008/x006y086x015y095.201901.10x10.d05.m3d
x016y006x025y015.201901.10x10.d05.m3d,2019,1,d05,100,16,6,25,15,48.81700134,-118.3741989,48.92020035,-118.205101,https://nrs.objectstore.gov.bc.ca/wrfdel/calpuff/3ddat/201901/d05/0100/x016y006x025y015.201901.10x10.d05.m3d
x016y016x025y025.201901.10x10.d05.m3d,2019,1,d05,101,16,16,25,25,48.93610001,-118.3676987,49.03939819,-118.1980972,https://nrs.objectstore.gov.bc.ca/wrfdel/calpuff/3ddat/201901/d05/0101/x016y016x025y025.201901.10x10.d05.m3d
x016y026x025y035.201901.10x10.d05.m3d,2019,1,d05,102,16,26,25,35,49.05530167,-118.3610992,49.15859985,-118.1911011,https://nrs.objectstore.gov.bc.ca/wrfdel/calpuff/3ddat/201901/d05/0102/x016y026x025y035.201901.10x10.d05.m3d
x016y036x025y045.201901.10x10.d05.m3d,2019,1,d05,103,16,36,25,45,49.17449951,-118.3544998,49.27780151,-118.1840973,https://nrs.objectstore.gov.bc.ca/wrfdel/calpuff/3ddat/201901/d05/0103/x016y036x025y045.201901.10x10.d05.m3d
x016y046x025y055.201901.10x10.d05.m3d,2019,1,d05,104,16,46,25,55,49.29380035,-118.3479004,49.39709854,-118.177002,https://nrs.objectstore.gov.bc.ca/wrfdel/calpuff/3ddat/201901/d05/0104/x016y046x025y055.201901.10x10.d05.m3d
x016y056x025y065.201901.10x10.d05.m3d,2019,1,d05,105,16,56,25,65,49.4129982,-118.341301,49.5163002,-118.169899,https://nrs.objectstore.gov.bc.ca/wrfdel/calpuff/3ddat/201901/d05/0105/x016y056x025y065.201901.10x10.d05.m3d
x016y066x025y075.201901.10x10.d05.m3d,2019,1,d05,106,16,66,25,75,49.53229904,-118.3346024,49.63560104,-118.1626968,https://nrs.objectstore.gov.bc.ca/wrfdel/calpuff/3ddat/201901/d05/0106/x016y066x025y075.201901.10x10.d05.m3d
x016y076x025y085.201901.10x10.d05.m3d,2019,1,d05,107,16,76,25,85,49.65159988,-118.3279037,49.75500107,-118.1556015,https://nrs.objectstore.gov.bc.ca/wrfdel/calpuff/3ddat/201901/d05/0107/x016y076x025y085.201901.10x10.d05.m3d
x016y086x025y095.201901.10x10.d05.m3d,2019,1,d05,108,16,86,25,95,49.77099991,-118.3210983,49.8742981,-118.1483002,https://nrs.objectstore.gov.bc.ca/wrfdel/calpuff/3ddat/201901/d05/0108/x016y086x025y095.201901.10x10.d05.m3d
x026y006x035y015.201901.10x10.d05.m3d,2019,1,d05,200,26,6,35,15,48.8125,-118.1931992,48.91550064,-118.0238037,https://nrs.objectstore.gov.bc.ca/wrfdel/calpuff/3ddat/201901/d05/0200/x026y006x035y015.201901.10x10.d05.m3d
x026y016x035y025.201901.10x10.d05.m3d,2019,1,d05,201,26,16,35,25,48.93170166,-118.186203,49.03469849,-118.0162964,https://nrs.objectstore.gov.bc.ca/wrfdel/calpuff/3ddat/201901/d05/0201/x026y016x035y025.201901.10x10.d05.m3d
x026y026x035y035.201901.10x10.d05.m3d,2019,1,d05,202,26,26,35,35,49.05089951,-118.1791992,49.15380096,-118.0087967,https://nrs.objectstore.gov.bc.ca/wrfdel/calpuff/3ddat/201901/d05/0202/x026y026x035y035.201901.10x10.d05.m3d
x026y036x035y045.201901.10x10.d05.m3d,2019,1,d05,203,26,36,35,45,49.17010117,-118.1722031,49.27310181,-118.001297,https://nrs.objectstore.gov.bc.ca/wrfdel/calpuff/3ddat/201901/d05/0203/x026y036x035y045.201901.10x10.d05.m3d
x026y046x035y055.201901.10x10.d05.m3d,2019,1,d05,204,26,46,35,55,49.28929901,-118.1651001,49.39229965,-117.9937973,https://nrs.objectstore.gov.bc.ca/wrfdel/calpuff/3ddat/201901/d05/0204/x026y046x035y055.201901.10x10.d05.m3d
x026y056x035y065.201901.10x10.d05.m3d,2019,1,d05,205,26,56,35,65,49.40850067,-118.1579971,49.51160049,-117.9861984,https://nrs.objectstore.gov.bc.ca/wrfdel/calpuff/3ddat/201901/d05/0205/x026y056x035y065.201901.10x10.d05.m3d
x026y066x035y075.201901.10x10.d05.m3d,2019,1,d05,206,26,66,35,75,49.52780151,-118.1508026,49.63079834,-117.9785995,https://nrs.objectstore.gov.bc.ca/wrfdel/calpuff/3ddat/201901/d05/0206/x026y066x035y075.201901.10x10.d05.m3d
x026y076x035y085.201901.10x10.d05.m3d,2019,1,d05,207,26,76,35,85,49.64709854,-118.1436005,49.75009918,-117.9708023,https://nrs.objectstore.gov.bc.ca/wrfdel/calpuff/3ddat/201901/d05/0207/x026y076x035y085.201901.10x10.d05.m3d
x026y086x035y095.201901.10x10.d05.m3d,2019,1,d05,208,26,86,35,95,49.76639938,-118.1363983,49.86949921,-117.9630966,https://nrs.objectstore.gov.bc.ca/wrfdel/calpuff/3ddat/201901/d05/0208/x026y086x035y095.201901.10x10.d05.m3d
x036y006x045y015.201901.10x10.d05.m3d,2019,1,d05,300,36,6,45,15,48.80780029,-118.0122986,48.91049957,-117.8424988,https://nrs.objectstore.gov.bc.ca/wrfdel/calpuff/3ddat/201901/d05/0300/x036y006x045y015.201901.10x10.d05.m3d
x036y016x045y025.201901.10x10.d05.m3d,2019,1,d05,301,36,16,45,25,48.92689896,-118.0048981,49.02959824,-117.8346024,https://nrs.objectstore.gov.bc.ca/wrfdel/calpuff/3ddat/201901/d05/0301/x036y016x045y025.201901.10x10.d05.m3d
x036y026x045y035.201901.10x10.d05.m3d,2019,1,d05,302,36,26,45,35,49.04610062,-117.9973984,49.1487999,-117.8265991,https://nrs.objectstore.gov.bc.ca/wrfdel/calpuff/3ddat/201901/d05/0302/x036y026x045y035.201901.10x10.d05.m3d
x036y036x045y045.201901.10x10.d05.m3d,2019,1,d05,303,36,36,45,45,49.16529846,-117.9898987,49.26800156,-117.8186035,https://nrs.objectstore.gov.bc.ca/wrfdel/calpuff/3ddat/201901/d05/0303/x036y036x045y045.201901.10x10.d05.m3d
x036y046x045y055.201901.10x10.d05.m3d,2019,1,d05,304,36,46,45,55,49.28450012,-117.9822998,49.3871994,-117.8106003,https://nrs.objectstore.gov.bc.ca/wrfdel/calpuff/3ddat/201901/d05/0304/x036y046x045y055.201901.10x10.d05.m3d
x036y056x045y065.201901.10x10.d05.m3d,2019,1,d05,305,36,56,45,65,49.40370178,-117.9747009,49.50640106,-117.8024979,https://nrs.objectstore.gov.bc.ca/wrfdel/calpuff/3ddat/201901/d05/0305/x036y056x045y065.201901.10x10.d05.m3d
x036y066x045y075.201901.10x10.d05.m3d,2019,1,d05,306,36,66,45,75,49.52299881,-117.9670029,49.6257019,-117.7944031,https://nrs.objectstore.gov.bc.ca/wrfdel/calpuff/3ddat/201901/d05/0306/x036y066x045y075.201901.10x10.d05.m3d
x036y076x045y085.201901.10x10.d05.m3d,2019,1,d05,307,36,76,45,85,49.64229965,-117.9593964,49.74499893,-117.7862015,https://nrs.objectstore.gov.bc.ca/wrfdel/calpuff/3ddat/201901/d05/0307/x036y076x045y085.201901.10x10.d05.m3d
x036y086x045y095.201901.10x10.d05.m3d,2019,1,d05,308,36,86,45,95,49.76160049,-117.9515991,49.86429977,-117.7779999,https://nrs.objectstore.gov.bc.ca/wrfdel/calpuff/3ddat/201901/d05/0308/x036y086x045y095.201901.10x10.d05.m3d
x046y006x055y015.201901.10x10.d05.m3d,2019,1,d05,400,46,6,55,15,48.80270004,-117.8314972,48.90510178,-117.6612015,https://nrs.objectstore.gov.bc.ca/wrfdel/calpuff/3ddat/201901/d05/0400/x046y006x055y015.201901.10x10.d05.m3d
x046y016x055y025.201901.10x10.d05.m3d,2019,1,d05,401,46,16,55,25,48.9219017,-117.8236008,49.02429962,-117.6528015,https://nrs.objectstore.gov.bc.ca/wrfdel/calpuff/3ddat/201901/d05/0401/x046y016x055y025.201901.10x10.d05.m3d
x046y026x055y035.201901.10x10.d05.m3d,2019,1,d05,402,46,26,55,35,49.04100037,-117.8155975,49.14339828,-117.6444016,https://nrs.objectstore.gov.bc.ca/wrfdel/calpuff/3ddat/201901/d05/0402/x046y026x055y035.201901.10x10.d05.m3d
x046y036x055y045.201901.10x10.d05.m3d,2019,1,d05,403,46,36,55,45,49.16019821,-117.8076019,49.26259995,-117.6360016,https://nrs.objectstore.gov.bc.ca/wrfdel/calpuff/3ddat/201901/d05/0403/x046y036x055y045.201901.10x10.d05.m3d
x046y046x055y055.201901.10x10.d05.m3d,2019,1,d05,404,46,46,55,55,49.27939987,-117.7994995,49.38180161,-117.6274033,https://nrs.objectstore.gov.bc.ca/wrfdel/calpuff/3ddat/201901/d05/0404/x046y046x055y055.201901.10x10.d05.m3d
x046y056x055y065.201901.10x10.d05.m3d,2019,1,d05,405,46,56,55,65,49.39860153,-117.7913971,49.50099945,-117.6188965,https://nrs.objectstore.gov.bc.ca/wrfdel/calpuff/3ddat/201901/d05/0405/x046y056x055y065.201901.10x10.d05.m3d
x046y066x055y075.201901.10x10.d05.m3d,2019,1,d05,406,46,66,55,75,49.51789856,-117.7833023,49.62030029,-117.6102982,https://nrs.objectstore.gov.bc.ca/wrfdel/calpuff/3ddat/201901/d05/0406/x046y066x055y075.201901.10x10.d05.m3d
x046y076x055y085.201901.10x10.d05.m3d,2019,1,d05,407,46,76,55,85,49.63710022,-117.7751999,49.73960114,-117.6016006,https://nrs.objectstore.gov.bc.ca/wrfdel/calpuff/3ddat/201901/d05/0407/x046y076x055y085.201901.10x10.d05.m3d
x046y086x055y095.201901.10x10.d05.m3d,2019,1,d05,408,46,86,55,95,49.75640106,-117.7668991,49.85889816,-117.5929031,https://nrs.objectstore.gov.bc.ca/wrfdel/calpuff/3ddat/201901/d05/0408/x046y086x055y095.201901.10x10.d05.m3d
x056y006x065y015.201901.10x10.d05.m3d,2019,1,d05,500,56,6,65,15,48.79740143,-117.6505966,48.8995018,-117.4800034,https://nrs.objectstore.gov.bc.ca/wrfdel/calpuff/3ddat/201901/d05/0500/x056y006x065y015.201901.10x10.d05.m3d
x056y016x065y025.201901.10x10.d05.m3d,2019,1,d05,501,56,16,65,25,48.91650009,-117.6423035,49.01860046,-117.471199,https://nrs.objectstore.gov.bc.ca/wrfdel/calpuff/3ddat/201901/d05/0501/x056y016x065y025.201901.10x10.d05.m3d
x056y026x065y035.201901.10x10.d05.m3d,2019,1,d05,502,56,26,65,35,49.03559875,-117.6337967,49.13769913,-117.4623032,https://nrs.objectstore.gov.bc.ca/wrfdel/calpuff/3ddat/201901/d05/0502/x056y026x065y035.201901.10x10.d05.m3d
x056y036x065y045.201901.10x10.d05.m3d,2019,1,d05,503,56,36,65,45,49.15480042,-117.6253967,49.25690079,-117.4533005,https://nrs.objectstore.gov.bc.ca/wrfdel/calpuff/3ddat/201901/d05/0503/x056y036x065y045.201901.10x10.d05.m3d
x056y046x065y055.201901.10x10.d05.m3d,2019,1,d05,504,56,46,65,55,49.27399826,-117.6167984,49.37609863,-117.4442978,https://nrs.objectstore.gov.bc.ca/wrfdel/calpuff/3ddat/201901/d05/0504/x056y046x065y055.201901.10x10.d05.m3d
x056y056x065y065.201901.10x10.d05.m3d,2019,1,d05,505,56,56,65,65,49.39319992,-117.6082993,49.49530029,-117.4353027,https://nrs.objectstore.gov.bc.ca/wrfdel/calpuff/3ddat/201901/d05/0505/x056y056x065y065.201901.10x10.d05.m3d
x056y066x065y075.201901.10x10.d05.m3d,2019,1,d05,506,56,66,65,75,49.51240158,-117.5996017,49.61449814,-117.4262009,https://nrs.objectstore.gov.bc.ca/wrfdel/calpuff/3ddat/201901/d05/0506/x056y066x065y075.201901.10x10.d05.m3d
x056y076x065y085.201901.10x10.d05.m3d,2019,1,d05,507,56,76,65,85,49.63169861,-117.5910034,49.73379898,-117.417099,https://nrs.objectstore.gov.bc.ca/wrfdel/calpuff/3ddat/201901/d05/0507/x056y076x065y085.201901.10x10.d05.m3d
x056y086x065y095.201901.10x10.d05.m3d,2019,1,d05,508,56,86,65,95,49.75090027,-117.5822983,49.85309982,-117.4078979,https://nrs.objectstore.gov.bc.ca/wrfdel/calpuff/3ddat/201901/d05/0508/x056y086x065y095.201901.10x10.d05.m3d
x066y006x075y015.201901.10x10.d05.m3d,2019,1,d05,600,66,6,75,15,48.79169846,-117.469902,48.89350128,-117.2988968,https://nrs.objectstore.gov.bc.ca/wrfdel/calpuff/3ddat/201901/d05/0600/x066y006x075y015.201901.10x10.d05.m3d
x066y016x075y025.201901.10x10.d05.m3d,2019,1,d05,601,66,16,75,25,48.91080093,-117.4609985,49.01259995,-117.2894974,https://nrs.objectstore.gov.bc.ca/wrfdel/calpuff/3ddat/201901/d05/0601/x066y016x075y025.201901.10x10.d05.m3d
x066y026x075y035.201901.10x10.d05.m3d,2019,1,d05,602,66,26,75,35,49.0298996,-117.4521027,49.13169861,-117.2801971,https://nrs.objectstore.gov.bc.ca/wrfdel/calpuff/3ddat/201901/d05/0602/x066y026x075y035.201901.10x10.d05.m3d
x066y036x075y045.201901.10x10.d05.m3d,2019,1,d05,603,66,36,75,45,49.14910126,-117.4431992,49.25090027,-117.2707977,https://nrs.objectstore.gov.bc.ca/wrfdel/calpuff/3ddat/201901/d05/0603/x066y036x075y045.201901.10x10.d05.m3d
x066y046x075y055.201901.10x10.d05.m3d,2019,1,d05,604,66,46,75,55,49.26819992,-117.4341965,49.37009811,-117.2612991,https://nrs.objectstore.gov.bc.ca/wrfdel/calpuff/3ddat/201901/d05/0604/x066y046x075y055.201901.10x10.d05.m3d
x066y056x075y065.201901.10x10.d05.m3d,2019,1,d05,605,66,56,75,65,49.38740158,-117.4251022,49.48929977,-117.2518005,https://nrs.objectstore.gov.bc.ca/wrfdel/calpuff/3ddat/201901/d05/0605/x066y056x075y065.201901.10x10.d05.m3d
x066y066x075y075.201901.10x10.d05.m3d,2019,1,d05,606,66,66,75,75,49.50659943,-117.4160004,49.60850143,-117.2422028,https://nrs.objectstore.gov.bc.ca/wrfdel/calpuff/3ddat/201901/d05/0606/x066y066x075y075.201901.10x10.d05.m3d
x066y076x075y085.201901.10x10.d05.m3d,2019,1,d05,607,66,76,75,85,49.62590027,-117.4068985,49.72769928,-117.2325974,https://nrs.objectstore.gov.bc.ca/wrfdel/calpuff/3ddat/201901/d05/0607/x066y076x075y085.201901.10x10.d05.m3d
x066y086x075y095.201901.10x10.d05.m3d,2019,1,d05,608,66,86,75,95,49.74509811,-117.3976974,49.84700012,-117.2229004,https://nrs.objectstore.gov.bc.ca/wrfdel/calpuff/3ddat/201901/d05/0608/x066y086x075y095.201901.10x10.d05.m3d
x076y006x085y015.201901.10x10.d05.m3d,2019,1,d05,700,76,6,85,15,48.78570175,-117.2891006,48.88729858,-117.1176987,https://nrs.objectstore.gov.bc.ca/wrfdel/calpuff/3ddat/201901/d05/0700/x076y006x085y015.201901.10x10.d05.m3d
x076y016x085y025.201901.10x10.d05.m3d,2019,1,d05,701,76,16,85,25,48.90480042,-117.2798004,49.00630188,-117.1080017,https://nrs.objectstore.gov.bc.ca/wrfdel/calpuff/3ddat/201901/d05/0701/x076y016x085y025.201901.10x10.d05.m3d
x076y026x085y035.201901.10x10.d05.m3d,2019,1,d05,702,76,26,85,35,49.02389908,-117.270401,49.12540054,-117.0980988,https://nrs.objectstore.gov.bc.ca/wrfdel/calpuff/3ddat/201901/d05/0702/x076y026x085y035.201901.10x10.d05.m3d
x076y036x085y045.201901.10x10.d05.m3d,2019,1,d05,703,76,36,85,45,49.14300156,-117.2610016,49.24459839,-117.0882034,https://nrs.objectstore.gov.bc.ca/wrfdel/calpuff/3ddat/201901/d05/0703/x076y036x085y045.201901.10x10.d05.m3d
x076y046x085y055.201901.10x10.d05.m3d,2019,1,d05,704,76,46,85,55,49.2621994,-117.251503,49.36370087,-117.0783005,https://nrs.objectstore.gov.bc.ca/wrfdel/calpuff/3ddat/201901/d05/0704/x076y046x085y055.201901.10x10.d05.m3d
x076y056x085y065.201901.10x10.d05.m3d,2019,1,d05,705,76,56,85,65,49.38140106,-117.2419968,49.48289871,-117.0682983,https://nrs.objectstore.gov.bc.ca/wrfdel/calpuff/3ddat/201901/d05/0705/x076y056x085y065.201901.10x10.d05.m3d
x076y066x085y075.201901.10x10.d05.m3d,2019,1,d05,706,76,66,85,75,49.50059891,-117.232399,49.60210037,-117.058197,https://nrs.objectstore.gov.bc.ca/wrfdel/calpuff/3ddat/201901/d05/0706/x076y066x085y075.201901.10x10.d05.m3d
x076y076x085y085.201901.10x10.d05.m3d,2019,1,d05,707,76,76,85,85,49.61980057,-117.2228012,49.72129822,-117.0481033,https://nrs.objectstore.gov.bc.ca/wrfdel/calpuff/3ddat/201901/d05/0707/x076y076x085y085.201901.10x10.d05.m3d
x076y086x085y095.201901.10x10.d05.m3d,2019,1,d05,708,76,86,85,95,49.73899841,-117.2132034,49.84059906,-117.038002,https://nrs.objectstore.gov.bc.ca/wrfdel/calpuff/3ddat/201901/d05/0708/x076y086x085y095.201901.10x10.d05.m3d
x086y006x095y015.201901.10x10.d05.m3d,2019,1,d05,800,86,6,95,15,48.77949905,-117.1084976,48.88069916,-116.9366989,https://nrs.objectstore.gov.bc.ca/wrfdel/calpuff/3ddat/201901/d05/0800/x086y006x095y015.201901.10x10.d05.m3d
x086y016x095y025.201901.10x10.d05.m3d,2019,1,d05,801,86,16,95,25,48.89849854,-117.0987015,48.99969864,-116.9263992,https://nrs.objectstore.gov.bc.ca/wrfdel/calpuff/3ddat/201901/d05/0801/x086y016x095y025.201901.10x10.d05.m3d
x086y026x095y035.201901.10x10.d05.m3d,2019,1,d05,802,86,26,95,35,49.01760101,-117.0887985,49.11880112,-116.9160995,https://nrs.objectstore.gov.bc.ca/wrfdel/calpuff/3ddat/201901/d05/0802/x086y026x095y035.201901.10x10.d05.m3d
x086y036x095y045.201901.10x10.d05.m3d,2019,1,d05,803,86,36,95,45,49.13669968,-117.0789032,49.23799896,-116.9057999,https://nrs.objectstore.gov.bc.ca/wrfdel/calpuff/3ddat/201901/d05/0803/x086y036x095y045.201901.10x10.d05.m3d
x086y046x095y055.201901.10x10.d05.m3d,2019,1,d05,804,86,46,95,55,49.25579834,-117.0690002,49.35710144,-116.8953018,https://nrs.objectstore.gov.bc.ca/wrfdel/calpuff/3ddat/201901/d05/0804/x086y046x095y055.201901.10x10.d05.m3d
x086y056x095y065.201901.10x10.d05.m3d,2019,1,d05,805,86,56,95,65,49.375,-117.0589981,49.4762001,-116.8848038,https://nrs.objectstore.gov.bc.ca/wrfdel/calpuff/3ddat/201901/d05/0805/x086y056x095y065.201901.10x10.d05.m3d
x086y066x095y075.201901.10x10.d05.m3d,2019,1,d05,806,86,66,95,75,49.49420166,-117.0488968,49.59540176,-116.8742981,https://nrs.objectstore.gov.bc.ca/wrfdel/calpuff/3ddat/201901/d05/0806/x086y066x095y075.201901.10x10.d05.m3d
x086y076x095y085.201901.10x10.d05.m3d,2019,1,d05,807,86,76,95,85,49.61339951,-117.0388031,49.71459961,-116.8637009,https://nrs.objectstore.gov.bc.ca/wrfdel/calpuff/3ddat/201901/d05/0807/x086y076x095y085.201901.10x10.d05.m3d
x086y086x095y095.201901.10x10.d05.m3d,2019,1,d05,808,86,86,95,95,49.73260117,-117.0286026,49.83380127,-116.8531036,https://nrs.objectstore.gov.bc.ca/wrfdel/calpuff/3ddat/201901/d05/0808/x086y086x095y095.201901.10x10.d05.m3d
x001y001x010y010.201901.10x10.d06.m3d,2019,1,d06,0,1,1,10,10,48.78519821,-123.6969986,48.89670181,-123.5404968,https://nrs.objectstore.gov.bc.ca/wrfdel/calpuff/3ddat/201901/d06/0000/x001y001x010y010.201901.10x10.d06.m3d
x001y011x010y020.201901.10x10.d06.m3d,2019,1,d06,1,1,11,10,20,48.90439987,-123.7043991,49.01580048,-123.5474014,https://nrs.objectstore.gov.bc.ca/wrfdel/calpuff/3ddat/201901/d06/0001/x001y011x010y020.201901.10x10.d06.m3d
x001y021x010y030.201901.10x10.d06.m3d,2019,1,d06,2,1,21,10,30,49.02349854,-123.7117004,49.13499832,-123.5543976,https://nrs.objectstore.gov.bc.ca/wrfdel/calpuff/3ddat/201901/d06/0002/x001y021x010y030.201901.10x10.d06.m3d
x001y031x010y040.201901.10x10.d06.m3d,2019,1,d06,3,1,31,10,40,49.1427002,-123.719101,49.25429916,-123.5614014,https://nrs.objectstore.gov.bc.ca/wrfdel/calpuff/3ddat/201901/d06/0003/x001y031x010y040.201901.10x10.d06.m3d
x001y041x010y050.201901.10x10.d06.m3d,2019,1,d06,4,1,41,10,50,49.26190186,-123.7265015,49.37350082,-123.5683975,https://nrs.objectstore.gov.bc.ca/wrfdel/calpuff/3ddat/201901/d06/0004/x001y041x010y050.201901.10x10.d06.m3d
x001y051x010y060.201901.10x10.d06.m3d,2019,1,d06,5,1,51,10,60,49.38119888,-123.7340012,49.49280167,-123.5755005,https://nrs.objectstore.gov.bc.ca/wrfdel/calpuff/3ddat/201901/d06/0005/x001y051x010y060.201901.10x10.d06.m3d
x001y061x010y070.201901.10x10.d06.m3d,2019,1,d06,6,1,61,10,70,49.50040054,-123.7415009,49.61209869,-123.5826035,https://nrs.objectstore.gov.bc.ca/wrfdel/calpuff/3ddat/201901/d06/0006/x001y061x010y070.201901.10x10.d06.m3d
x001y071x010y080.201901.10x10.d06.m3d,2019,1,d06,7,1,71,10,80,49.61970139,-123.7490997,49.73139954,-123.589798,https://nrs.objectstore.gov.bc.ca/wrfdel/calpuff/3ddat/201901/d06/0007/x001y071x010y080.201901.10x10.d06.m3d
x001y081x010y090.201901.10x10.d06.m3d,2019,1,d06,8,1,81,10,90,49.73899841,-123.7566986,49.85070038,-123.5970001,https://nrs.objectstore.gov.bc.ca/wrfdel/calpuff/3ddat/201901/d06/0008/x001y081x010y090.201901.10x10.d06.m3d
x001y091x010y100.201901.10x10.d06.m3d,2019,1,d06,9,1,91,10,100,49.85829926,-123.7642975,49.9701004,-123.6042023,https://nrs.objectstore.gov.bc.ca/wrfdel/calpuff/3ddat/201901/d06/0009/x001y091x010y100.201901.10x10.d06.m3d
x001y101x010y102.201901.10x10.d06.m3d,2019,1,d06,10,1,101,10,102,49.97769928,-123.7720032,49.9939003,-123.6055984,https://nrs.objectstore.gov.bc.ca/wrfdel/calpuff/3ddat/201901/d06/0010/x001y101x010y102.201901.10x10.d06.m3d
x011y001x020y010.201901.10x10.d06.m3d,2019,1,d06,100,11,1,20,10,48.78990173,-123.5161972,48.90110016,-123.3591995,https://nrs.objectstore.gov.bc.ca/wrfdel/calpuff/3ddat/201901/d06/0100/x011y001x020y010.201901.10x10.d06.m3d
x011y011x020y020.201901.10x10.d06.m3d,2019,1,d06,101,11,11,20,20,48.9090004,-123.5230026,49.02030182,-123.3656998,https://nrs.objectstore.gov.bc.ca/wrfdel/calpuff/3ddat/201901/d06/0101/x011y011x020y020.201901.10x10.d06.m3d
x011y021x020y030.201901.10x10.d06.m3d,2019,1,d06,102,11,21,20,30,49.02819824,-123.5298996,49.13949966,-123.3722,https://nrs.objectstore.gov.bc.ca/wrfdel/calpuff/3ddat/201901/d06/0102/x011y021x020y030.201901.10x10.d06.m3d
x011y031x020y040.201901.10x10.d06.m3d,2019,1,d06,103,11,31,20,40,49.1473999,-123.5369034,49.25870132,-123.3787003,https://nrs.objectstore.gov.bc.ca/wrfdel/calpuff/3ddat/201901/d06/0103/x011y031x020y040.201901.10x10.d06.m3d
x011y041x020y050.201901.10x10.d06.m3d,2019,1,d06,104,11,41,20,50,49.26660156,-123.5438004,49.37789917,-123.3852997,https://nrs.objectstore.gov.bc.ca/wrfdel/calpuff/3ddat/201901/d06/0104/x011y041x020y050.201901.10x10.d06.m3d
x011y051x020y060.201901.10x10.d06.m3d,2019,1,d06,105,11,51,20,60,49.38589859,-123.5507965,49.49720001,-123.3918991,https://nrs.objectstore.gov.bc.ca/wrfdel/calpuff/3ddat/201901/d06/0105/x011y051x020y060.201901.10x10.d06.m3d
x011y061x020y070.201901.10x10.d06.m3d,2019,1,d06,106,11,61,20,70,49.50519943,-123.5578995,49.61650085,-123.3984985,https://nrs.objectstore.gov.bc.ca/wrfdel/calpuff/3ddat/201901/d06/0106/x011y061x020y070.201901.10x10.d06.m3d
x011y071x020y080.201901.10x10.d06.m3d,2019,1,d06,107,11,71,20,80,49.62440109,-123.5649033,49.7358017,-123.4051971,https://nrs.objectstore.gov.bc.ca/wrfdel/calpuff/3ddat/201901/d06/0107/x011y071x020y080.201901.10x10.d06.m3d
x011y081x020y090.201901.10x10.d06.m3d,2019,1,d06,108,11,81,20,90,49.74380112,-123.5719986,49.85520172,-123.4119034,https://nrs.objectstore.gov.bc.ca/wrfdel/calpuff/3ddat/201901/d06/0108/x011y081x020y090.201901.10x10.d06.m3d
x011y091x020y100.201901.10x10.d06.m3d,2019,1,d06,109,11,91,20,100,49.86309814,-123.5792007,49.97460175,-123.418602,https://nrs.objectstore.gov.bc.ca/wrfdel/calpuff/3ddat/201901/d06/0109/x011y091x020y100.201901.10x10.d06.m3d
x011y101x020y102.201901.10x10.d06.m3d,2019,1,d06,110,11,101,20,102,49.98249817,-123.5864029,49.99840164,-123.4199982,https://nrs.objectstore.gov.bc.ca/wrfdel/calpuff/3ddat/201901/d06/0110/x011y101x020y102.201901.10x10.d06.m3d
x021y001x030y010.201901.10x10.d06.m3d,2019,1,d06,200,21,1,30,10,48.7942009,-123.3354034,48.90510178,-123.1779022,https://nrs.objectstore.gov.bc.ca/wrfdel/calpuff/3ddat/201901/d06/0200/x021y001x030y010.201901.10x10.d06.m3d
x021y011x030y020.201901.10x10.d06.m3d,2019,1,d06,201,21,11,30,20,48.91339874,-123.3416977,49.02429962,-123.1838989,https://nrs.objectstore.gov.bc.ca/wrfdel/calpuff/3ddat/201901/d06/0201/x021y011x030y020.201901.10x10.d06.m3d
x021y021x030y030.201901.10x10.d06.m3d,2019,1,d06,202,21,21,30,30,49.0326004,-123.3481979,49.14360046,-123.1899033,https://nrs.objectstore.gov.bc.ca/wrfdel/calpuff/3ddat/201901/d06/0202/x021y021x030y030.201901.10x10.d06.m3d
x021y031x030y040.201901.10x10.d06.m3d,2019,1,d06,203,21,31,30,40,49.15179825,-123.354599,49.26279831,-123.1959991,https://nrs.objectstore.gov.bc.ca/wrfdel/calpuff/3ddat/201901/d06/0203/x021y031x030y040.201901.10x10.d06.m3d
x021y041x030y050.201901.10x10.d06.m3d,2019,1,d06,204,21,41,30,50,49.27099991,-123.3610992,49.38209915,-123.2021027,https://nrs.objectstore.gov.bc.ca/wrfdel/calpuff/3ddat/201901/d06/0204/x021y041x030y050.201901.10x10.d06.m3d
x021y051x030y060.201901.10x10.d06.m3d,2019,1,d06,205,21,51,30,60,49.39030075,-123.3675995,49.50139999,-123.2081985,https://nrs.objectstore.gov.bc.ca/wrfdel/calpuff/3ddat/201901/d06/0205/x021y051x030y060.201901.10x10.d06.m3d
x021y061x030y070.201901.10x10.d06.m3d,2019,1,d06,206,21,61,30,70,49.50960159,-123.3741989,49.62070084,-123.2143021,https://nrs.objectstore.gov.bc.ca/wrfdel/calpuff/3ddat/201901/d06/0206/x021y061x030y070.201901.10x10.d06.m3d
x021y071x030y080.201901.10x10.d06.m3d,2019,1,d06,207,21,71,30,80,49.62889862,-123.3806992,49.74000168,-123.2204971,https://nrs.objectstore.gov.bc.ca/wrfdel/calpuff/3ddat/201901/d06/0207/x021y071x030y080.201901.10x10.d06.m3d
x021y081x030y090.201901.10x10.d06.m3d,2019,1,d06,208,21,81,30,90,49.74819946,-123.3873978,49.8594017,-123.2266998,https://nrs.objectstore.gov.bc.ca/wrfdel/calpuff/3ddat/201901/d06/0208/x021y081x030y090.201901.10x10.d06.m3d
x021y091x030y100.201901.10x10.d06.m3d,2019,1,d06,209,21,91,30,100,49.86759949,-123.3939972,49.97880173,-123.2330017,https://nrs.objectstore.gov.bc.ca/wrfdel/calpuff/3ddat/201901/d06/0209/x021y091x030y100.201901.10x10.d06.m3d
x021y101x030y102.201901.10x10.d06.m3d,2019,1,d06,210,21,101,30,102,49.98690033,-123.4007034,50.00260162,-123.2341995,https://nrs.objectstore.gov.bc.ca/wrfdel/calpuff/3ddat/201901/d06/0210/x021y101x030y102.201901.10x10.d06.m3d
x031y001x040y010.201901.10x10.d06.m3d,2019,1,d06,300,31,1,40,10,48.7983017,-123.1545029,48.90890121,-122.9965973,https://nrs.objectstore.gov.bc.ca/wrfdel/calpuff/3ddat/201901/d06/0300/x031y001x040y010.201901.10x10.d06.m3d
x031y011x040y020.201901.10x10.d06.m3d,2019,1,d06,301,31,11,40,20,48.91740036,-123.1604004,49.02809906,-123.0020981,https://nrs.objectstore.gov.bc.ca/wrfdel/calpuff/3ddat/201901/d06/0301/x031y011x040y020.201901.10x10.d06.m3d
x031y021x040y030.201901.10x10.d06.m3d,2019,1,d06,302,31,21,40,30,49.03659821,-123.1662979,49.1473999,-123.0075989,https://nrs.objectstore.gov.bc.ca/wrfdel/calpuff/3ddat/201901/d06/0302/x031y021x040y030.201901.10x10.d06.m3d
x031y031x040y040.201901.10x10.d06.m3d,2019,1,d06,303,31,31,40,40,49.15589905,-123.1723022,49.26660156,-123.0131989,https://nrs.objectstore.gov.bc.ca/wrfdel/calpuff/3ddat/201901/d06/0303/x031y031x040y040.201901.10x10.d06.m3d
x031y041x040y050.201901.10x10.d06.m3d,2019,1,d06,304,31,41,40,50,49.27510071,-123.178299,49.38589859,-123.0187988,https://nrs.objectstore.gov.bc.ca/wrfdel/calpuff/3ddat/201901/d06/0304/x031y041x040y050.201901.10x10.d06.m3d
x031y051x040y060.201901.10x10.d06.m3d,2019,1,d06,305,31,51,40,60,49.39440155,-123.1843033,49.50519943,-123.024498,https://nrs.objectstore.gov.bc.ca/wrfdel/calpuff/3ddat/201901/d06/0305/x031y051x040y060.201901.10x10.d06.m3d
x031y061x040y070.201901.10x10.d06.m3d,2019,1,d06,306,31,61,40,70,49.51369858,-123.1903992,49.62450027,-123.030098,https://nrs.objectstore.gov.bc.ca/wrfdel/calpuff/3ddat/201901/d06/0306/x031y061x040y070.201901.10x10.d06.m3d
x031y071x040y080.201901.10x10.d06.m3d,2019,1,d06,307,31,71,40,80,49.63299942,-123.1965027,49.7439003,-123.0357971,https://nrs.objectstore.gov.bc.ca/wrfdel/calpuff/3ddat/201901/d06/0307/x031y071x040y080.201901.10x10.d06.m3d
x031y081x040y090.201901.10x10.d06.m3d,2019,1,d06,308,31,81,40,90,49.75230026,-123.2025986,49.86320114,-123.0414963,https://nrs.objectstore.gov.bc.ca/wrfdel/calpuff/3ddat/201901/d06/0308/x031y081x040y090.201901.10x10.d06.m3d
x031y091x040y100.201901.10x10.d06.m3d,2019,1,d06,309,31,91,40,100,49.87170029,-123.2088013,49.98260117,-123.0473022,https://nrs.objectstore.gov.bc.ca/wrfdel/calpuff/3ddat/201901/d06/0309/x031y091x040y100.201901.10x10.d06.m3d
x031y101x040y102.201901.10x10.d06.m3d,2019,1,d06,310,31,101,40,102,49.99110031,-123.2149963,50.00650024,-123.0484009,https://nrs.objectstore.gov.bc.ca/wrfdel/calpuff/3ddat/201901/d06/0310/x031y101x040y102.201901.10x10.d06.m3d
x041y001x050y010.201901.10x10.d06.m3d,2019,1,d06,400,41,1,50,10,48.80199814,-122.9735031,48.91239929,-122.8152008,https://nrs.objectstore.gov.bc.ca/wrfdel/calpuff/3ddat/201901/d06/0400/x041y001x050y010.201901.10x10.d06.m3d
x041y011x050y020.201901.10x10.d06.m3d,2019,1,d06,401,41,11,50,20,48.9211998,-122.9789963,49.03160095,-122.8201981,https://nrs.objectstore.gov.bc.ca/wrfdel/calpuff/3ddat/201901/d06/0401/x041y011x050y020.201901.10x10.d06.m3d
x041y021x050y030.201901.10x10.d06.m3d,2019,1,d06,402,41,21,50,30,49.04040146,-122.9844971,49.1507988,-122.8253021,https://nrs.objectstore.gov.bc.ca/wrfdel/calpuff/3ddat/201901/d06/0402/x041y021x050y030.201901.10x10.d06.m3d
x041y031x050y040.201901.10x10.d06.m3d,2019,1,d06,403,41,31,50,40,49.1595993,-122.9899979,49.27009964,-122.8303986,https://nrs.objectstore.gov.bc.ca/wrfdel/calpuff/3ddat/201901/d06/0403/x041y031x050y040.201901.10x10.d06.m3d
x041y041x050y050.201901.10x10.d06.m3d,2019,1,d06,404,41,41,50,50,49.27890015,-122.9954987,49.38940048,-122.8356018,https://nrs.objectstore.gov.bc.ca/wrfdel/calpuff/3ddat/201901/d06/0404/x041y041x050y050.201901.10x10.d06.m3d
x041y051x050y060.201901.10x10.d06.m3d,2019,1,d06,405,41,51,50,60,49.39820099,-123.0009995,49.50870132,-122.8406982,https://nrs.objectstore.gov.bc.ca/wrfdel/calpuff/3ddat/201901/d06/0405/x041y051x050y060.201901.10x10.d06.m3d
x041y061x050y070.201901.10x10.d06.m3d,2019,1,d06,406,41,61,50,70,49.51750183,-123.0065994,49.62799835,-122.8459015,https://nrs.objectstore.gov.bc.ca/wrfdel/calpuff/3ddat/201901/d06/0406/x041y061x050y070.201901.10x10.d06.m3d
x041y071x050y080.201901.10x10.d06.m3d,2019,1,d06,407,41,71,50,80,49.63679886,-123.0122986,49.74739838,-122.8510971,https://nrs.objectstore.gov.bc.ca/wrfdel/calpuff/3ddat/201901/d06/0407/x041y071x050y080.201901.10x10.d06.m3d
x041y081x050y090.201901.10x10.d06.m3d,2019,1,d06,408,41,81,50,90,49.75619888,-123.0178986,49.8667984,-122.8563004,https://nrs.objectstore.gov.bc.ca/wrfdel/calpuff/3ddat/201901/d06/0408/x041y081x050y090.201901.10x10.d06.m3d
x041y091x050y100.201901.10x10.d06.m3d,2019,1,d06,409,41,91,50,100,49.87549973,-123.0235977,49.98619843,-122.8616028,https://nrs.objectstore.gov.bc.ca/wrfdel/calpuff/3ddat/201901/d06/0409/x041y091x050y100.201901.10x10.d06.m3d
x041y101x050y102.201901.10x10.d06.m3d,2019,1,d06,410,41,101,50,102,49.99489975,-123.0292969,50.01010132,-122.8626022,https://nrs.objectstore.gov.bc.ca/wrfdel/calpuff/3ddat/201901/d06/0410/x041y101x050y102.201901.10x10.d06.m3d
x051y001x060y010.201901.10x10.d06.m3d,2019,1,d06,500,51,1,60,10,48.80540085,-122.7926025,48.91550064,-122.6337967,https://nrs.objectstore.gov.bc.ca/wrfdel/calpuff/3ddat/201901/d06/0500/x051y001x060y010.201901.10x10.d06.m3d
x051y011x060y020.201901.10x10.d06.m3d,2019,1,d06,501,51,11,60,20,48.92459869,-122.7975998,49.03480148,-122.6383972,https://nrs.objectstore.gov.bc.ca/wrfdel/calpuff/3ddat/201901/d06/0501/x051y011x060y020.201901.10x10.d06.m3d
x051y021x060y030.201901.10x10.d06.m3d,2019,1,d06,502,51,21,60,30,49.04380035,-122.802597,49.15399933,-122.6429977,https://nrs.objectstore.gov.bc.ca/wrfdel/calpuff/3ddat/201901/d06/0502/x051y021x060y030.201901.10x10.d06.m3d
x051y031x060y040.201901.10x10.d06.m3d,2019,1,d06,503,51,31,60,40,49.1631012,-122.8076019,49.27330017,-122.6475983,https://nrs.objectstore.gov.bc.ca/wrfdel/calpuff/3ddat/201901/d06/0503/x051y031x060y040.201901.10x10.d06.m3d
x051y041x060y050.201901.10x10.d06.m3d,2019,1,d06,504,51,41,60,50,49.28239822,-122.8125992,49.39260101,-122.6521988,https://nrs.objectstore.gov.bc.ca/wrfdel/calpuff/3ddat/201901/d06/0504/x051y041x060y050.201901.10x10.d06.m3d
x051y051x060y060.201901.10x10.d06.m3d,2019,1,d06,505,51,51,60,60,49.40159988,-122.8177032,49.51190186,-122.6568985,https://nrs.objectstore.gov.bc.ca/wrfdel/calpuff/3ddat/201901/d06/0505/x051y051x060y060.201901.10x10.d06.m3d
x051y061x060y070.201901.10x10.d06.m3d,2019,1,d06,506,51,61,60,70,49.52099991,-122.8227997,49.63119888,-122.6615982,https://nrs.objectstore.gov.bc.ca/wrfdel/calpuff/3ddat/201901/d06/0506/x051y061x060y070.201901.10x10.d06.m3d
x051y071x060y080.201901.10x10.d06.m3d,2019,1,d06,507,51,71,60,80,49.64030075,-122.8280029,49.75059891,-122.6663971,https://nrs.objectstore.gov.bc.ca/wrfdel/calpuff/3ddat/201901/d06/0507/x051y071x060y080.201901.10x10.d06.m3d
x051y081x060y090.201901.10x10.d06.m3d,2019,1,d06,508,51,81,60,90,49.75970078,-122.8330994,49.86999893,-122.6710968,https://nrs.objectstore.gov.bc.ca/wrfdel/calpuff/3ddat/201901/d06/0508/x051y081x060y090.201901.10x10.d06.m3d
x051y091x060y100.201901.10x10.d06.m3d,2019,1,d06,509,51,91,60,100,49.87900162,-122.8383026,49.98939896,-122.6759033,https://nrs.objectstore.gov.bc.ca/wrfdel/calpuff/3ddat/201901/d06/0509/x051y091x060y100.201901.10x10.d06.m3d
x051y101x060y102.201901.10x10.d06.m3d,2019,1,d06,510,51,101,60,102,49.99840164,-122.8434982,50.01330185,-122.6768036,https://nrs.objectstore.gov.bc.ca/wrfdel/calpuff/3ddat/201901/d06/0510/x051y101x060y102.201901.10x10.d06.m3d
x061y001x070y010.201901.10x10.d06.m3d,2019,1,d06,600,61,1,70,10,48.80849838,-122.6116028,48.91839981,-122.4524002,https://nrs.objectstore.gov.bc.ca/wrfdel/calpuff/3ddat/201901/d06/0600/x061y001x070y010.201901.10x10.d06.m3d
x061y011x070y020.201901.10x10.d06.m3d,2019,1,d06,601,61,11,70,20,48.92770004,-122.6160965,49.03760147,-122.4564972,https://nrs.objectstore.gov.bc.ca/wrfdel/calpuff/3ddat/201901/d06/0601/x061y011x070y020.201901.10x10.d06.m3d
x061y021x070y030.201901.10x10.d06.m3d,2019,1,d06,602,61,21,70,30,49.04700089,-122.620697,49.1568985,-122.4606018,https://nrs.objectstore.gov.bc.ca/wrfdel/calpuff/3ddat/201901/d06/0602/x061y021x070y030.201901.10x10.d06.m3d
x061y031x070y040.201901.10x10.d06.m3d,2019,1,d06,603,61,31,70,40,49.16619873,-122.6251984,49.27610016,-122.464798,https://nrs.objectstore.gov.bc.ca/wrfdel/calpuff/3ddat/201901/d06/0603/x061y031x070y040.201901.10x10.d06.m3d
x061y041x070y050.201901.10x10.d06.m3d,2019,1,d06,604,61,41,70,50,49.28549957,-122.6297989,49.395401,-122.4689026,https://nrs.objectstore.gov.bc.ca/wrfdel/calpuff/3ddat/201901/d06/0604/x061y041x070y050.201901.10x10.d06.m3d
x061y051x070y060.201901.10x10.d06.m3d,2019,1,d06,605,61,51,70,60,49.40480042,-122.6343994,49.51480103,-122.4730988,https://nrs.objectstore.gov.bc.ca/wrfdel/calpuff/3ddat/201901/d06/0605/x061y051x070y060.201901.10x10.d06.m3d
x061y061x070y070.201901.10x10.d06.m3d,2019,1,d06,606,61,61,70,70,49.52410126,-122.6389999,49.63410187,-122.4773026,https://nrs.objectstore.gov.bc.ca/wrfdel/calpuff/3ddat/201901/d06/0606/x061y061x070y070.201901.10x10.d06.m3d
x061y071x070y080.201901.10x10.d06.m3d,2019,1,d06,607,61,71,70,80,49.64350128,-122.6436996,49.75350189,-122.4815979,https://nrs.objectstore.gov.bc.ca/wrfdel/calpuff/3ddat/201901/d06/0607/x061y071x070y080.201901.10x10.d06.m3d
x061y081x070y090.201901.10x10.d06.m3d,2019,1,d06,608,61,81,70,90,49.76279831,-122.6483994,49.8728981,-122.4858017,https://nrs.objectstore.gov.bc.ca/wrfdel/calpuff/3ddat/201901/d06/0608/x061y081x070y090.201901.10x10.d06.m3d
x061y091x070y100.201901.10x10.d06.m3d,2019,1,d06,609,61,91,70,100,49.88219833,-122.6529999,49.99229813,-122.490097,https://nrs.objectstore.gov.bc.ca/wrfdel/calpuff/3ddat/201901/d06/0609/x061y091x070y100.201901.10x10.d06.m3d
x061y101x070y102.201901.10x10.d06.m3d,2019,1,d06,610,61,101,70,102,50.00170135,-122.6577988,50.01620102,-122.4909973,https://nrs.objectstore.gov.bc.ca/wrfdel/calpuff/3ddat/201901/d06/0610/x061y101x070y102.201901.10x10.d06.m3d
x071y001x080y010.201901.10x10.d06.m3d,2019,1,d06,700,71,1,80,10,48.81129837,-122.430603,48.92089844,-122.2710037,https://nrs.objectstore.gov.bc.ca/wrfdel/calpuff/3ddat/201901/d06/0700/x071y001x080y010.201901.10x10.d06.m3d
x071y011x080y020.201901.10x10.d06.m3d,2019,1,d06,701,71,11,80,20,48.93059921,-122.4347,49.0401001,-122.2745972,https://nrs.objectstore.gov.bc.ca/wrfdel/calpuff/3ddat/201901/d06/0701/x071y011x080y020.201901.10x10.d06.m3d
x071y021x080y030.201901.10x10.d06.m3d,2019,1,d06,702,71,21,80,30,49.04980087,-122.4386978,49.15940094,-122.2782974,https://nrs.objectstore.gov.bc.ca/wrfdel/calpuff/3ddat/201901/d06/0702/x071y021x080y030.201901.10x10.d06.m3d
x071y031x080y040.201901.10x10.d06.m3d,2019,1,d06,703,71,31,80,40,49.16910172,-122.4428024,49.27870178,-122.2818985,https://nrs.objectstore.gov.bc.ca/wrfdel/calpuff/3ddat/201901/d06/0703/x071y031x080y040.201901.10x10.d06.m3d
x071y041x080y050.201901.10x10.d06.m3d,2019,1,d06,704,71,41,80,50,49.28829956,-122.4468994,49.39799881,-122.2855988,https://nrs.objectstore.gov.bc.ca/wrfdel/calpuff/3ddat/201901/d06/0704/x071y041x080y050.201901.10x10.d06.m3d
x071y051x080y060.201901.10x10.d06.m3d,2019,1,d06,705,71,51,80,60,49.40769958,-122.4509964,49.51729965,-122.289299,https://nrs.objectstore.gov.bc.ca/wrfdel/calpuff/3ddat/201901/d06/0705/x071y051x080y060.201901.10x10.d06.m3d
x071y061x080y070.201901.10x10.d06.m3d,2019,1,d06,706,71,61,80,70,49.52700043,-122.4552002,49.63669968,-122.2929993,https://nrs.objectstore.gov.bc.ca/wrfdel/calpuff/3ddat/201901/d06/0706/x071y061x080y070.201901.10x10.d06.m3d
x071y071x080y080.201901.10x10.d06.m3d,2019,1,d06,707,71,71,80,80,49.64630127,-122.4592972,49.7560997,-122.2967987,https://nrs.objectstore.gov.bc.ca/wrfdel/calpuff/3ddat/201901/d06/0707/x071y071x080y080.201901.10x10.d06.m3d
x071y081x080y090.201901.10x10.d06.m3d,2019,1,d06,708,71,81,80,90,49.76570129,-122.463501,49.87549973,-122.300499,https://nrs.objectstore.gov.bc.ca/wrfdel/calpuff/3ddat/201901/d06/0708/x071y081x080y090.201901.10x10.d06.m3d
x071y091x080y100.201901.10x10.d06.m3d,2019,1,d06,709,71,91,80,100,49.88510132,-122.4676971,49.99489975,-122.3042984,https://nrs.objectstore.gov.bc.ca/wrfdel/calpuff/3ddat/201901/d06/0709/x071y091x080y100.201901.10x10.d06.m3d
x071y101x080y102.201901.10x10.d06.m3d,2019,1,d06,710,71,101,80,102,50.00450134,-122.4720001,50.01879883,-122.3050995,https://nrs.objectstore.gov.bc.ca/wrfdel/calpuff/3ddat/201901/d06/0710/x071y101x080y102.201901.10x10.d06.m3d
x081y001x090y010.201901.10x10.d06.m3d,2019,1,d06,800,81,1,90,10,48.81380081,-122.2496033,48.92309952,-122.0895004,https://nrs.objectstore.gov.bc.ca/wrfdel/calpuff/3ddat/201901/d06/0800/x081y001x090y010.201901.10x10.d06.m3d
x081y011x090y020.201901.10x10.d06.m3d,2019,1,d06,801,81,11,90,20,48.93310165,-122.2531967,49.04240036,-122.0926971,https://nrs.objectstore.gov.bc.ca/wrfdel/calpuff/3ddat/201901/d06/0801/x081y011x090y020.201901.10x10.d06.m3d
x081y021x090y030.201901.10x10.d06.m3d,2019,1,d06,802,81,21,90,30,49.0522995,-122.2567978,49.16159821,-122.0958023,https://nrs.objectstore.gov.bc.ca/wrfdel/calpuff/3ddat/201901/d06/0802/x081y021x090y030.201901.10x10.d06.m3d
x081y031x090y040.201901.10x10.d06.m3d,2019,1,d06,803,81,31,90,40,49.17160034,-122.2603989,49.28089905,-122.098999,https://nrs.objectstore.gov.bc.ca/wrfdel/calpuff/3ddat/201901/d06/0803/x081y031x090y040.201901.10x10.d06.m3d
x081y041x090y050.201901.10x10.d06.m3d,2019,1,d06,804,81,41,90,50,49.29090118,-122.2639999,49.40029907,-122.1022034,https://nrs.objectstore.gov.bc.ca/wrfdel/calpuff/3ddat/201901/d06/0804/x081y041x090y050.201901.10x10.d06.m3d
x081y051x090y060.201901.10x10.d06.m3d,2019,1,d06,805,81,51,90,60,49.41019821,-122.267601,49.51959991,-122.1054993,https://nrs.objectstore.gov.bc.ca/wrfdel/calpuff/3ddat/201901/d06/0805/x081y051x090y060.201901.10x10.d06.m3d
x081y061x090y070.201901.10x10.d06.m3d,2019,1,d06,806,81,61,90,70,49.52949905,-122.2713013,49.63899994,-122.1087036,https://nrs.objectstore.gov.bc.ca/wrfdel/calpuff/3ddat/201901/d06/0806/x081y061x090y070.201901.10x10.d06.m3d
x081y071x090y080.201901.10x10.d06.m3d,2019,1,d06,807,81,71,90,80,49.64889908,-122.2750015,49.75839996,-122.1119995,https://nrs.objectstore.gov.bc.ca/wrfdel/calpuff/3ddat/201901/d06/0807/x081y071x090y080.201901.10x10.d06.m3d
x081y081x090y090.201901.10x10.d06.m3d,2019,1,d06,808,81,81,90,90,49.7682991,-122.2786026,49.87779999,-122.1151962,https://nrs.objectstore.gov.bc.ca/wrfdel/calpuff/3ddat/201901/d06/0808/x081y081x090y090.201901.10x10.d06.m3d
x081y091x090y100.201901.10x10.d06.m3d,2019,1,d06,809,81,91,90,100,49.88769913,-122.282402,49.99720001,-122.1184998,https://nrs.objectstore.gov.bc.ca/wrfdel/calpuff/3ddat/201901/d06/0809/x081y091x090y100.201901.10x10.d06.m3d
x081y101x090y102.201901.10x10.d06.m3d,2019,1,d06,810,81,101,90,102,50.00709915,-122.2861023,50.02109909,-122.1192017,https://nrs.objectstore.gov.bc.ca/wrfdel/calpuff/3ddat/201901/d06/0810/x081y101x090y102.201901.10x10.d06.m3d
x091y001x100y010.201901.10x10.d06.m3d,2019,1,d06,900,91,1,100,10,48.81600189,-122.0686035,48.92499924,-121.9079971,https://nrs.objectstore.gov.bc.ca/wrfdel/calpuff/3ddat/201901/d06/0900/x091y001x100y010.201901.10x10.d06.m3d
x091y011x100y020.201901.10x10.d06.m3d,2019,1,d06,901,91,11,100,20,48.93529892,-122.071701,49.04430008,-121.9106979,https://nrs.objectstore.gov.bc.ca/wrfdel/calpuff/3ddat/201901/d06/0901/x091y011x100y020.201901.10x10.d06.m3d
x091y021x100y030.201901.10x10.d06.m3d,2019,1,d06,902,91,21,100,30,49.05450058,-122.0747986,49.16360092,-121.9133987,https://nrs.objectstore.gov.bc.ca/wrfdel/calpuff/3ddat/201901/d06/0902/x091y021x100y030.201901.10x10.d06.m3d
x091y031x100y040.201901.10x10.d06.m3d,2019,1,d06,903,91,31,100,40,49.17380142,-122.0779037,49.28290176,-121.9160995,https://nrs.objectstore.gov.bc.ca/wrfdel/calpuff/3ddat/201901/d06/0903/x091y031x100y040.201901.10x10.d06.m3d
x091y041x100y050.201901.10x10.d06.m3d,2019,1,d06,904,91,41,100,50,49.29309845,-122.0810013,49.40219879,-121.9188004,https://nrs.objectstore.gov.bc.ca/wrfdel/calpuff/3ddat/201901/d06/0904/x091y041x100y050.201901.10x10.d06.m3d
x091y051x100y060.201901.10x10.d06.m3d,2019,1,d06,905,91,51,100,60,49.41239929,-122.084198,49.52149963,-121.9216003,https://nrs.objectstore.gov.bc.ca/wrfdel/calpuff/3ddat/201901/d06/0905/x091y051x100y060.201901.10x10.d06.m3d
x091y061x100y070.201901.10x10.d06.m3d,2019,1,d06,906,91,61,100,70,49.53170013,-122.0874023,49.64089966,-121.9244003,https://nrs.objectstore.gov.bc.ca/wrfdel/calpuff/3ddat/201901/d06/0906/x091y061x100y070.201901.10x10.d06.m3d
x091y071x100y080.201901.10x10.d06.m3d,2019,1,d06,907,91,71,100,80,49.65110016,-122.0905991,49.76029968,-121.9271011,https://nrs.objectstore.gov.bc.ca/wrfdel/calpuff/3ddat/201901/d06/0907/x091y071x100y080.201901.10x10.d06.m3d
x091y081x100y090.201901.10x10.d06.m3d,2019,1,d06,908,91,81,100,90,49.77050018,-122.0938034,49.87969971,-121.9299011,https://nrs.objectstore.gov.bc.ca/wrfdel/calpuff/3ddat/201901/d06/0908/x091y081x100y090.201901.10x10.d06.m3d
x091y091x100y100.201901.10x10.d06.m3d,2019,1,d06,909,91,91,100,100,49.88990021,-122.0970001,49.99919891,-121.9327011,https://nrs.objectstore.gov.bc.ca/wrfdel/calpuff/3ddat/201901/d06/0909/x091y091x100y100.201901.10x10.d06.m3d
x091y101x100y102.201901.10x10.d06.m3d,2019,1,d06,910,91,101,100,102,50.00939941,-122.1003036,50.02310181,-121.9332962,https://nrs.objectstore.gov.bc.ca/wrfdel/calpuff/3ddat/201901/d06/0910/x091y101x100y102.201901.10x10.d06.m3d
x101y001x108y010.201901.10x10.d06.m3d,2019,1,d06,1000,101,1,108,10,48.81790161,-121.8874969,48.92630005,-121.7629013,https://nrs.objectstore.gov.bc.ca/wrfdel/calpuff/3ddat/201901/d06/1000/x101y001x108y010.201901.10x10.d06.m3d
x101y011x108y020.201901.10x10.d06.m3d,2019,1,d06,1001,101,11,108,20,48.93709946,-121.8901978,49.04560089,-121.7651978,https://nrs.objectstore.gov.bc.ca/wrfdel/calpuff/3ddat/201901/d06/1001/x101y011x108y020.201901.10x10.d06.m3d
x101y021x108y030.201901.10x10.d06.m3d,2019,1,d06,1002,101,21,108,30,49.0564003,-121.8927994,49.16490173,-121.7675018,https://nrs.objectstore.gov.bc.ca/wrfdel/calpuff/3ddat/201901/d06/1002/x101y021x108y030.201901.10x10.d06.m3d
x101y031x108y040.201901.10x10.d06.m3d,2019,1,d06,1003,101,31,108,40,49.17570114,-121.895401,49.28419876,-121.7697983,https://nrs.objectstore.gov.bc.ca/wrfdel/calpuff/3ddat/201901/d06/1003/x101y031x108y040.201901.10x10.d06.m3d
x101y041x108y050.201901.10x10.d06.m3d,2019,1,d06,1004,101,41,108,50,49.29499817,-121.8981018,49.4034996,-121.7722015,https://nrs.objectstore.gov.bc.ca/wrfdel/calpuff/3ddat/201901/d06/1004/x101y041x108y050.201901.10x10.d06.m3d
x101y051x108y060.201901.10x10.d06.m3d,2019,1,d06,1005,101,51,108,60,49.41429901,-121.9008026,49.52289963,-121.774498,https://nrs.objectstore.gov.bc.ca/wrfdel/calpuff/3ddat/201901/d06/1005/x101y051x108y060.201901.10x10.d06.m3d
x101y061x108y070.201901.10x10.d06.m3d,2019,1,d06,1006,101,61,108,70,49.53369904,-121.9035034,49.64220047,-121.7769012,https://nrs.objectstore.gov.bc.ca/wrfdel/calpuff/3ddat/201901/d06/1006/x101y061x108y070.201901.10x10.d06.m3d
x101y071x108y080.201901.10x10.d06.m3d,2019,1,d06,1007,101,71,108,80,49.65299988,-121.9061966,49.76160049,-121.7791977,https://nrs.objectstore.gov.bc.ca/wrfdel/calpuff/3ddat/201901/d06/1007/x101y071x108y080.201901.10x10.d06.m3d
x101y081x108y090.201901.10x10.d06.m3d,2019,1,d06,1008,101,81,108,90,49.7723999,-121.9088974,49.8810997,-121.781601,https://nrs.objectstore.gov.bc.ca/wrfdel/calpuff/3ddat/201901/d06/1008/x101y081x108y090.201901.10x10.d06.m3d
x101y091x108y100.201901.10x10.d06.m3d,2019,1,d06,1009,101,91,108,100,49.89179993,-121.9115982,50.00049973,-121.7839966,https://nrs.objectstore.gov.bc.ca/wrfdel/calpuff/3ddat/201901/d06/1009/x101y091x108y100.201901.10x10.d06.m3d
x101y101x108y102.201901.10x10.d06.m3d,2019,1,d06,1010,101,101,108,102,50.01129913,-121.9143982,50.0243988,-121.7845001,https://nrs.objectstore.gov.bc.ca/wrfdel/calpuff/3ddat/201901/d06/1010/x101y101x108y102.201901.10x10.d06.m3d
